district_area_id,district_area_name,mission_count_all,mission_count_ems,mission_count_ems_critical,mission_count_ems_critical_cpr,mission_count_fire,mission_count_technical_rescue,mission_count_ems_critical_timegoal_computed,mission_count_fire_timegoal_computed,mission_count_ems_critical_timegoal_reached,mission_count_fire_timegoal_reached,response_time_ems_critical_mean,response_time_ems_critical_median,response_time_ems_critical_std,response_time_ems_critical_cpr_mean,response_time_ems_critical_cpr_median,response_time_ems_critical_cpr_std,response_time_fire_time_to_first_pump_mean,response_time_fire_time_to_first_pump_median,response_time_fire_time_to_first_pump_std,response_time_fire_time_to_first_ladder_mean,response_time_fire_time_to_first_ladder_median,response_time_fire_time_to_first_ladder_std,response_time_fire_time_to_full_crew_mean,response_time_fire_time_to_full_crew_median,response_time_fire_time_to_full_crew_std,response_time_technical_rescue_mean,response_time_technical_rescue_median,response_time_technical_rescue_std,source_year,planning_room_id,planning_room_name,prediction_area_id,prediction_area_name
11001.0,Tiergarten Süd,3166,2394,2071,39,253,150,1847,166,1132,141,580.65,552.0,183.18,509.46,517.0,114.81,629.06,621.0,135.42,740.8,730.0,132.33,802.23,772.43,168.89,823.14,744.5,301.66,2020,,,,
11002.0,Regierungsviertel,3581,3084,2665,41,302,161,2415,196,1510,159,597.34,564.0,179.38,545.09,537.5,137.66,622.86,604.0,135.71,747.37,729.0,128.41,891.5,760.81,1369.09,870.36,806.0,326.23,2020,,,,
11003.0,Alexanderplatz,11231,9298,8048,145,635,351,7220,367,4890,317,566.76,530.0,191.87,476.46,451.5,133.21,559.95,547.0,133.77,698.45,668.0,142.83,746.29,713.08,157.31,923.35,862.5,418.63,2020,,,,
11004.0,Brunnenstraße Süd,2342,2089,1762,34,108,110,1591,56,1042,50,577.25,542.0,189.33,456.0,447.5,91.16,529.91,519.5,81.83,638.71,613.0,149.09,750.88,717.9,221.27,943.73,831.0,440.28,2020,,,,
12005.0,Moabit West,5188,4705,3829,78,220,206,3458,71,2026,65,594.38,570.0,181.76,527.95,476.5,159.39,567.39,546.0,168.29,672.3,648.5,147.5,783.53,691.07,542.88,737.84,646.0,325.49,2020,,,,
12006.0,Moabit Ost,6812,6213,5254,93,308,226,4732,170,3058,144,577.79,538.0,193.47,468.87,463.5,83.68,540.04,517.5,146.66,687.16,660.0,152.29,764.82,742.98,167.46,796.15,694.0,338.67,2020,,,,
13007.0,Osloer Straße,4953,4414,3568,63,164,160,3260,57,1569,48,649.98,609.0,203.47,537.56,510.5,141.71,594.75,583.0,144.84,791.67,735.0,241.67,793.77,750.42,191.92,1018.88,965.0,421.41,2020,,,,
13008.0,Brunnenstraße Nord,5904,5392,4432,87,216,229,4026,84,2530,66,582.99,537.0,207.68,457.6,457.0,100.69,568.37,549.0,153.8,707.04,660.0,197.42,809.53,777.77,199.76,877.65,691.0,462.49,2020,,,,
14009.0,Parkviertel,7337,5665,4678,114,235,231,4229,95,2382,82,601.33,571.0,194.0,499.02,472.0,130.7,571.0,549.0,141.0,763.56,762.0,171.77,797.49,747.66,220.35,864.07,830.0,374.16,2020,,,,
14010.0,Wedding Zentrum,7755,6979,5722,140,195,251,5204,64,3285,61,584.39,544.0,200.88,457.6,444.0,113.54,549.47,512.0,161.48,714.2,708.5,147.34,740.13,735.87,106.19,884.58,820.5,373.22,2020,,,,
21001.0,Südliche  Friedrichstadt,6570,5887,4880,115,345,263,4343,148,3165,134,545.57,513.0,170.01,456.71,444.0,112.16,553.02,524.5,169.53,701.54,659.0,195.48,728.41,709.77,162.36,757.54,659.0,338.91,2020,,,,
22002.0,Tempelhofer Vorstadt,7234,5995,5098,116,326,298,4592,160,3217,135,553.67,523.0,165.22,461.63,460.5,109.65,552.83,537.0,153.99,733.31,710.0,158.53,760.0,735.29,159.75,745.66,642.5,314.51,2020,,,,
23003.0,Nördliche Luisenstadt,2938,2654,2212,46,143,106,1948,48,1519,44,521.61,484.0,174.17,405.47,412.0,94.41,531.68,469.5,195.02,622.92,549.0,219.58,664.82,608.27,168.19,732.85,645.5,319.22,2020,,,,
23004.0,Südliche Luisenstadt,3154,2836,2369,46,157,118,2047,35,1516,29,529.62,491.0,180.83,415.5,407.5,91.08,495.88,459.0,161.22,640.25,654.0,192.36,723.89,679.14,206.95,820.06,704.0,395.67,2020,,,,
24005.0,Karl-Marx-Allee Nord,3405,2768,2313,58,95,88,2068,36,1448,35,562.26,528.0,185.51,481.53,453.0,110.97,590.04,543.0,159.35,736.05,699.0,174.75,713.83,698.09,172.22,929.52,775.0,447.2,2020,,,,
24006.0,Karl-Marx-Allee Süd,4534,4197,3590,82,190,117,3200,97,2425,84,522.81,481.0,186.11,441.23,419.0,118.27,541.2,496.0,177.85,602.99,592.0,146.53,716.57,669.02,206.14,895.05,810.5,448.11,2020,,,,
25007.0,Frankfurter Allee Nord,2795,2495,2106,38,158,104,1887,28,1178,25,599.01,562.0,191.24,473.9,465.0,109.93,596.27,550.0,131.57,727.52,733.5,142.37,731.52,712.21,135.97,943.21,842.5,410.75,2020,,,,
25008.0,Frankfurter Allee Süd FK,5280,4747,4076,81,265,190,3632,77,2399,64,573.75,542.5,183.67,483.73,462.0,123.24,580.72,552.0,172.82,678.27,631.5,189.36,744.7,723.91,183.66,949.62,828.5,428.52,2020,,,,
31001.0,Buch,2864,2418,1990,51,102,74,1597,36,800,12,653.82,600.0,222.41,571.68,561.0,108.5,782.87,746.0,235.04,828.74,811.5,171.01,944.2,934.01,136.03,935.83,882.0,286.41,2020,,,,
32002.0,Blankenfelde/Niederschönhausen,2764,2580,2112,48,52,97,1851,16,564,15,721.4,679.0,221.3,586.76,534.0,209.65,595.75,558.0,163.54,693.83,688.0,124.0,720.47,725.44,94.31,794.75,715.0,320.57,2020,,,,
32003.0,Buchholz,1693,1602,1318,25,27,51,1152,10,424,9,714.9,656.0,236.82,533.62,534.0,67.57,601.77,580.0,111.92,822.69,747.0,202.66,780.69,779.6,130.78,827.05,765.0,303.13,2020,,,,
33004.0,Karow,1595,1493,1243,25,32,39,1008,9,541,8,630.61,582.5,224.81,577.29,502.0,212.36,706.05,650.5,209.95,890.86,841.5,182.32,825.1,837.66,91.31,812.62,735.0,389.3,2020,,,,
33005.0,Blankenburg/Heinersdorf/Märchenland,2008,1848,1525,37,71,65,1354,25,606,21,674.38,624.0,212.59,597.63,583.0,179.6,575.72,571.0,121.42,683.52,622.0,177.07,812.69,686.61,461.24,841.11,738.5,269.26,2020,,,,
34006.0,Schönholz/Wilhelmsruh/Rosenthal,1922,1776,1457,31,54,69,1262,19,332,16,723.95,694.0,198.99,592.43,616.5,128.79,645.68,629.0,168.04,791.0,761.0,184.32,890.98,799.6,393.15,886.42,788.0,336.41,2020,,,,
34007.0,Pankow Zentrum,4131,3575,2951,53,104,130,2635,30,1233,26,658.87,617.0,224.39,525.21,521.0,96.62,556.58,543.0,116.35,718.6,650.0,184.25,720.55,682.58,144.77,811.45,723.0,367.52,2020,,,,
34008.0,Pankow Süd,3580,3319,2749,56,131,99,2445,49,1161,39,643.75,610.0,191.05,543.78,544.0,133.32,647.83,595.0,234.05,765.11,720.0,182.33,780.38,764.95,158.11,922.06,906.0,386.68,2020,,,,
35009.0,Weißensee,3812,3177,2643,59,102,186,2362,38,1375,31,602.43,568.0,196.01,471.55,467.0,86.91,547.69,531.0,173.03,622.91,604.0,160.72,791.28,730.5,183.56,717.55,677.0,248.01,2020,,,,
35010.0,Weißensee Ost,2211,1843,1538,31,53,44,1379,26,790,22,610.03,572.0,193.31,485.42,468.0,83.02,582.87,557.0,144.67,589.11,569.0,146.11,742.34,716.94,147.65,691.25,583.0,262.04,2020,,,,
36011.0,Prenzlauer Berg Nordwest,2568,2308,1943,41,113,109,1726,33,848,27,629.83,603.0,194.31,510.28,530.0,104.4,630.92,610.0,176.13,735.9,659.0,244.7,794.31,718.02,223.07,922.96,737.0,430.8,2020,,,,
36012.0,Prenzlauer Berg Nord,2549,2309,1955,32,101,108,1754,38,965,30,613.83,584.0,186.97,554.28,534.0,103.48,601.61,592.5,102.97,724.19,668.0,204.54,822.56,772.25,202.24,918.27,794.0,387.84,2020,,,,
36013.0,Helmholtzplatz,1341,1177,966,18,76,66,862,26,500,23,588.11,562.0,163.42,528.15,546.0,107.88,539.69,522.5,91.28,634.45,569.0,184.47,732.19,740.46,107.24,930.37,968.0,370.55,2020,,,,
36014.0,Prenzlauer Berg Ost,4122,3813,3241,67,145,137,2907,54,1546,49,614.91,590.0,172.72,526.79,518.0,122.98,614.77,611.5,119.65,734.41,694.0,162.98,758.62,738.94,113.71,905.04,895.5,310.03,2020,,,,
37015.0,Prenzlauer Berg Südwest,1873,1668,1378,10,89,86,1218,36,794,35,565.37,537.0,181.06,389.25,385.0,86.3,531.1,520.0,94.01,606.04,581.0,147.95,696.03,693.62,86.9,1025.32,1138.5,448.5,2020,,,,
37016.0,Prenzlauer Berg Süd,2255,2058,1683,40,78,83,1523,36,922,35,598.23,569.0,173.52,535.38,536.5,95.6,593.45,585.0,111.62,771.1,702.0,213.01,693.0,666.04,98.69,891.31,794.0,344.18,2020,,,,
41001.0,Charlottenburg Nord,2930,2681,2171,43,95,113,1967,30,1116,21,608.85,571.0,203.59,493.21,450.0,113.49,609.58,596.5,164.13,846.35,823.0,191.55,840.74,816.06,119.01,735.17,652.5,342.32,2020,,,,
42002.0,Heerstraße,1826,1527,1297,32,64,72,1176,22,314,15,721.8,686.0,208.85,622.69,582.0,186.48,791.03,718.5,226.87,874.7,789.5,223.51,863.28,814.46,170.74,1004.97,983.5,290.46,2020,,,,
42003.0,Westend,4243,3462,2884,74,157,192,2614,64,1541,57,596.84,567.0,187.46,508.82,497.5,120.85,610.1,580.0,154.47,726.12,705.0,166.43,799.57,782.68,141.92,817.53,739.5,300.38,2020,,,,
43004.0,Schloss Charlottenburg,5039,4383,3679,65,153,225,3346,56,2372,49,540.0,500.0,194.07,411.51,394.0,90.48,552.82,514.0,168.96,699.05,682.5,222.88,735.92,715.64,155.15,740.69,671.5,325.39,2020,,,,
43005.0,Mierendorffplatz,1707,1520,1256,17,77,102,1148,30,822,27,563.84,527.0,168.47,439.2,444.0,54.06,601.93,555.5,215.92,710.29,664.0,223.55,698.48,680.17,127.76,765.45,696.0,287.1,2020,,,,
43006.0,Otto-Suhr-Allee/Kantstraße,6450,5841,4878,131,286,265,4384,153,3203,143,547.02,509.0,179.56,452.46,452.0,83.22,564.35,542.5,131.7,667.19,649.5,128.35,714.3,694.36,144.46,792.4,744.5,300.39,2020,,,,
44007.0,Grunewald,2379,1948,1663,40,79,110,1508,20,592,15,660.24,639.5,183.37,569.09,538.0,123.61,709.31,613.0,260.86,813.89,763.0,224.79,844.82,764.52,254.11,982.55,968.0,311.96,2020,,,,
44008.0,Schmargendorf,3717,3488,2885,61,92,99,2593,34,1236,30,633.35,607.0,170.27,564.11,549.5,115.7,657.27,628.0,151.36,701.83,693.5,121.91,779.29,778.58,122.95,956.08,957.0,300.97,2020,,,,
45009.0,Halensee,3141,2886,2426,65,88,127,2175,48,1473,43,568.31,527.0,179.37,532.59,487.0,147.18,549.25,517.0,121.42,678.54,629.0,200.19,734.23,710.39,209.19,828.44,756.0,318.27,2020,,,,
45010.0,Lietzenburger Straße,6511,5888,5003,130,332,237,4443,200,3152,184,545.22,513.0,177.24,465.88,467.0,88.48,563.18,541.0,159.27,676.23,658.0,149.06,729.21,697.47,235.03,748.99,640.0,304.25,2020,,,,
45011.0,Volkspark Wilmersdorf,5630,4863,4081,94,168,200,3636,85,2655,81,538.72,499.0,178.41,458.64,456.5,97.23,511.11,491.0,132.95,632.05,607.0,160.26,689.79,679.94,122.32,845.25,671.0,400.68,2020,,,,
51001.0,Hakenfelde,3319,3002,2494,57,107,100,2264,49,1025,23,671.65,617.5,215.05,580.69,562.0,122.15,694.68,659.5,163.18,786.94,722.0,178.94,961.6,906.75,174.44,1008.68,959.5,317.79,2020,,,,
51002.0,Falkenhagener Feld,5533,4803,3958,95,148,168,3547,50,2008,32,614.69,579.0,176.23,561.44,537.0,131.76,687.28,659.5,175.74,855.32,803.0,253.33,931.07,813.8,354.1,882.5,756.0,332.08,2020,,,,
51003.0,Spandau Mitte,6126,5425,4549,96,171,205,4139,79,2767,70,563.29,528.0,183.98,485.18,464.5,108.75,592.68,551.0,177.77,633.18,596.5,166.28,753.78,724.65,141.22,896.65,817.0,366.93,2020,,,,
52004.0,Brunsbütteler Damm,2589,2379,1945,58,102,76,1710,39,669,23,675.96,647.0,207.77,592.15,613.0,134.54,755.92,731.0,130.02,857.2,832.0,133.74,893.5,855.9,172.06,1002.31,1006.5,238.65,2020,,,,
52005.0,Heerstraße,4205,3885,3189,54,122,160,2817,62,862,47,684.35,654.0,171.14,599.26,582.0,119.01,718.42,700.0,107.51,744.39,722.5,97.7,867.5,834.05,160.28,971.72,914.5,306.0,2020,,,,
52006.0,Wilhelmstadt,5324,4907,4118,88,134,225,3690,43,2673,35,554.56,514.0,191.29,465.11,433.5,130.47,567.7,567.0,125.28,661.01,624.5,163.43,785.36,719.96,235.53,890.78,766.0,386.08,2020,,,,
53007.0,Haselhorst,2170,1989,1656,32,70,90,1491,37,819,26,603.76,575.0,214.07,490.83,480.0,154.56,719.39,680.5,200.71,790.94,781.0,153.34,827.68,800.19,126.38,925.73,912.0,341.29,2020,,,,
53008.0,Siemensstadt,1797,1590,1322,34,102,85,1206,44,800,32,575.9,518.5,197.32,460.83,442.0,90.13,688.7,647.5,218.74,839.17,832.0,196.47,906.65,863.83,163.35,750.69,654.5,291.02,2020,,,,
54009.0,Gatow/Kladow,1867,1461,1213,32,58,78,937,21,480,4,647.89,596.0,230.69,587.39,556.0,178.77,694.88,734.0,176.17,1035.95,1079.0,129.82,1212.83,1076.45,689.91,1014.21,931.0,395.98,2020,,,,
61001.0,Schloßstraße,2761,2533,2071,50,116,98,1849,48,1146,37,577.37,548.0,170.87,502.54,488.0,99.9,576.93,548.0,153.21,727.34,724.0,147.09,867.01,784.72,316.78,907.29,744.0,392.07,2020,,,,
61002.0,Albrechtstraße,4801,4465,3643,99,125,162,3221,30,2068,28,569.11,544.0,177.71,466.1,461.0,106.51,589.74,573.5,159.63,727.78,695.0,198.45,768.99,760.02,160.46,825.23,709.0,352.94,2020,,,,
62003.0,Lankwitz,4785,4342,3607,90,105,123,3202,24,1891,18,606.18,571.0,179.92,543.81,516.0,132.89,694.56,651.5,193.98,768.6,737.5,163.56,871.32,803.86,189.18,828.28,764.0,276.92,2020,,,,
62004.0,Ostpreußendamm,4149,3746,3114,79,81,119,2723,30,1218,16,648.6,622.0,197.98,544.56,564.0,115.17,672.77,627.5,177.97,804.95,781.0,235.46,913.97,859.92,171.3,789.93,725.0,284.1,2020,,,,
63005.0,Teltower Damm,3695,3219,2761,74,78,130,2437,13,1090,7,669.27,626.0,225.93,546.78,538.5,117.49,661.31,616.0,210.78,657.18,652.0,123.35,886.33,850.78,133.54,727.46,646.5,311.94,2020,,,,
63006.0,Drakestraße,4756,3984,3262,96,135,131,2902,72,1545,53,629.68,590.0,187.97,540.64,555.0,86.27,634.64,602.0,149.43,735.7,706.5,155.97,841.18,810.28,227.94,824.34,723.0,316.28,2020,,,,
64007.0,Zehlendorf Südwest,3517,2853,2426,55,127,166,2060,22,882,8,679.05,624.0,234.68,588.03,552.0,102.77,702.93,644.0,261.07,1026.71,928.0,341.41,1087.85,1038.85,314.53,788.51,741.5,291.08,2020,,,,
64008.0,Zehlendorf Nord,4275,3739,3180,82,162,147,2854,59,1249,46,668.55,629.0,216.16,553.78,518.0,210.5,694.58,652.0,192.63,748.38,720.0,161.73,827.44,794.63,147.05,856.86,776.0,355.49,2020,,,,
71001.0,Schöneberg Nordwest,3854,3562,2960,71,111,147,2661,64,1824,61,564.55,535.0,161.81,482.43,469.5,79.7,598.2,588.0,157.36,716.28,688.0,184.59,760.38,711.35,329.92,792.27,725.5,275.13,2020,,,,
71002.0,Schöneberg Nordost,2406,2211,1812,38,84,79,1633,37,1173,36,561.83,520.0,170.98,498.61,472.0,88.94,534.12,523.5,82.04,676.8,632.0,185.94,694.18,686.74,89.13,794.96,714.0,291.63,2020,,,,
72003.0,Schöneberg Südwest,2179,1980,1638,35,69,99,1449,33,1103,29,538.88,507.0,161.34,488.54,448.0,153.1,562.48,525.0,142.36,642.32,587.0,177.79,707.27,653.4,188.72,867.92,775.0,333.04,2020,,,,
72004.0,Schöneberg Südost,3353,3048,2570,48,121,148,2293,55,1719,49,526.97,487.0,182.41,459.64,453.0,129.24,557.33,523.0,182.65,672.29,655.0,143.95,743.1,700.99,174.23,799.41,687.5,360.0,2020,,,,
73005.0,Friedenau West,1964,1802,1490,30,55,90,1334,25,907,24,558.96,529.0,169.32,500.91,511.0,114.7,607.24,591.0,104.0,729.83,705.0,195.72,729.53,706.99,100.03,826.27,757.0,317.89,2020,,,,
73006.0,Friedenau Ost,2464,1727,1402,38,85,86,1259,37,818,35,584.26,545.0,188.74,499.91,469.5,114.15,586.34,562.0,135.7,647.36,621.0,111.53,709.85,683.29,104.61,875.94,878.0,339.88,2020,,,,
74007.0,Tempelhof Nord,2616,1887,1602,35,68,62,1462,20,965,15,583.08,533.0,205.81,481.46,475.0,82.85,636.03,601.5,157.85,706.34,690.0,142.73,790.48,758.12,161.24,874.17,785.5,341.24,2020,,,,
74008.0,Tempelhof Südwest,3856,3568,2938,70,118,140,2667,46,1776,39,558.5,525.0,180.79,452.3,451.0,103.2,605.89,575.0,135.61,746.27,721.0,184.74,829.41,764.17,306.23,947.92,845.5,415.77,2020,,,,
74009.0,Tempelhof Südost,2598,2051,1680,42,99,126,1534,43,1010,34,558.65,528.5,184.35,466.65,427.0,130.04,606.48,582.0,156.54,709.95,707.0,121.36,770.93,742.91,152.6,958.28,844.0,395.57,2020,,,,
75010.0,Mariendorf Nord,3743,3509,2918,72,85,110,2630,22,1668,19,580.53,546.0,181.39,491.03,478.0,110.13,622.33,595.0,125.3,731.66,695.0,123.7,787.74,771.36,127.58,967.73,810.5,413.08,2020,,,,
75011.0,Mariendorf Süd,2804,2626,2202,48,70,79,2000,14,1308,10,575.22,534.0,185.59,454.78,443.0,93.4,627.64,557.0,213.77,751.13,661.0,332.47,822.96,770.16,174.47,767.78,615.5,377.4,2020,,,,
76012.0,Marienfelde Nord,1999,1849,1496,32,78,59,1319,26,787,8,608.58,564.0,193.75,524.15,516.5,161.07,737.51,602.0,306.44,878.55,857.5,200.03,1006.62,968.36,235.92,807.1,749.5,308.18,2020,,,,
76013.0,Marienfelde Süd,2089,1926,1599,44,66,66,1434,30,707,10,641.32,602.5,178.41,553.69,553.0,111.57,766.02,749.0,170.98,850.4,818.0,152.45,963.71,947.81,164.77,865.91,806.0,295.06,2020,,,,
76014.0,Lichtenrade Nord,1975,1872,1526,36,35,51,1326,7,597,2,652.72,620.5,200.19,596.44,579.5,148.57,660.11,667.5,120.23,906.0,890.5,245.32,1012.69,944.77,219.06,910.03,837.5,290.11,2020,,,,
76015.0,Lichtenrade Süd,3324,3130,2593,70,77,82,2163,30,1004,6,660.51,617.0,221.09,592.73,581.0,151.86,694.47,702.0,137.42,913.6,872.5,144.86,1061.49,969.56,238.44,953.74,917.5,273.34,2020,,,,
81001.0,Schillerpromenade,4148,3812,3193,62,144,146,2884,63,1866,59,572.86,536.0,195.74,442.77,424.0,104.8,563.69,532.5,166.42,630.32,572.0,193.43,698.98,683.78,114.8,862.97,759.5,367.62,2020,,,,
81002.0,Neuköllner Mitte/Zentrum,5392,4877,3954,89,250,198,3588,112,2371,94,558.74,520.0,208.8,427.38,398.5,118.9,521.28,504.0,132.84,587.99,550.0,187.44,752.93,719.13,170.08,823.73,685.5,396.86,2020,,,,
81003.0,Reuterstraße,4660,4225,3480,84,202,182,3107,68,1957,62,595.1,555.0,178.18,457.72,468.0,78.34,563.46,544.0,146.03,683.72,646.0,160.87,726.02,687.89,155.74,888.24,785.5,360.7,2020,,,,
81004.0,Rixdorf,4796,4428,3643,84,168,158,3299,62,1908,58,593.75,570.0,188.63,463.7,467.0,91.07,587.61,575.0,127.45,629.28,624.0,159.71,754.19,725.79,169.53,920.53,949.0,354.77,2020,,,,
81005.0,Köllnische Heide,2466,2239,1805,36,90,102,1682,27,754,24,649.58,614.5,171.14,559.1,548.0,99.24,592.77,573.0,120.44,655.67,606.0,180.09,766.94,721.66,166.93,882.83,832.0,293.44,2020,,,,
82006.0,Britz Nord,2867,2606,2156,57,133,100,1952,49,1196,41,597.16,553.0,185.6,510.67,492.0,167.31,583.74,574.0,144.06,686.86,633.5,221.51,780.25,755.51,155.93,878.81,684.0,424.27,2020,,,,
82007.0,Britz,3283,3049,2582,67,96,98,2366,34,1248,29,621.91,587.0,190.21,494.41,502.0,89.45,633.36,599.5,167.15,781.86,700.0,249.62,783.81,741.86,150.11,918.66,825.5,336.56,2020,,,,
82008.0,Buckow,2923,2740,2262,51,69,76,2030,17,801,10,673.21,637.0,179.73,549.41,560.0,113.69,726.41,700.0,180.0,874.04,838.5,213.21,910.36,868.77,128.03,856.85,806.5,279.4,2020,,,,
83009.0,Gropiusstadt West,2720,2559,2050,60,80,61,1811,27,1089,19,600.25,532.0,226.26,459.15,442.5,91.47,690.57,675.5,276.64,839.26,802.0,211.7,871.49,859.9,103.9,665.73,547.5,258.53,2020,,,,
83010.0,Gropiusstadt Ost,2648,2490,1972,41,86,48,1793,23,1075,21,611.58,560.0,205.99,534.06,524.0,147.93,582.34,547.5,124.35,827.23,823.0,127.35,808.79,791.43,88.24,873.0,783.5,383.45,2020,,,,
84011.0,Buckow Nord,2097,1153,929,28,53,36,844,40,554,34,562.73,508.0,220.74,425.5,418.5,87.33,601.25,593.0,145.43,698.09,662.5,165.35,781.53,780.16,107.69,731.11,686.0,337.86,2020,,,,
84012.0,Rudow,4567,4300,3491,105,108,107,3053,36,1709,29,613.04,574.0,196.7,530.38,528.5,123.25,620.58,600.5,167.78,796.34,786.5,136.68,793.79,755.43,161.79,819.84,778.0,327.37,2020,,,,
91001.0,Alt-Treptow,1695,1543,1351,26,75,58,1215,27,570,25,644.22,612.0,178.98,531.96,494.0,153.75,644.05,600.0,145.15,750.83,710.0,184.62,732.33,702.77,120.59,1079.12,1105.0,358.48,2020,,,,
91002.0,Plänterwald,1439,1311,1097,25,55,54,1019,32,201,24,712.12,684.0,164.99,648.18,652.5,67.76,677.54,648.0,121.26,744.03,714.5,129.75,812.48,771.79,176.09,1031.4,1007.0,248.56,2020,,,,
91003.0,Baumschulenweg,2583,2409,1977,49,58,82,1818,24,834,21,650.24,612.0,186.5,549.31,523.5,94.1,581.47,569.0,121.87,732.0,727.0,149.61,749.23,749.64,117.23,840.92,754.0,319.56,2020,,,,
91004.0,Johannisthal,2440,2271,1891,45,85,66,1709,24,1076,24,581.16,546.0,191.08,466.67,457.0,105.72,562.11,514.0,216.91,681.48,615.5,294.85,650.8,666.71,85.56,685.25,584.0,270.57,2020,,,,
92005.0,Oberschöneweide,3112,2854,2333,54,106,110,2118,33,979,27,653.61,613.5,193.91,569.65,521.0,154.14,677.06,645.0,202.5,696.91,660.5,136.1,769.0,733.31,170.86,804.88,733.0,312.95,2020,,,,
92006.0,Niederschöneweide,2183,2036,1711,36,49,73,1566,12,827,11,619.02,588.5,189.99,491.12,433.5,128.34,603.95,605.0,173.11,704.2,671.5,219.03,727.16,747.29,117.25,742.12,698.0,218.17,2020,,,,
92007.0,Adlershof,2444,2232,1838,24,94,94,1655,46,771,39,628.45,611.0,167.26,546.2,558.5,83.69,592.75,602.5,78.56,683.63,667.0,98.64,766.02,733.55,150.38,816.7,788.0,211.43,2020,,,,
92008.0,Köllnische Vorstadt/Spindlersfeld,1252,1150,979,18,33,50,874,7,539,5,593.85,560.5,183.37,522.93,525.0,148.4,611.52,561.0,245.84,766.78,705.0,316.11,838.8,796.83,205.37,728.53,666.0,251.11,2020,,,,
93009.0,Altglienicke,2753,2581,2093,52,67,69,1806,21,660,12,685.57,653.0,198.91,604.23,618.5,119.4,685.12,675.0,193.47,964.52,936.0,194.72,883.46,849.96,122.76,854.7,801.0,309.18,2020,,,,
93010.0,Bohnsdorf,1616,1246,1029,29,48,43,863,22,419,5,641.95,609.0,210.5,547.0,495.0,182.29,788.94,702.5,238.77,927.91,915.0,164.9,1046.15,985.65,228.28,895.18,943.0,168.06,2020,,,,
93011.0,Grünau,849,792,665,19,18,33,595,5,328,2,621.18,584.0,188.61,612.08,548.0,220.63,694.11,659.0,103.69,801.62,810.0,165.81,1011.15,945.59,270.21,862.73,780.5,275.82,2020,,,,
93012.0,Schmöckwitz,499,450,371,5,12,33,303,2,36,0,843.15,827.0,237.15,767.0,767.0,91.92,835.43,891.0,130.88,996.5,996.5,53.03,998.92,998.92,10.16,993.11,903.0,460.66,2020,,,,
94013.0,Köpenick Süd,1417,1330,1111,20,25,49,982,6,264,4,716.29,690.0,190.35,638.73,661.0,83.98,928.83,812.5,266.91,889.67,818.5,310.67,904.09,803.5,252.3,1080.27,959.0,386.0,2020,,,,
94014.0,Allende-Viertel,1970,1577,1335,36,35,28,1191,12,592,5,627.06,603.0,206.41,538.65,530.0,136.11,752.33,730.0,100.17,821.52,770.0,158.56,987.4,939.98,234.06,1041.17,980.0,410.76,2020,,,,
94015.0,Altstadt Köpenick,1029,969,802,6,19,29,730,3,425,2,604.78,571.0,175.57,514.67,504.0,96.23,634.78,609.0,106.08,661.58,601.0,146.99,818.56,776.0,114.17,923.39,813.0,310.09,2020,,,,
94016.0,Müggelheim,593,546,440,14,16,28,350,7,123,0,757.12,718.5,263.18,621.0,529.5,192.92,786.67,776.0,135.11,1148.0,1145.0,148.09,1494.01,1482.03,249.84,864.92,752.0,478.45,2020,,,,
95017.0,Friedrichshagen,2433,2311,1952,44,43,60,1640,10,767,1,643.49,615.0,215.11,572.64,569.0,183.13,700.83,728.0,190.76,1069.86,1031.0,277.74,1192.35,1125.65,331.21,890.94,858.0,342.69,2020,,,,
95018.0,Rahnsdorf,955,878,740,29,27,33,545,5,262,0,675.52,606.0,255.39,584.14,522.5,238.6,769.71,748.5,178.75,1300.83,1271.5,80.6,1471.22,1352.83,357.03,727.52,697.0,181.81,2020,,,,
95019.0,Dammvorstadt,1687,1546,1292,33,45,85,1123,10,412,3,671.93,640.0,172.8,575.7,598.0,154.6,810.0,773.0,147.24,867.33,801.0,199.92,1116.83,1005.41,319.52,1030.11,932.0,359.43,2020,,,,
95020.0,Köpenick Nord,1549,1470,1234,27,28,38,1122,6,95,1,787.18,758.5,184.91,712.92,718.0,202.16,865.08,824.5,115.97,1000.0,949.0,248.68,1151.65,1131.04,268.4,1104.12,1059.0,319.3,2020,,,,
101001.0,Marzahn Nord,3001,2820,2311,55,82,68,2052,25,490,9,716.04,691.0,181.0,603.7,592.5,136.1,722.6,775.5,157.8,856.62,800.0,168.13,989.05,972.96,204.66,959.36,935.5,268.09,2020,,,,
101002.0,Marzahn Mitte,6551,6120,4958,107,175,193,4468,65,1852,51,662.33,626.0,192.83,567.91,549.0,135.66,631.25,629.0,150.32,733.9,686.0,179.87,870.92,818.04,388.86,904.71,842.0,355.84,2020,,,,
101003.0,Marzahn Süd,5292,4895,4062,94,174,171,3665,63,2101,50,611.87,576.0,200.25,508.85,492.5,122.33,599.37,585.0,126.28,655.83,627.5,182.13,788.77,746.13,219.23,816.54,710.0,391.02,2020,,,,
102004.0,Hellersdorf Nord,4783,4471,3664,58,137,142,3221,69,1286,52,687.43,639.0,208.69,574.04,559.0,84.48,639.05,607.0,201.01,743.14,710.0,165.42,830.8,792.96,176.32,875.93,818.0,298.22,2020,,,,
102005.0,Hellersdorf Ost,2410,2229,1792,32,111,46,1548,38,610,25,691.17,636.0,215.19,605.19,600.5,131.87,621.54,610.0,136.18,721.22,700.0,173.77,872.84,856.16,147.93,952.93,850.0,328.35,2020,,,,
102006.0,Hellersdorf Süd,2877,2701,2218,56,84,58,1951,23,1411,20,547.85,486.0,212.61,462.67,450.0,144.13,488.49,470.0,121.8,828.89,783.0,312.39,772.46,744.14,143.53,733.36,607.0,326.95,2020,,,,
103007.0,Biesdorf,3654,3102,2579,62,91,89,2348,36,1059,28,648.84,621.0,215.44,579.04,562.0,160.66,659.39,664.0,205.7,803.17,767.0,167.72,1124.42,775.63,1929.48,801.95,678.0,305.27,2020,,,,
104008.0,Kaulsdorf,1933,1496,1262,27,39,72,1107,7,508,5,663.31,621.0,212.6,533.1,506.0,178.68,679.73,636.0,204.45,869.38,803.0,295.06,928.83,838.61,200.15,839.0,757.5,313.91,2020,,,,
104009.0,Mahlsdorf,2221,2073,1743,26,48,75,1513,10,206,2,808.39,774.0,223.19,715.89,686.0,216.91,744.33,738.0,118.17,956.17,967.5,169.37,1073.09,1039.1,183.4,983.86,922.0,309.68,2020,,,,
111001.0,"Malchow, Wartenberg und Falkenberg",606,546,446,8,31,23,392,4,155,2,700.46,676.5,247.42,687.0,736.0,131.26,781.21,770.5,139.06,884.7,895.0,220.08,901.5,908.23,170.83,1053.95,901.0,479.68,2020,,,,
111002.0,Neu-Hohenschönhausen Nord,3566,3345,2713,52,102,80,2341,37,971,24,667.88,636.0,199.81,567.08,531.5,123.23,713.51,745.0,159.62,860.51,842.0,127.36,866.0,870.28,100.57,951.43,849.0,335.64,2020,,,,
111003.0,Neu-Hohenschönhausen Süd,3554,3329,2678,55,110,76,2350,29,770,16,691.32,650.0,182.78,593.07,554.0,151.43,722.08,690.0,115.82,843.12,806.0,126.3,902.47,880.22,143.08,940.25,935.0,235.04,2020,,,,
112004.0,Alt-Hohenschönhausen Nord,2160,2005,1622,29,78,57,1435,41,690,38,633.8,610.0,208.44,590.0,599.5,102.68,633.02,655.0,149.98,745.91,730.0,70.36,761.47,731.1,133.22,897.94,891.0,286.72,2020,,,,
112005.0,Alt-Hohenschönhausen Süd,3698,3458,2801,49,85,115,2557,37,1254,33,638.88,604.0,183.65,533.43,524.5,120.95,648.67,619.0,135.73,744.75,709.5,179.64,796.41,768.12,144.27,863.7,839.0,292.17,2020,,,,
113006.0,Fennpfuhl,4634,4389,3653,93,123,77,3341,59,1879,53,612.91,579.0,183.57,510.92,497.0,143.97,655.67,631.0,170.66,757.75,743.0,172.67,829.67,742.51,343.62,810.38,720.0,312.46,2020,,,,
113007.0,Alt-Lichtenberg,4949,4058,3515,73,289,131,3182,148,1888,122,597.1,562.0,189.75,495.33,471.0,139.43,602.89,579.0,159.98,726.89,712.5,163.9,799.98,778.47,150.55,926.22,772.0,420.51,2020,,,,
113008.0,Frankfurter Allee Süd,1519,1423,1214,26,34,55,1099,16,555,12,635.62,599.0,192.0,566.9,509.0,164.46,657.68,630.0,144.91,825.92,788.0,271.35,868.46,837.59,222.43,920.03,749.0,395.6,2020,,,,
114009.0,Neu-Lichtenberg,3409,3150,2607,59,129,87,2354,65,923,53,660.48,643.5,202.03,573.66,584.5,160.63,746.27,702.0,197.63,836.29,794.0,180.02,836.91,801.76,145.18,925.93,848.0,383.18,2020,,,,
114010.0,Friedrichsfelde Nord,2139,2011,1639,40,48,65,1494,14,438,12,698.4,669.5,195.54,646.56,626.5,118.75,667.38,670.0,67.64,785.82,705.0,148.98,783.2,743.99,112.64,998.17,847.0,419.53,2020,,,,
114011.0,Friedrichsfelde Süd,3495,3290,2688,47,89,77,2439,34,955,21,686.24,644.0,204.46,584.94,559.5,113.29,675.48,649.0,140.5,880.21,884.0,96.86,927.37,865.08,249.97,904.62,806.0,348.21,2020,,,,
115012.0,Rummelsburger Bucht,433,362,313,8,28,37,286,10,109,2,679.61,664.5,206.72,588.38,600.0,142.72,774.31,716.5,200.56,991.33,935.0,187.86,1133.83,1062.51,315.32,910.5,840.5,396.25,2020,,,,
115013.0,Karlshorst,2390,2233,1855,40,46,78,1629,10,761,5,661.27,618.0,230.72,527.74,506.0,130.44,655.48,590.0,217.51,897.43,893.0,150.59,969.45,897.11,261.31,841.45,722.0,401.94,2020,,,,
121001.0,Ost 1 - Reginhardstraße,3498,3246,2650,41,92,119,2377,42,889,35,668.29,641.0,175.77,586.33,585.5,98.8,672.11,648.0,207.47,756.95,727.0,145.16,757.66,741.05,120.62,833.5,791.0,290.14,2020,,,,
121002.0,Ost 2 - Alt-Reinickendorf,4007,3713,3058,62,129,125,2762,54,1439,48,627.99,593.0,180.98,529.84,526.0,99.42,597.49,566.0,123.57,730.74,709.0,161.55,755.49,731.82,112.7,808.67,701.0,335.8,2020,,,,
122003.0,West 4 - Auguste-Viktoria-Allee,3679,3388,2738,64,113,139,2501,46,1190,40,645.09,609.0,179.1,574.8,568.0,118.18,656.48,617.5,153.68,726.45,674.5,184.14,774.95,742.21,126.38,818.59,791.0,267.5,2020,,,,
122004.0,West 1 - Tegel-Süd/Flughafensee,2419,2188,1839,53,73,134,1658,18,941,12,587.58,565.5,251.23,516.31,497.5,112.59,628.64,548.0,219.19,755.73,751.0,261.39,882.02,862.15,140.16,929.61,897.5,355.77,2020,,,,
122005.0,West 5 - Tegel,2483,2214,1857,40,50,68,1651,12,1016,6,553.31,458.0,250.81,420.81,394.0,139.89,540.35,434.0,215.23,662.81,703.5,264.69,914.27,896.48,132.98,820.63,905.0,372.39,2020,,,,
124006.0,West 2 - Heiligensee/Konradshöhe,2220,2053,1750,55,46,97,1490,12,409,0,737.11,694.5,240.91,680.6,661.0,163.39,826.96,842.5,150.18,1026.78,1035.0,196.04,1182.56,1199.7,220.1,1066.33,1010.0,341.91,2020,,,,
124007.0,Nord 1 - Frohnau/Hermsdorf,3190,2746,2313,59,58,125,1884,11,987,5,635.72,590.0,221.89,579.4,562.0,138.76,659.11,622.5,151.55,930.2,880.0,228.69,924.07,915.75,98.17,930.9,840.0,389.55,2020,,,,
125008.0,West 3 - Borsigwalde/Freie Scholle,1812,1675,1386,27,56,62,1246,24,728,21,618.66,558.0,210.71,496.43,512.0,137.81,600.93,553.0,130.71,746.88,707.5,195.96,790.91,803.65,96.27,846.41,785.5,243.8,2020,,,,
125009.0,Nord 2 - Waidmannslust/Wittenau/Lübars,4662,4053,3363,69,105,127,2959,46,1596,36,624.69,583.0,217.03,525.09,479.5,173.57,663.85,642.5,174.68,801.32,741.0,233.12,812.74,780.23,170.56,756.42,676.0,280.46,2020,,,,
126010.0,Rollbergesiedlung,1186,1091,846,17,31,53,756,4,328,0,669.35,624.0,200.77,649.71,599.5,182.71,587.28,619.5,115.48,832.79,741.0,253.51,1026.5,1007.71,51.05,811.51,767.0,288.26,2020,,,,
126011.0,MV Nord,3833,3573,2877,66,124,67,2546,58,672,43,747.08,704.0,218.65,637.69,637.0,161.0,710.97,719.0,184.24,913.67,908.5,169.94,885.5,826.56,275.76,741.02,755.0,194.94,2020,,,,
126012.0,MV Süd,1513,1416,1133,22,40,38,1004,16,449,15,678.72,625.5,227.03,574.61,547.0,207.49,683.72,616.0,188.15,877.29,882.0,161.3,810.82,811.82,63.12,758.13,703.5,294.65,2020,,,,
,,622,364,322,6,45,22,282,23,176,20,580.8120567375887,544.0,184.75,527.6,538.0,112.59,575.4516129032259,585.0,137.72,711.4444444444445,686.0,141.53,761.6114782608695,698.096,139.61,744.7619047619048,674.0,259.21,2020,1100101.0,Stülerstraße,,
,,1106,858,768,11,158,86,684,112,378,91,609.9795321637426,580.5,190.38,521.375,538.5,62.08,636.0236220472441,625.0,129.5,768.1626016260162,754.0,133.84,826.8859642857142,797.9235,187.12,834.078947368421,759.5,310.92,2020,1100102.0,Großer Tiergarten,,
,,1007,794,666,19,27,21,601,19,402,18,549.2362728785358,529.0,168.74,506.10526315789474,511.0,138.81,647.0833333333334,641.0,120.5,680.8260869565217,684.0,93.04,742.7874736842106,753.543,73.92,779.3333333333334,739.5,292.13,2020,1100103.0,Lützowstraße,,
,,431,378,315,3,23,21,280,12,176,12,576.2678571428571,548.5,182.84,468.6666666666667,435.0,88.44,647.2631578947369,618.0,173.64,666.1875,662.0,85.08,744.1021666666669,738.5915,84.73,917.4117647058824,954.0,311.42,2020,1100104.0,Körnerstraße,,
,,658,555,469,1,56,38,430,36,265,28,601.5441860465116,567.0,181.22,,,,635.4883720930233,634.0,105.7,760.3265306122449,742.0,118.52,829.1300277777781,794.8734999999999,174.51,812.0,797.5,184.68,2020,1100205.0,Wilhelmstraße,,
,,1682,1425,1274,20,158,82,1150,111,709,86,600.4095652173913,569.0,180.28,545.0588235294117,499.0,172.03,621.3333333333334,603.0,154.07,753.3779527559055,729.0,137.97,812.2418378378378,771.006,155.74,910.2166666666668,936.0,367.45,2020,1100206.0,Unter den Linden,,
,,1241,1104,922,20,88,41,835,49,536,45,590.9449101796407,558.0,177.2,545.1333333333333,544.0,90.22,617.3709677419355,582.0,111.55,724.4590163934427,712.0,113.58,1116.8768367346938,705.313,2732.71,852.3103448275862,746.0,355.27,2020,1100207.0,Leipziger Straße,,
,,1930,998,861,16,125,58,749,86,448,71,586.5407209612817,547.0,210.53,525.5714285714286,493.0,130.83,565.5,546.0,108.88,721.62,698.5,144.28,787.7540232558135,769.5070000000001,177.83,1043.9761904761904,988.0,473.01,2020,1100308.0,Charitéviertel,,
,,1687,1360,1198,24,118,57,1087,63,693,54,591.2051517939283,558.0,183.66,529.8,494.0,132.5,586.563829787234,575.5,122.91,677.5952380952381,655.5,110.75,737.4809206349206,700.633,125.74,935.7916666666666,899.0,415.48,2020,1100309.0,Oranienburger Straße,,
,,4013,3683,3289,56,188,122,2954,111,2056,101,554.9925524712255,517.0,186.47,442.0,414.0,119.55,552.3287671232877,534.5,145.64,703.7619047619048,687.5,134.83,721.8661261261263,686.44,146.81,865.4148936170212,778.5,392.53,2020,1100310.0,Alexanderplatzviertel,,
,,1486,1330,1115,25,92,56,995,53,694,46,555.553768844221,518.0,204.4,458.0952380952381,447.0,154.67,547.741935483871,515.0,161.5,699.327868852459,677.0,143.58,745.5915094339622,723.74,145.79,1003.9777777777778,1037.0,469.09,2020,1100311.0,Karl-Marx-Allee,,
,,1109,1027,850,17,44,28,763,17,493,11,592.346002621232,541.0,208.1,497.1333333333333,482.0,99.15,549.0,550.0,128.26,756.375,717.5,189.36,801.2795882352941,760.427,215.11,883.0,845.0,396.73,2020,1100312.0,Heine-Viertel West,,
,,1006,900,735,7,68,30,672,37,506,34,544.4404761904761,516.5,156.56,482.1666666666667,449.0,182.67,539.9333333333333,508.0,127.98,642.625,579.0,165.05,713.9616216216216,713.083,154.87,791.2608695652174,767.0,264.9,2020,1100313.0,Heine-Viertel Ost,,
,,339,295,233,2,23,8,214,13,138,13,567.9252336448598,516.5,202.58,326.0,326.0,,521.0,501.0,92.24,645.4,640.0,123.0,660.0479230769231,655.204,59.93,1024.5,1071.5,426.85,2020,1100414.0,Nordbahnhof,,
,,1091,989,847,20,48,47,769,24,519,20,584.1040312093628,549.0,194.35,477.05882352941177,506.0,91.26,541.8684210526316,545.0,78.79,655.9428571428572,641.0,141.55,798.1772916666665,740.9735000000001,310.26,916.6153846153846,723.0,435.08,2020,1100415.0,Invalidenstraße,,
,,912,805,682,12,37,55,608,19,385,17,571.860197368421,541.0,177.7,433.2,426.0,82.66,521.84375,503.0,78.65,609.24,541.0,177.29,753.2753684210526,752.63,123.54,958.05,948.5,455.81,2020,1100416.0,Arkonaplatz,,
,,737,626,536,15,57,49,483,28,274,25,613.4057971014493,577.0,196.64,494.0769230769231,464.0,68.85,587.4102564102565,586.0,95.86,684.5,683.5,145.87,767.1891428571428,743.5419999999999,128.69,775.9487179487179,649.0,296.55,2020,1200517.0,Huttenkiez,,
,,810,744,604,14,26,27,553,11,319,11,599.499095840868,577.0,168.61,547.0,559.5,116.03,578.5,513.5,155.23,655.4117647058823,635.0,107.0,674.5921818181819,670.484,64.09,814.56,699.0,313.57,2020,1200518.0,Beusselkiez,,
,,903,839,676,11,24,31,615,8,304,7,622.1024390243903,602.0,176.46,593.3333333333334,539.0,234.1,602.8461538461538,548.0,169.92,725.0833333333334,739.5,171.67,710.74625,693.5519999999999,108.18,820.5357142857143,731.5,330.3,2020,1200519.0,Emdener Straße,,
,,977,880,730,19,64,27,648,10,387,8,594.158950617284,568.0,175.97,485.3571428571428,470.0,101.3,526.9473684210526,545.0,62.98,692.6521739130435,611.0,194.45,1165.6011999999998,681.5695000000001,1420.87,808.0416666666666,729.0,312.12,2020,1200520.0,Bremer Straße,,
,,621,576,444,6,17,21,405,6,259,6,574.1876543209877,547.0,174.87,446.8,461.0,108.2,493.7,440.0,114.47,632.5,654.0,111.91,652.5269999999999,627.5944999999999,74.61,582.9444444444445,484.0,286.76,2020,1200521.0,Zwinglistraße,,
,,1140,1040,839,13,32,51,754,8,483,8,566.8514588859416,541.5,189.25,597.4444444444445,545.0,266.1,571.6,439.0,357.16,603.0,582.0,65.81,683.9834999999999,688.742,75.96,619.4615384615385,489.0,342.01,2020,1200522.0,Elberfelder Straße,,
,,1228,1098,907,10,51,54,839,24,502,18,604.7377830750894,566.0,193.81,459.9,435.5,85.62,535.1463414634146,517.0,99.08,654.6571428571428,610.0,139.11,764.6986249999999,718.9649999999999,162.32,810.6744186046511,690.0,331.76,2020,1200623.0,Stephankiez,,
,,534,462,385,5,36,32,344,18,210,13,588.8662790697674,546.5,207.66,469.4,484.0,84.93,569.7333333333333,559.5,116.27,728.2,707.0,149.5,817.416388888889,770.6615,134.54,769.0,698.0,299.03,2020,1200624.0,Heidestraße,,
,,888,825,670,13,27,28,610,17,394,15,591.6754098360656,545.5,195.05,504.375,520.5,70.04,613.0,545.0,238.52,645.9473684210526,634.0,122.77,692.4463529411763,662.17,122.97,903.2727272727273,917.0,326.8,2020,1200625.0,Lübecker Straße,,
,,721,654,536,16,31,34,482,15,335,14,558.6307053941908,518.5,164.93,495.9375,492.0,92.56,514.9375,521.5,117.53,685.3333333333334,679.0,142.18,752.8023333333332,670.24,389.35,761.1379310344828,640.0,320.14,2020,1200626.0,Thomasiusstraße,,
,,811,769,634,15,14,18,554,7,359,6,576.4783393501805,535.0,185.54,454.55555555555554,459.0,41.35,507.6666666666667,485.0,88.62,655.4285714285714,636.0,162.48,706.5565714285714,714.804,124.18,791.6428571428571,760.0,245.28,2020,1200627.0,Zillesiedlung,,
,,1857,1690,1531,17,120,36,1382,73,956,63,549.1143270622287,503.5,202.34,417.8,423.5,103.8,512.0421052631579,469.0,140.61,708.6629213483146,687.0,160.73,790.3376849315068,788.333,115.66,731.6,520.0,393.71,2020,1200628.0,Lüneburger Straße,,
,,773,715,591,17,29,24,521,16,302,15,605.9865642994242,568.0,178.1,469.6666666666667,461.5,76.43,603.85,556.5,189.82,646.6315789473684,602.0,158.56,703.0547499999999,694.035,93.87,835.2380952380952,548.0,415.68,2020,1200629.0,Hansaviertel,,
,,1243,982,795,20,47,32,735,16,350,12,645.6965986394558,611.0,192.02,511.88235294117646,496.0,83.89,611.7586206896551,623.0,133.63,768.9047619047619,731.0,169.08,830.2965625,766.0495000000001,223.21,1040.1304347826087,888.0,458.53,2020,1300730.0,Drontheimer Straße,,
,,999,927,744,14,33,32,679,11,266,11,691.3240058910162,636.0,227.93,552.5384615384615,560.0,122.74,607.6521739130435,607.0,109.81,802.4117647058823,819.0,94.07,750.6531818181818,745.757,83.12,1004.1538461538462,916.5,390.94,2020,1300731.0,Koloniestraße,,
,,1097,1011,807,16,33,41,733,10,323,8,668.3274215552524,617.0,200.7,569.0769230769231,506.0,230.35,592.3157894736842,596.0,109.19,779.578947368421,745.0,203.48,833.0964,795.733,228.15,1051.2068965517242,1101.0,413.27,2020,1300732.0,Soldiner Straße,,
,,1614,1494,1222,13,51,55,1113,20,630,17,615.5013477088949,576.0,190.63,518.8888888888889,559.0,89.37,576.15,551.5,182.7,810.4285714285714,681.5,356.01,768.6116,739.1315,193.02,995.6888888888888,896.0,436.06,2020,1300733.0,Gesundbrunnen,,
,,2188,2009,1668,26,89,69,1506,39,910,33,600.4442231075698,550.0,201.21,486.75,502.0,112.43,589.9166666666666,569.5,146.68,699.8448275862069,618.0,199.69,805.4948974358975,795.163,148.89,904.2727272727273,637.0,488.96,2020,1300834.0,Brunnenstraße,,
,,1408,1282,1056,24,56,47,957,17,597,10,597.9341692789968,549.0,193.87,494.05263157894734,474.0,82.62,569.1395348837209,552.0,159.26,725.3928571428571,661.0,216.26,903.0564705882352,860.74,279.52,956.9473684210526,673.0,493.42,2020,1300835.0,Humboldthain Süd,,
,,2308,2101,1708,37,71,113,1563,28,1023,23,557.0185540627,511.0,219.15,412.0357142857143,411.0,87.29,532.3636363636364,489.0,156.58,703.9354838709677,680.0,180.05,758.3808214285715,710.342,192.14,826.183908045977,697.0,429.45,2020,1300836.0,Humboldthain Nordwest,,
,,1446,1322,1103,31,53,63,1004,16,496,15,630.4452191235059,602.0,189.48,517.8,471.5,126.35,625.3666666666667,608.0,141.13,809.2727272727273,786.0,150.39,772.0043750000001,760.1199999999999,90.47,887.9473684210526,841.0,359.83,2020,1400937.0,Afrikanische Straße,,
,,2365,1084,869,18,52,55,780,25,424,22,605.9641025641025,577.0,196.97,492.6,460.0,135.37,611.3076923076923,614.0,112.33,766.28125,739.5,142.2,799.76376,744.144,241.99,939.609756097561,934.0,373.55,2020,1400938.0,Kameruner Straße,,
,,793,714,575,14,46,24,527,20,330,14,559.8216318785579,521.0,197.57,422.5,430.5,107.86,510.7272727272728,462.0,144.36,761.5,762.5,244.88,882.9178500000002,742.7115,359.03,672.3,498.5,333.89,2020,1400939.0,Glasgower Straße,,
,,1035,965,799,18,29,38,710,9,432,9,596.4225352112676,546.0,199.53,533.4117647058823,487.0,169.62,526.3181818181819,507.5,117.14,699.4375,652.0,185.41,724.5826666666667,689.304,98.01,794.6551724137931,745.0,395.63,2020,1400940.0,Schillerpark,,
,,578,553,464,18,12,9,427,5,223,4,623.983606557377,596.0,169.71,529.25,541.0,109.99,643.125,563.5,218.1,750.1428571428571,801.0,122.86,787.5996000000001,769.577,83.27,779.75,784.5,292.21,2020,1400941.0,Londoner Straße,,
,,1120,1027,868,15,43,42,781,20,477,18,579.382842509603,544.0,194.39,447.44444444444446,433.0,74.03,545.75,514.0,129.22,766.1,762.5,147.98,764.89015,751.8720000000001,116.04,928.59375,922.0,392.56,2020,1400942.0,Westliche Müllerstraße,,
,,1041,972,754,20,28,25,677,7,438,7,566.3323485967504,528.0,200.82,419.05555555555554,429.0,101.36,488.1111111111111,475.5,77.65,666.6363636363636,597.0,156.46,692.0649999999999,710.546,108.23,895.0454545454545,847.5,362.38,2020,1401043.0,Antonstraße,,
,,1193,1103,897,18,25,52,818,6,490,6,588.0488997555012,551.0,207.68,474.7142857142857,428.5,180.75,494.94444444444446,460.5,121.14,776.3333333333334,764.0,209.69,712.3086666666667,704.8154999999999,83.93,881.2564102564103,761.0,429.41,2020,1401044.0,Uferstraße,,
,,956,890,742,14,18,37,671,5,410,5,604.177347242921,563.0,202.48,479.3333333333333,482.5,92.7,641.25,589.5,180.8,661.5,622.0,113.78,710.0845999999999,746.58,73.63,820.53125,674.5,331.95,2020,1401045.0,Schwedenstraße,,
,,779,703,579,13,31,34,541,13,329,11,601.3290203327172,564.0,181.83,476.6666666666667,496.0,86.8,598.3181818181819,570.5,128.38,694.1111111111111,711.0,87.05,716.8049230769229,697.81,154.53,793.8,725.5,285.36,2020,1401046.0,Nordufer,,
,,1007,946,812,18,19,32,723,6,477,6,565.6002766251729,520.0,202.61,416.4,429.0,80.36,586.4615384615385,510.0,348.61,695.6363636363636,709.0,87.91,764.2895,783.655,98.74,940.0769230769232,992.5,377.95,2020,1401047.0,Sparrplatz,,
,,1219,1124,915,24,39,46,836,8,539,7,581.8696172248804,537.0,195.35,483.8636363636364,481.0,110.57,547.2,506.0,128.34,791.4705882352941,830.0,180.68,849.560125,878.6865,79.57,985.5526315789474,1009.0,381.48,2020,1401048.0,Leopoldplatz,,
,,1560,1241,1023,33,35,25,938,19,602,19,587.0639658848614,538.0,205.86,457.75,444.5,112.47,543.6,528.0,111.27,699.125,696.0,146.02,736.7852105263156,736.51,63.11,852.6315789473684,680.0,420.9,2020,1401049.0,Schulstraße,,
,,1106,974,802,23,70,45,737,35,459,33,596.4843962008141,558.0,169.97,532.5555555555555,521.0,145.94,565.5102040816327,581.0,89.79,730.8780487804878,707.0,140.8,757.8424000000002,729.494,103.51,749.7894736842105,770.5,213.06,2020,2100101.0,Askanischer Platz,,
,,1450,1281,1053,14,106,49,933,52,640,43,564.3494105037513,535.0,162.14,402.1111111111111,382.0,72.11,582.3571428571429,537.5,186.02,738.296875,669.5,207.88,777.6028653846153,728.252,191.19,747.7692307692307,658.0,295.34,2020,2100102.0,Mehringplatz,,
,,574,514,413,5,23,26,374,7,279,7,547.5347593582887,514.0,156.2,449.2,446.0,47.34,512.2941176470588,502.0,111.91,672.0,609.5,150.61,734.2435714285714,787.26,139.83,743.7619047619048,563.0,361.14,2020,2100103.0,Am Berlin Museum,,
,,938,836,694,29,46,45,613,21,460,20,541.9934747145188,514.0,165.32,458.85,456.5,89.24,576.7352941176471,530.0,193.87,660.32,595.0,250.51,682.0684761904761,659.203,122.51,873.4,678.5,415.66,2020,2100104.0,Moritzplatz,,
,,1219,1106,899,20,51,49,794,18,632,17,513.3828715365239,477.0,167.33,429.4,385.0,103.02,490.26666666666665,469.0,191.31,638.7058823529412,606.0,150.75,668.8067222222221,611.19,169.36,673.9459459459459,567.0,335.28,2020,2100105.0,Prinzenstraße,,
,,1283,1176,1019,24,49,49,892,15,695,14,514.1670403587444,470.0,176.49,417.5833333333333,412.5,99.32,514.5294117647059,456.5,177.68,654.0909090909091,566.5,216.17,622.907,591.63,148.57,743.125,712.0,371.36,2020,2100106.0,Wassertorplatz,,
,,375,321,295,3,44,9,262,30,144,22,619.6984732824427,579.5,182.93,457.5,457.5,4.95,624.4871794871794,631.0,149.95,793.0,769.0,212.72,841.6797333333333,784.2835,211.76,930.1666666666666,893.5,223.96,2020,2200207.0,Gleisdreieck,,
,,805,728,630,15,36,35,573,16,407,15,552.7417102966841,519.0,170.73,465.8333333333333,470.5,124.8,638.8148148148148,562.0,285.71,702.8095238095239,725.0,89.04,721.3128125,735.2855,111.46,739.4230769230769,658.5,271.45,2020,2200208.0,Rathaus Yorckstraße,,
,,883,799,668,12,30,48,625,11,432,10,573.192,535.0,163.79,522.1818181818181,506.0,66.37,582.4761904761905,560.0,104.44,810.125,738.0,214.97,697.8443636363637,648.434,129.44,800.4047619047619,699.5,299.44,2020,2200209.0,Viktoriapark,,
,,1246,1103,936,24,57,73,835,15,627,15,509.30778443113775,479.0,165.54,461.3333333333333,459.0,141.18,449.2105263157895,429.0,78.98,711.7916666666666,676.5,148.02,654.8442666666667,642.873,66.44,660.3076923076923,529.0,313.55,2020,2200210.0,Urbanstraße,,
,,1323,1216,1022,18,44,48,922,26,668,23,550.7754880694143,523.5,142.79,504.06666666666666,491.0,111.16,557.1428571428571,550.0,86.63,720.8148148148148,690.0,146.19,736.4836153846153,725.0550000000001,168.63,779.6585365853658,723.0,269.68,2020,2200211.0,Chamissokiez,,
,,858,790,673,18,32,29,600,13,390,13,572.8766666666667,545.0,174.83,400.0833333333333,385.5,73.01,513.9615384615385,494.0,92.02,697.3684210526316,675.0,94.58,718.1217692307691,695.963,91.62,782.3333333333334,622.0,429.43,2020,2200212.0,Graefekiez Süd,,
,,1744,1038,874,26,83,56,775,49,549,37,552.676129032258,526.0,160.66,430.05263157894734,431.0,80.46,537.15,520.0,132.5,712.1851851851852,694.0,136.48,792.3662040816324,754.98,145.0,746.304347826087,645.0,317.43,2020,2200213.0,Graefekiez Nord,,
,,1265,1152,958,18,62,38,843,21,645,19,527.8671411625148,485.0,177.33,417.6666666666667,417.0,57.33,548.9142857142857,484.0,214.37,665.8461538461538,644.5,226.45,660.8972857142858,625.5360000000001,151.59,629.7931034482758,568.0,235.25,2020,2300314.0,Oranienplatz,,
,,901,804,661,12,42,40,582,13,472,13,499.8006872852234,468.0,167.78,339.0,339.0,100.12,556.1052631578947,468.0,220.0,582.7058823529412,547.0,219.19,636.7842307692307,639.287,115.05,780.7575757575758,733.0,381.78,2020,2300315.0,Lausitzer Platz,,
,,772,698,593,16,39,28,523,14,402,12,535.8087954110898,494.0,174.04,440.0833333333333,427.5,108.46,472.3888888888889,468.0,103.38,597.4705882352941,545.0,210.32,696.7483571428572,584.96,229.77,791.5,751.5,293.53,2020,2300316.0,Köpenicker Straße,,
,,1039,942,784,20,41,37,685,13,547,11,491.4496350364964,454.0,168.95,394.0,391.0,94.28,463.3571428571428,438.0,119.46,629.9545454545455,658.0,167.04,687.5970769230769,641.523,155.6,806.59375,596.0,452.26,2020,2300417.0,Reichenberger Straße West,,
,,859,757,631,8,56,34,535,12,377,9,538.2242990654206,496.0,190.98,367.2857142857143,378.0,56.84,499.0869565217391,439.0,156.34,611.35,580.0,182.97,773.3874166666666,693.4870000000001,255.41,745.258064516129,692.0,299.63,2020,2300418.0,Reichenberger Straße Ost,,
,,1256,1137,954,18,60,47,827,10,592,9,555.6662636033857,508.0,178.45,464.61538461538464,457.0,84.01,529.36,473.0,200.89,682.578947368421,655.0,229.15,711.6767,653.1835,210.81,890.5641025641025,768.0,410.54,2020,2300419.0,Wrangelkiez,,
,,1453,957,797,17,39,27,723,23,499,22,567.1410788381743,536.0,182.11,484.07142857142856,471.5,99.82,588.5925925925926,550.0,137.68,726.3,688.0,196.9,723.0030000000002,695.74,197.25,823.1904761904761,589.0,418.52,2020,2400520.0,Barnimkiez,,
,,871,791,661,22,29,40,584,9,429,9,542.2825342465753,506.5,174.01,494.57142857142856,459.0,129.91,616.0555555555555,582.0,199.54,726.1818181818181,714.0,194.85,696.079,730.213,111.93,968.4333333333332,871.0,485.46,2020,2400521.0,Friedenstraße,,
,,1081,1020,855,19,27,21,761,4,520,4,572.9434954007885,533.0,196.0,462.1875,434.5,96.27,547.1,496.0,137.78,769.7777777777778,792.0,87.68,700.98175,706.5915,159.63,1000.5333333333332,1001.0,405.57,2020,2400522.0,Richard-Sorge-Viertel,,
,,2682,2509,2162,48,89,70,1951,48,1497,44,526.7713992824192,488.0,174.57,446.3333333333333,417.0,110.16,508.140350877193,489.0,115.98,582.4716981132076,560.0,143.05,681.8154374999999,643.7595,203.41,867.377358490566,828.0,401.11,2020,2400623.0,Andreasviertel,,
,,1175,1097,898,22,35,28,787,10,595,8,501.8170266836086,439.0,210.41,423.75,407.0,152.07,475.57142857142856,426.0,180.98,595.3,583.0,177.98,706.0422000000001,673.405,215.86,927.6666666666666,640.0,518.23,2020,2400624.0,Weberwiese,,
,,677,591,530,12,66,19,462,39,333,32,541.8203463203463,504.0,186.53,455.125,464.0,76.4,605.1764705882352,535.0,213.5,631.8604651162791,609.0,133.08,762.0466666666669,725.577,203.62,973.2,897.0,558.31,2020,2400625.0,Wriezener Bahnhof,,
,,609,560,467,9,17,27,420,7,279,7,582.6214285714286,541.5,182.95,485.2,452.0,109.92,546.4545454545455,547.0,40.99,760.4,784.0,89.94,712.0844285714286,702.857,129.43,934.5714285714286,968.0,371.25,2020,2500726.0,Hausburgviertel,,
,,637,523,445,7,69,33,401,11,267,9,574.2294264339153,539.0,196.76,365.6,407.0,81.43,570.0909090909091,537.0,113.44,706.125,686.0,186.21,731.7792727272725,649.323,152.25,818.24,644.0,422.78,2020,2500727.0,Forckenbeckplatz,,
,,695,625,522,8,35,23,473,6,301,6,602.9450317124736,562.0,196.93,473.125,476.0,69.13,648.5263157894736,566.0,169.18,690.3076923076923,704.0,104.55,683.4760000000001,696.5965,105.97,1094.05,1179.0,437.61,2020,2500728.0,Samariterviertel,,
,,854,787,672,14,37,21,593,4,331,3,624.220910623946,585.0,185.73,511.6923076923077,497.0,121.24,624.2,546.0,140.3,782.7777777777778,784.0,143.59,836.8915000000001,847.658,128.88,961.25,882.0,376.73,2020,2500729.0,Pettenkofer Straße,,
,,360,321,269,4,21,13,241,3,178,2,553.597510373444,501.0,192.8,412.0,415.0,20.66,618.3333333333334,573.0,194.5,746.1428571428571,721.0,159.14,871.0246666666667,775.367,174.55,567.5714285714286,609.0,108.34,2020,2500830.0,Niederbarnimstraße,,
,,557,494,399,9,41,14,365,15,249,13,584.841095890411,547.0,194.89,506.3333333333333,451.0,136.17,597.3913043478261,559.0,177.39,707.4090909090909,692.5,144.15,770.1136666666666,731.42,165.92,1025.0,892.0,490.31,2020,2500831.0,Wismarplatz,,
,,687,612,530,7,43,25,478,21,300,16,594.1066945606694,555.0,177.8,436.0,465.5,134.32,597.7666666666667,577.5,159.02,669.4090909090909,612.5,145.84,767.3608095238096,738.96,169.41,910.8947368421052,753.0,431.25,2020,2500832.0,Traveplatz,,
,,883,792,689,12,43,39,607,8,434,6,534.6919275123558,493.0,177.58,390.9,390.0,77.6,471.94444444444446,450.0,93.65,624.0625,633.0,169.62,706.117875,666.2065,207.1,855.8275862068965,825.0,361.74,2020,2500833.0,Boxhagener Platz,,
,,1013,927,787,18,43,24,697,11,482,10,555.5681492109039,523.0,184.56,487.25,471.5,104.65,590.7037037037037,524.0,207.61,721.25,676.5,257.47,661.6011818181818,643.29,154.18,924.65,740.0,476.63,2020,2500834.0,Revaler Straße,,
,,1329,1192,1058,28,67,52,931,19,631,17,577.6219119226638,549.0,183.57,536.95,521.0,129.88,583.9583333333334,547.5,145.53,644.4444444444445,581.0,211.07,743.9791578947368,672.19,217.18,1042.8055555555557,979.5,449.29,2020,2500835.0,Stralauer Kiez,,
,,451,409,344,3,7,23,313,0,125,0,649.9744408945687,624.0,151.66,551.0,574.0,76.15,744.0,575.0,309.32,,,,,,,1117.7333333333331,1143.0,382.85,2020,2500836.0,Stralauer Halbinsel,,
,,687,617,511,16,34,29,430,9,138,3,712.4302325581396,675.0,202.21,601.5555555555555,566.0,113.53,824.2222222222222,780.5,257.15,878.625,833.5,179.83,966.0943333333332,928.58,202.05,986.3076923076924,863.0,400.56,2020,3100101.0,Bucher Forst,,
,,764,478,396,8,23,18,303,12,153,2,638.1188118811881,598.0,227.38,603.1666666666666,603.0,101.72,681.6428571428571,677.0,120.82,765.4705882352941,763.0,90.16,988.5743333333334,1003.7715,95.51,834.0909090909091,803.0,189.46,2020,3100102.0,Klinikum Buch,,
,,1413,1323,1083,27,45,27,864,15,509,7,630.1574074074074,572.5,225.17,543.0625,557.5,106.84,814.9047619047619,748.0,261.05,838.3103448275862,809.0,194.4,895.5588666666666,929.323,106.01,963.0588235294116,970.0,228.74,2020,3100103.0,Karower Chaussee,,
,,320,295,238,7,13,12,192,1,70,1,755.0729166666666,717.5,282.32,854.0,705.0,437.72,758.6,603.0,340.36,664.0,664.0,,748.943,748.943,,707.25,571.0,298.45,2020,3200204.0,Blankenfelde,,
,,817,757,621,10,15,32,553,4,117,4,749.755877034358,702.0,209.84,632.25,602.5,150.2,596.375,568.0,97.39,710.7777777777778,749.0,126.2,703.14175,708.057,94.76,856.8666666666667,929.0,239.79,2020,3200205.0,Uhlandstraße,,
,,658,614,520,18,11,21,458,3,157,2,686.0917030567686,659.5,195.09,501.07142857142856,497.5,77.61,579.75,550.5,102.44,653.5,659.0,80.11,757.1236666666667,676.28,157.73,724.7142857142857,658.5,209.38,2020,3200206.0,Pastor-Niemöller-Platz,,
,,969,914,733,13,13,32,648,8,220,8,712.1820987654321,669.0,223.76,541.2727272727273,503.0,111.53,532.9090909090909,541.0,69.11,710.8571428571429,650.0,165.09,711.8257500000001,736.4035,84.58,836.3333333333334,718.0,442.71,2020,3200207.0,Herthaplatz,,
,,377,361,298,5,2,9,262,0,116,0,695.2404580152672,627.5,236.59,503.5,496.0,29.91,,,,,,,,,,775.8,609.0,352.21,2020,3200308.0,Nisbléstraße,,
,,546,515,414,4,11,16,359,3,128,3,717.5710306406685,674.0,240.5,563.6666666666666,542.0,39.27,643.0,656.0,140.48,699.3333333333334,747.0,116.09,765.0876666666667,799.797,96.61,865.5384615384615,749.0,339.68,2020,3200309.0,Eddastraße,,
,,770,726,606,16,14,26,531,7,180,6,722.7853107344632,658.0,234.31,535.7857142857143,532.0,78.02,553.6666666666666,556.5,35.02,859.7,789.5,212.54,787.3827142857142,759.41,149.56,815.9545454545455,793.0,281.82,2020,3200310.0,Krugpfuhl,,
,,942,883,722,15,20,20,591,7,321,6,625.4517766497462,583.0,216.57,515.8461538461538,501.0,101.61,677.3076923076923,647.0,130.64,851.9090909090909,840.0,71.62,850.298,839.26,83.94,924.0,690.0,537.0,2020,3300411.0,Karow Nord,,
,,451,424,362,7,9,12,284,0,152,0,635.4225352112676,576.5,242.37,694.2857142857143,746.0,324.74,773.3333333333334,626.5,344.65,1122.5,1122.5,505.58,,,,774.375,786.5,132.07,2020,3300412.0,Karow Bahnhof,,
,,202,186,159,3,3,7,133,2,68,2,643.2857142857143,592.0,222.78,557.0,557.0,,676.0,676.0,,856.0,856.0,,736.9065,736.9065,66.47,638.5,761.5,345.16,2020,3300413.0,Karow Ost,,
,,765,707,574,19,20,26,495,5,185,4,699.8282828282828,653.0,218.51,617.5625,589.5,203.42,596.9090909090909,563.0,124.76,721.8333333333334,650.5,233.86,774.5506000000001,704.483,206.45,806.7692307692307,690.0,339.08,2020,3300514.0,Blankenburg,,
,,12,8,7,0,0,4,5,0,3,0,648.2,563.0,151.18,,,,,,,,,,,,,883.5,861.0,211.57,2020,3300515.0,Blankenburger Süden,,
,,1051,970,809,15,45,26,740,20,372,17,658.7175675675676,598.0,209.74,573.5454545454545,585.0,166.24,556.0,569.0,112.19,678.0,636.0,166.65,822.2288500000001,670.3065,509.19,844.0,771.0,280.17,2020,3300516.0,Heinersdorf,,
,,180,163,135,3,6,9,114,0,46,0,666.7017543859649,645.0,198.51,579.6666666666666,558.0,111.1,784.5,784.5,3.54,575.0,575.0,,,,,865.4444444444445,954.0,169.22,2020,3300517.0,Märchenland,,
,,406,375,300,10,11,11,253,4,38,4,758.6600790513834,717.0,178.55,683.2222222222222,696.0,62.73,741.125,689.5,209.39,736.5,753.0,112.57,744.54825,776.1145,87.78,1062.6666666666667,1053.0,241.2,2020,3400618.0,Rosenthal,,
,,1071,986,802,14,32,42,696,11,212,8,717.7155172413793,686.5,209.4,538.7692307692307,577.0,145.35,628.3636363636364,627.0,164.12,862.5384615384615,861.0,218.69,993.621818181818,853.817,496.44,822.1,719.0,337.28,2020,3400619.0,Wilhelmsruh,,
,,445,415,355,7,11,16,313,4,82,4,709.7667731629393,682.0,188.01,572.5,536.0,98.85,591.0,590.0,85.26,690.5,692.5,81.43,755.13175,750.2335,79.85,909.3,776.5,370.33,2020,3400620.0,Schönholz,,
,,907,830,688,9,27,33,616,9,283,8,664.8636363636364,616.5,212.35,531.3333333333334,505.0,75.95,547.0666666666667,540.0,129.08,708.2777777777778,680.0,176.3,691.8957777777778,681.45,155.24,980.2105263157896,1019.0,320.16,2020,3400721.0,Florakiez,,
,,485,458,383,8,12,10,333,3,165,2,655.5135135135135,603.0,224.63,558.8571428571429,497.0,101.03,607.1666666666666,619.0,59.56,705.1428571428571,651.0,115.22,750.9209999999999,651.88,238.71,780.0,728.0,280.67,2020,3400722.0,Parkstraße,,
,,1107,754,617,7,28,39,552,10,265,10,645.6304347826087,614.5,218.82,514.5714285714286,518.0,86.96,569.9411764705883,543.0,154.53,631.3076923076923,585.0,155.36,675.7772,645.873,101.69,747.6896551724138,622.0,379.68,2020,3400723.0,Garbátyplatz,,
,,675,619,508,11,21,25,448,4,230,3,643.2477678571429,593.5,245.98,527.7777777777778,567.0,97.57,549.6,573.5,81.84,729.1428571428571,615.0,195.15,760.83725,714.925,135.3,780.7619047619048,784.0,380.0,2020,3400724.0,Wolfshagener Straße,,
,,957,914,755,18,16,23,686,4,290,3,675.9839650145773,641.0,223.71,510.25,498.5,114.66,527.6363636363636,528.0,78.95,910.1428571428572,1027.0,202.19,833.9105,781.058,147.15,782.4705882352941,620.0,394.06,2020,3400725.0,Schlosspark,,
,,934,873,743,9,25,26,647,3,281,1,662.758887171561,624.0,197.16,609.125,612.5,185.78,690.0,593.5,308.34,736.8571428571429,764.0,108.58,914.259,912.534,119.63,1090.8,1086.0,370.66,2020,3400826.0,Tiroler Viertel,,
,,905,834,689,18,42,20,622,19,326,17,631.4244372990354,592.0,186.75,528.25,524.0,121.92,665.7647058823529,608.5,241.03,753.3793103448276,690.0,214.34,742.869736842105,727.836,115.86,794.5454545454545,735.0,297.41,2020,3400827.0,Trelleborger Viertel,,
,,410,384,319,5,12,10,291,3,113,2,660.6666666666666,633.0,182.17,447.75,451.0,33.48,716.8888888888889,571.0,350.34,792.2857142857143,755.0,147.64,838.0113333333334,784.934,246.13,907.7142857142856,989.0,340.84,2020,3400828.0,Spiekermann Straße,,
,,489,452,371,8,20,16,332,13,145,11,656.9668674698795,616.0,190.94,570.3333333333334,572.5,111.64,630.3333333333334,644.0,71.42,788.9285714285714,733.5,189.31,762.3076923076923,721.556,107.32,896.1666666666666,944.0,311.59,2020,3400829.0,Arnold-Zweig-Straße,,
,,767,716,573,16,26,18,511,10,274,8,617.6536203522505,585.0,186.42,540.4666666666667,577.0,131.91,563.952380952381,534.0,164.43,773.5294117647059,724.0,178.03,752.5513,744.5615,126.29,879.9333333333333,827.0,364.88,2020,3400830.0,Kissingenviertel,,
,,75,60,54,0,6,9,42,1,22,0,629.5238095238095,575.0,231.49,,,,664.5,664.5,45.96,700.5,700.5,12.02,1431.78,1431.78,,907.8333333333334,493.0,726.46,2020,3400831.0,Pankower Tor,,
,,498,457,371,15,21,14,338,12,161,10,657.7544378698225,611.0,205.59,501.2857142857143,471.0,101.2,544.2,526.0,93.85,594.6,604.0,107.98,772.3133333333334,715.9780000000001,220.52,682.0769230769231,597.0,186.69,2020,3500932.0,Bühringstraße,,
,,1131,746,621,12,26,43,539,9,338,8,569.643784786642,518.0,217.92,406.8888888888889,422.0,74.45,451.8,424.0,152.03,530.8461538461538,483.0,143.09,783.0001111111111,725.53,124.22,688.7096774193549,606.0,349.16,2020,3500933.0,Weißer See,,
,,864,779,652,14,29,51,580,10,328,6,606.2603448275862,581.5,166.02,487.8,488.5,84.75,609.5,609.0,237.94,729.1666666666666,704.0,163.44,871.1447000000001,787.5799999999999,231.07,730.4571428571429,696.0,139.21,2020,3500934.0,Weißenseer Spitze,,
,,508,453,383,6,12,36,347,3,204,3,600.7175792507204,550.0,208.85,441.3333333333333,428.5,59.85,547.7142857142857,524.0,117.43,634.7777777777778,683.0,137.22,713.0286666666667,727.926,30.38,637.25,646.0,175.47,2020,3500935.0,Behaimstraße,,
,,811,742,616,12,14,42,558,4,344,4,597.6899641577061,554.5,180.93,486.9166666666667,496.0,71.76,579.5,533.5,112.22,652.875,566.0,216.13,725.87825,720.963,23.68,806.0,788.5,275.1,2020,3500936.0,Komponistenviertel Weißensee,,
,,1050,984,809,12,28,25,729,16,426,13,603.161865569273,569.0,200.01,461.3333333333333,459.0,68.01,577.0555555555555,534.5,150.25,553.0869565217391,554.0,98.3,744.14675,744.2394999999999,171.68,620.375,558.0,180.26,2020,3501037.0,Rathaus Weißensee,,
,,1161,859,729,19,25,19,650,10,364,9,617.7246153846154,578.0,185.35,499.8666666666667,477.0,89.91,590.9230769230769,569.0,142.21,658.1666666666666,633.5,196.82,739.4467999999999,712.8834999999999,106.84,797.5625,708.0,329.57,2020,3501038.0,Hansastraße,,
,,449,410,335,8,19,12,300,9,130,8,648.1433333333333,621.5,176.38,594.0,599.0,27.2,604.4285714285714,610.0,85.69,666.2222222222222,650.0,60.51,745.103,713.423,124.65,930.5714285714286,657.0,478.34,2020,3601139.0,Norweger Viertel,,
,,449,396,311,11,22,22,278,7,123,7,647.7805755395683,612.0,178.81,514.7,516.5,75.42,666.8461538461538,649.0,100.3,806.5,712.0,278.28,730.0484285714286,716.85,102.49,853.15,638.5,445.22,2020,3601140.0,Malmöer Straße,,
,,614,550,457,5,15,33,406,3,211,2,633.8448275862069,590.0,196.28,491.6666666666667,511.0,102.38,656.0909090909091,620.0,187.39,923.5714285714286,812.0,442.28,1080.1433333333332,718.017,655.07,946.5,927.0,352.71,2020,3601141.0,Arnimplatz,,
,,1056,952,840,17,57,42,742,14,384,10,613.4973045822103,594.0,204.45,446.44444444444446,475.0,133.03,619.9411764705883,581.0,220.03,677.875,616.0,163.3,796.8172142857144,792.8145,138.92,947.3333333333334,771.5,485.63,2020,3601142.0,Falkplatz,,
,,617,528,447,10,47,33,400,21,211,16,623.1125,590.0,168.02,593.7142857142857,582.0,125.48,589.46875,577.5,100.05,743.5625,684.5,241.68,881.2771904761906,816.34,239.74,914.4230769230768,782.5,357.58,2020,3601243.0,Rodenbergstraße,,
,,611,566,474,4,16,23,429,2,215,1,624.7925407925408,600.0,191.62,587.3333333333334,570.0,97.17,607.0,630.0,112.57,694.875,639.0,150.22,824.9485,824.9485,157.04,968.5454545454544,973.0,383.02,2020,3601244.0,Humannplatz,,
,,1321,1215,1034,18,38,52,925,15,539,13,604.7308108108108,574.0,192.22,529.2666666666667,524.0,92.62,613.1785714285714,621.5,104.4,707.4347826086956,668.0,165.13,740.0365333333333,712.893,108.44,889.5142857142857,789.0,419.12,2020,3601245.0,Ostseestraße,,
,,330,287,225,5,21,12,200,7,117,5,592.09,554.5,186.24,501.6666666666667,451.0,125.89,547.3076923076923,549.0,101.74,615.8,596.5,115.28,770.0791428571429,790.95,156.82,919.6,907.5,416.36,2020,3601346.0,Gethsemanekirche,,
,,611,531,450,8,39,30,402,14,229,13,590.6343283582089,570.0,171.23,505.5,528.5,96.72,526.3214285714286,506.0,86.44,606.5909090909091,532.5,176.48,717.0074999999999,715.6495,95.72,918.2307692307692,766.5,398.63,2020,3601347.0,Helmholtzplatz,,
,,400,359,291,5,16,24,260,5,154,5,581.1538461538462,561.0,129.09,582.0,551.5,121.65,564.7272727272727,535.0,92.93,734.375,656.0,254.38,721.6418,740.373,41.83,958.6,1002.0,306.55,2020,3601348.0,Senefelderstraße,,
,,1543,1426,1197,37,49,61,1075,20,598,17,608.0539534883721,579.0,177.74,503.03225806451616,481.0,137.66,598.1481481481482,580.0,126.44,713.8518518518518,684.0,167.55,766.4985,744.4555,98.35,837.4,819.0,259.25,2020,3601449.0,Michelangelostraße,,
,,1064,990,859,12,43,22,782,22,348,21,633.8222506393862,620.5,167.07,529.7,526.5,78.03,618.5483870967741,621.0,95.5,768.0,690.0,194.62,731.9993181818182,712.2115,72.25,860.2222222222222,947.0,268.08,2020,3601450.0,Volkspark Prenzlauer Berg,,
,,680,628,527,7,25,24,472,3,274,3,617.1546610169491,580.0,184.83,623.6666666666666,622.0,127.03,580.6923076923077,572.0,156.11,669.6666666666666,683.0,86.26,704.6756666666666,663.77,148.03,1075.3157894736842,1038.0,327.32,2020,3601451.0,Anton-Saefkow-Park,,
,,519,483,411,8,15,14,364,4,198,4,600.6785714285714,587.0,155.38,570.2857142857143,588.0,75.48,664.0,654.0,85.84,733.6,740.0,79.32,745.50825,737.4884999999999,82.07,812.4,633.0,408.64,2020,3601452.0,Velodrom,,
,,316,286,247,3,13,16,214,5,128,4,599.4766355140187,574.0,162.83,467.3333333333333,432.0,74.57,668.5,611.5,135.1,794.8,781.0,100.03,887.1173999999999,853.007,234.01,985.2666666666668,931.0,325.3,2020,3601453.0,Alter Schlachthof,,
,,821,731,603,5,35,39,530,10,334,10,567.2981132075472,536.5,201.5,363.5,385.0,88.43,532.0357142857143,510.0,109.75,579.0,541.5,159.03,680.4116,663.115,70.27,977.878787878788,860.0,468.28,2020,3701554.0,Teutoburger Platz,,
,,509,461,387,2,19,20,342,7,225,6,558.5204678362574,532.0,161.23,480.5,480.5,75.66,512.0714285714286,474.0,88.23,581.4444444444445,508.0,179.62,735.4232857142857,727.486,109.41,906.7857142857144,850.0,434.62,2020,3701555.0,Sredzkistraße,,
,,543,476,388,3,35,27,346,19,235,19,569.1994219653179,542.5,166.22,349.5,349.5,21.92,540.0,542.0,80.21,636.8260869565217,610.0,125.05,689.7365789473685,678.113,86.28,1178.904761904762,1181.0,402.37,2020,3701556.0,Kollwitzplatz,,
,,474,433,369,8,19,12,339,8,188,8,614.9469026548672,583.0,167.99,578.125,547.5,97.75,663.4166666666666,632.0,130.74,870.1428571428571,762.0,303.7,737.0355000000001,735.295,88.27,858.2727272727273,758.0,380.73,2020,3701657.0,Thälmannpark,,
,,411,374,299,5,20,12,267,13,174,13,575.0262172284645,555.0,150.77,516.8,515.0,42.29,557.5263157894736,585.0,97.14,709.3529411764706,652.0,156.78,677.2409230769231,643.683,107.3,1019.6666666666666,967.0,460.69,2020,3701658.0,Christburger Straße,,
,,556,507,406,9,15,21,367,6,238,6,578.4768392370572,554.0,166.69,519.3333333333334,492.0,100.79,544.6666666666666,530.0,56.56,780.5,639.5,285.74,668.8653333333333,640.9114999999999,103.72,887.3684210526316,657.0,345.43,2020,3701659.0,Immanuelkirchstraße,,
,,814,744,609,18,24,38,550,9,322,8,612.38,571.5,188.85,523.6153846153846,551.0,107.55,612.2666666666667,581.0,113.16,796.0833333333334,712.5,181.89,692.7277777777778,666.137,95.0,868.1935483870968,748.0,300.09,2020,3701660.0,Bötzowstraße,,
,,1970,1779,1470,28,69,94,1323,23,748,16,603.1489040060469,568.0,201.36,492.2857142857143,445.0,121.93,632.7222222222222,637.5,174.58,870.1333333333333,824.0,191.39,849.5790000000001,819.09,126.92,724.8815789473684,652.5,329.58,2020,4100101.0,Jungfernheide/Plötzensee,,
,,960,902,701,15,26,19,644,7,368,5,620.5527950310559,575.0,207.76,494.8333333333333,502.5,102.15,550.0714285714286,534.0,119.11,791.4615384615385,817.0,187.67,811.7151428571427,811.273,90.01,800.3333333333334,662.5,425.28,2020,4100102.0,Paul-Hertz-Siedlung,,
,,229,209,191,5,8,8,177,4,59,4,677.6779661016949,680.0,214.47,726.0,678.0,330.24,731.0,740.0,68.05,764.5,780.5,68.43,798.2199999999999,801.342,16.05,1125.625,1072.0,405.29,2020,4200203.0,Olympiagelände,,
,,453,430,351,9,9,11,328,5,94,4,698.6371951219512,653.0,177.43,563.125,545.0,101.82,671.5,679.5,28.18,879.5714285714286,986.0,178.9,800.579,816.787,97.56,802.6666666666666,703.0,289.18,2020,4200204.0,Angerburger Allee,,
,,410,245,201,5,10,6,181,7,41,5,723.5524861878453,690.0,186.98,606.5,596.0,126.92,724.1111111111111,694.0,134.79,829.0,791.0,138.53,828.2212857142857,837.063,86.45,758.3333333333334,698.0,120.43,2020,4200205.0,Flatowallee,,
,,293,266,223,5,9,16,203,3,73,1,669.8620689655172,648.0,161.5,522.75,580.5,126.85,835.6,855.0,192.72,748.0,751.0,73.55,950.0613333333334,957.614,183.15,1020.4285714285714,1098.0,206.14,2020,4200206.0,Kranzallee,,
,,441,377,331,8,28,31,287,3,47,1,811.1289198606272,747.0,250.48,707.6,764.0,162.14,924.7,840.0,342.82,1034.875,862.5,335.42,1049.5786666666663,914.623,380.47,1058.0,1015.5,270.81,2020,4200207.0,Eichkamp,,
,,1328,837,697,20,38,42,631,16,363,15,609.8541996830428,576.0,199.94,539.4444444444445,519.0,128.59,644.304347826087,581.0,205.36,729.1818181818181,739.0,137.5,793.4295625000001,784.45,77.04,775.5128205128206,693.0,324.5,2020,4200308.0,Branitzer Platz,,
,,614,568,469,10,11,30,445,0,213,0,634.2898876404495,605.0,154.03,580.4444444444445,581.0,73.93,681.7142857142857,663.0,97.34,671.6666666666666,695.0,90.29,,,,893.3103448275862,792.0,302.66,2020,4200309.0,Neu Westend,,
,,1108,1019,833,20,37,48,762,18,445,15,600.8202099737533,565.0,162.61,541.0,529.5,128.79,600.2,573.5,106.37,752.1739130434783,716.0,152.18,832.9049999999999,806.3535,213.32,862.7837837837837,803.0,279.23,2020,4200310.0,Fürstenplatz,,
,,1193,1038,885,24,71,72,776,30,520,27,560.860824742268,513.5,210.17,424.2857142857143,423.0,74.42,584.7441860465116,560.0,146.65,713.8536585365854,695.0,192.59,782.8537333333333,782.338,114.06,767.8888888888889,703.0,287.96,2020,4200311.0,Königin-Elisabeth-Straße,,
,,867,574,487,2,27,23,441,12,279,9,588.2131519274376,544.0,202.64,501.5,501.5,65.76,618.0,603.5,148.82,716.6363636363636,645.5,221.02,809.1459166666667,785.5485,196.44,757.0555555555555,658.0,269.66,2020,4300412.0,Schlossgarten,,
,,1006,938,771,8,26,35,715,11,528,9,548.9244755244755,505.0,186.64,433.0,429.5,71.78,655.9333333333333,589.0,184.22,724.5,741.0,172.13,788.6508181818182,763.414,159.12,727.2692307692307,632.0,305.2,2020,4300413.0,Klausenerplatz,,
,,1074,960,800,17,32,71,723,13,533,12,515.4605809128631,468.0,193.47,390.7142857142857,386.0,61.84,466.2857142857143,442.0,113.62,610.2142857142857,612.0,148.92,692.8615384615385,652.774,143.76,778.6545454545454,757.0,347.38,2020,4300414.0,Schloßstraße,,
,,782,722,622,12,16,35,571,3,365,3,566.7653239929947,521.0,197.2,430.09090909090907,399.0,115.89,570.4285714285714,510.0,135.08,764.375,652.0,278.81,759.9756666666667,765.11,23.71,788.9375,708.5,342.55,2020,4300415.0,Lietzensee,,
,,1310,1189,999,26,52,61,896,17,667,16,511.9006696428572,469.0,186.78,396.77777777777777,385.5,99.31,515.516129032258,461.0,177.42,696.2307692307693,698.0,265.16,678.7911176470589,663.043,117.5,670.5490196078431,640.0,317.2,2020,4300416.0,Amtsgerichtsplatz,,
,,979,894,747,13,33,49,690,12,507,10,557.3898550724638,523.0,163.93,443.0,447.5,51.98,560.3157894736842,528.0,117.4,689.3333333333334,671.0,118.58,715.1689166666666,698.9535000000001,144.96,739.0681818181819,684.5,283.21,2020,4300517.0,Tegeler Weg,,
,,728,626,509,4,44,53,458,18,315,17,573.5502183406113,536.5,174.81,424.0,394.0,71.86,633.56,577.0,266.05,722.3846153846154,639.5,267.71,687.3547777777778,666.168,117.98,792.4418604651163,737.0,291.87,2020,4300518.0,Kaiserin-Augusta-Allee,,
,,888,814,671,17,25,36,607,6,433,6,548.7841845140033,506.0,198.18,441.4,432.0,101.23,561.9333333333333,540.0,64.71,635.3076923076923,631.0,64.06,671.0433333333332,702.8565,74.07,805.258064516129,745.0,308.06,2020,4300619.0,Alt-Lietzow,,
,,546,457,377,8,54,30,346,30,221,26,582.2514450867052,543.5,187.92,443.1666666666667,450.5,29.86,565.8571428571429,534.0,157.86,695.45,665.5,148.34,753.2774333333332,732.2249999999999,138.95,753.96,619.0,329.68,2020,4300620.0,Spreestadt,,
,,1341,1237,1035,37,45,51,938,23,719,22,527.9808102345415,484.0,168.77,453.962962962963,436.0,73.98,507.8928571428572,479.0,96.65,664.8571428571429,647.0,120.87,723.0960869565217,718.863,108.94,804.2619047619048,776.5,274.77,2020,4300621.0,Richard-Wagner-Straße,,
,,1018,902,766,21,65,46,679,46,507,45,544.240058910162,513.0,167.93,453.05882352941177,438.0,91.95,574.7457627118644,581.0,87.38,641.2413793103449,627.5,98.65,678.7173695652175,671.9649999999999,94.38,798.4358974358975,659.0,353.02,2020,4300622.0,Ernst-Reuter-Platz,,
,,1649,1513,1250,28,60,62,1113,29,807,27,545.1680143755616,503.0,186.94,444.5652173913044,448.0,106.96,576.275,562.0,167.24,687.8823529411765,658.0,161.07,703.930448275862,665.144,126.92,821.5178571428571,836.5,311.79,2020,4300623.0,Karl-August-Platz,,
,,1008,918,779,20,37,40,701,19,516,17,559.2368045649073,519.0,168.12,472.05555555555554,469.0,48.03,580.8928571428571,544.0,159.2,673.7826086956521,675.0,134.78,757.7153684210526,696.89,270.39,737.7878787878788,738.0,214.65,2020,4300624.0,Savignyplatz,,
,,31,24,22,0,2,5,20,1,5,0,707.2,624.0,227.25,,,,955.0,955.0,,1631.0,1631.0,,980.823,980.823,,788.0,821.0,116.07,2020,4400725.0,Güterbahnhof Grunewald,,
,,601,548,471,14,20,31,419,4,205,4,631.1885441527446,602.0,163.49,542.8461538461538,538.0,97.06,613.0,610.0,56.71,817.6666666666666,774.5,229.89,716.37,694.2385,93.35,980.625,972.0,242.7,2020,4400726.0,Bismarckallee,,
,,1009,707,598,14,36,36,541,8,278,7,626.2421441774492,596.0,193.14,477.44444444444446,496.0,79.62,652.0357142857143,593.0,252.37,746.0,674.0,155.37,717.4469999999999,679.8365,100.79,902.9310344827586,771.0,372.24,2020,4400727.0,Flinsberger Platz,,
,,368,331,274,4,15,16,253,6,65,4,697.901185770751,675.0,168.55,694.25,726.0,109.06,789.0,708.0,232.0,914.0,814.0,224.9,1040.7665,843.443,356.66,1044.428571428571,1000.0,243.57,2020,4400728.0,Hagenplatz,,
,,370,338,298,8,6,22,275,1,39,0,733.3381818181819,711.0,174.74,680.0,702.0,103.21,1042.25,891.0,384.06,865.0,883.0,96.27,1066.0,1066.0,,1091.6315789473683,1117.0,329.48,2020,4400729.0,Hundekehle,,
,,884,818,684,16,26,28,610,10,251,9,661.5032786885246,630.0,183.73,528.8,532.0,85.83,610.3571428571429,570.0,139.21,670.9230769230769,676.0,111.98,759.5875000000001,759.665,131.21,887.1739130434783,803.0,327.19,2020,4400830.0,Forckenbeckstraße,,
,,171,166,142,5,0,5,129,0,38,0,684.2713178294574,656.0,162.23,625.0,635.0,35.09,,,,,,,,,,1086.0,1086.0,190.92,2020,4400831.0,Messelpark,,
,,739,701,585,11,16,13,524,3,212,2,649.2538167938932,620.0,152.03,610.5454545454545,634.0,84.02,747.8,703.0,195.31,696.25,692.5,151.64,857.131,814.19,82.31,1051.75,895.5,404.54,2020,4400832.0,Breite Straße,,
,,549,513,431,10,23,11,394,9,167,8,661.1751269035533,626.0,170.14,593.8,604.5,170.23,670.7333333333333,664.0,105.83,754.6363636363636,764.0,120.38,773.9563333333334,772.226,79.04,1076.2,1082.5,321.71,2020,4400833.0,Schlangenbader Straße,,
,,411,384,312,5,10,11,273,7,166,6,588.8974358974359,563.0,145.93,543.25,514.0,140.27,695.625,589.0,215.35,721.4285714285714,694.0,54.37,814.9742857142857,813.444,196.13,858.7777777777778,854.0,293.35,2020,4400834.0,Binger Straße,,
,,963,906,731,14,17,31,663,5,402,5,586.7481146304676,552.0,168.21,535.0769230769231,494.0,117.33,594.1666666666666,605.0,83.68,671.6666666666666,658.0,145.87,731.6224,735.883,41.77,965.44,1018.0,230.88,2020,4400835.0,Rüdesheimer Platz,,
,,606,547,464,6,19,29,415,9,313,9,539.7614457831326,492.0,172.66,520.3333333333334,437.0,259.18,495.2307692307692,490.0,71.97,623.2727272727273,585.0,98.31,651.9526666666667,623.05,90.5,816.3571428571429,806.0,273.5,2020,4500936.0,Droysenstraße,,
,,950,876,734,29,26,36,658,17,418,15,577.1352583586627,543.5,176.42,522.64,497.0,131.58,616.4,606.5,138.4,713.7619047619048,694.0,205.64,797.4337058823531,711.67,298.22,755.8064516129032,652.0,253.74,2020,4500937.0,Halensee,,
,,891,836,696,19,15,31,632,8,396,6,593.8037974683544,549.5,194.36,562.0625,555.5,121.93,545.8181818181819,502.0,141.76,677.0,577.0,258.95,712.778,651.322,189.14,918.0384615384615,835.0,358.89,2020,4500938.0,Hochmeisterplatz,,
,,694,627,532,11,28,31,470,14,346,13,546.868085106383,510.5,161.92,511.2857142857143,457.0,159.83,517.5263157894736,492.0,88.05,671.4117647058823,602.0,223.46,722.6473571428571,736.75,118.83,838.074074074074,706.0,376.91,2020,4500939.0,Eisenzahnstraße,,
,,583,536,439,10,19,23,395,13,277,11,560.2911392405064,520.0,168.93,419.44444444444446,410.0,63.97,598.4117647058823,547.0,131.99,661.4375,604.0,163.28,708.4105384615383,737.467,142.68,797.8421052631579,723.0,308.34,2020,4501040.0,Hindemithplatz,,
,,782,688,537,11,53,33,485,36,351,30,554.0556701030928,516.0,173.29,463.9090909090909,446.0,82.38,588.1190476190476,557.0,119.48,688.25,677.5,133.35,731.1897222222223,692.238,145.4,706.9032258064516,625.0,221.71,2020,4501041.0,George-Grosz-Platz,,
,,2391,2183,1954,44,120,79,1718,74,1160,70,550.9406286379511,526.0,187.24,479.1428571428572,477.0,88.3,568.9791666666666,565.5,203.49,697.0348837209302,682.0,147.42,757.4721351351352,700.537,345.59,716.6478873239437,617.0,288.84,2020,4501042.0,Breitscheidplatz,,
,,1113,995,836,26,54,47,738,26,559,23,538.7411924119241,509.0,164.91,450.4761904761905,442.0,92.6,560.4594594594595,521.0,157.43,648.3714285714286,602.0,162.2,696.2257307692307,655.175,159.72,804.3076923076923,644.0,355.15,2020,4501043.0,Preußenpark,,
,,684,624,530,23,34,16,470,19,340,18,529.8553191489361,493.5,164.45,466.7142857142857,484.0,96.62,533.9565217391304,497.0,108.64,663.3478260869565,635.0,163.76,711.9913157894738,666.474,119.22,784.0,667.5,296.81,2020,4501044.0,Ludwigkirchplatz,,
,,958,862,707,16,52,39,637,32,465,32,532.5886970172685,498.0,179.17,494.6923076923077,524.0,86.13,528.3170731707318,525.0,99.9,654.3243243243244,667.0,143.41,707.1032500000001,709.3385000000001,95.44,749.8275862068965,633.0,349.67,2020,4501045.0,Schaperstraße,,
,,541,491,402,7,23,24,366,11,253,11,550.0874316939891,526.0,182.92,416.8,363.0,116.51,487.6666666666667,456.0,168.49,619.6470588235294,648.0,119.39,699.4894545454545,677.467,98.72,864.85,819.0,357.67,2020,4501146.0,Barstraße,,
,,544,505,414,8,16,18,373,5,263,5,524.0697050938338,493.0,200.84,465.0,468.0,73.48,419.45454545454544,387.0,65.03,535.4444444444445,499.0,181.54,595.2428,592.4,22.02,768.8571428571429,685.5,271.68,2020,4501147.0,Leon-Jessel-Platz,,
,,773,439,380,8,14,22,352,7,251,7,558.40625,520.5,188.16,510.2857142857143,488.0,153.23,509.1818181818182,503.0,100.41,727.4285714285714,667.0,239.55,631.1967142857144,610.544,77.83,818.25,671.0,368.9,2020,4501148.0,Brabanter Platz,,
,,1057,927,778,18,31,40,695,16,530,15,517.8388489208633,484.0,166.49,485.875,479.0,99.61,492.36,470.0,100.15,585.5454545454545,540.0,144.95,711.23875,693.267,123.52,870.5142857142857,697.0,427.35,2020,4501149.0,Nikolsburger Platz,,
,,565,528,461,8,19,15,388,13,300,12,517.2551546391752,469.0,172.3,416.0,404.0,55.48,498.1764705882353,493.0,75.53,626.75,588.0,170.43,630.0326153846155,572.2429999999999,145.78,665.3076923076923,526.0,424.93,2020,4501150.0,Wilhelmsaue,,
,,562,513,411,14,18,21,369,7,275,7,537.4823848238483,500.0,157.03,440.6,418.5,83.41,623.5625,544.5,235.52,668.4,638.0,156.77,731.7641428571429,746.2,100.11,858.8333333333334,631.0,435.2,2020,4501151.0,Hildegardstraße,,
,,675,621,515,16,25,22,455,14,314,13,557.3098901098901,511.0,170.2,481.8666666666667,492.0,70.54,526.0909090909091,520.0,80.14,669.5714285714286,611.0,176.22,721.2853571428572,725.058,158.78,720.0,626.5,306.24,2020,4501152.0,Prager Platz,,
,,913,839,720,15,22,38,638,12,469,11,553.1347962382445,507.5,186.11,417.2307692307692,372.0,102.15,511.9230769230769,504.0,85.23,658.7692307692307,636.0,106.42,729.4030833333333,735.6234999999999,85.66,997.7333333333332,936.0,455.6,2020,4501153.0,Babelsberger Straße,,
,,854,717,610,13,29,27,555,15,141,5,760.0234234234234,709.0,236.0,622.0,630.0,121.1,773.0526315789474,700.0,233.44,880.0,871.5,215.54,1000.9512,997.576,206.82,934.5,858.5,259.47,2020,5100101.0,Hakenfelde Nord,,
,,454,428,356,5,10,11,327,6,146,5,667.5688073394496,617.0,185.65,562.0,565.0,123.77,687.25,665.5,56.03,685.0,651.0,100.71,864.3641666666666,866.54,95.11,1165.75,1115.0,271.19,2020,5100102.0,Am Forstacker,,
,,558,502,401,8,30,16,367,15,174,8,673.7711171662125,614.0,228.02,659.125,626.0,121.33,660.5238095238095,662.0,119.87,762.75,720.0,152.06,937.6054,892.463,154.84,932.8333333333334,907.5,233.44,2020,5100103.0,Mertensstraße,,
,,749,708,584,16,16,18,528,5,312,3,622.7291666666666,569.0,198.55,534.75,546.0,114.68,705.625,660.0,133.07,766.3636363636364,669.0,195.35,940.4818,891.58,141.43,1080.0,975.0,257.39,2020,5100104.0,Maselake,,
,,704,647,543,15,22,28,487,8,252,2,625.1252566735113,594.0,182.02,564.3846153846154,550.0,116.22,635.4285714285714,622.0,102.89,741.4,683.0,115.99,1018.9345,1001.5665,201.32,1029.4117647058824,1006.0,452.13,2020,5100105.0,Amorbacher Weg,,
,,891,498,402,11,21,11,358,16,218,7,606.254189944134,565.0,179.69,607.1,605.5,126.66,798.6666666666666,772.5,111.51,909.8823529411764,907.0,179.16,980.10875,970.6985,190.77,1006.2857142857144,726.0,456.12,2020,5100206.0,Griesingerstraße,,
,,212,200,179,4,4,5,154,0,67,0,674.512987012987,637.5,241.21,633.0,633.0,,744.6666666666666,727.0,66.29,803.0,803.0,,,,,640.0,640.0,,2020,5100207.0,An der Tränke,,
,,1424,1306,1093,21,48,54,956,10,558,8,615.1108786610879,578.0,176.08,604.9444444444445,567.0,149.55,650.1666666666666,638.0,146.69,893.75,833.5,259.42,990.0562,764.0865,683.0,851.6315789473684,767.5,310.73,2020,5100208.0,Im Spektefeld,,
,,1350,1263,1018,24,28,41,928,10,486,8,624.6228448275862,593.5,168.06,541.4761904761905,543.0,89.72,649.0952380952381,628.0,101.92,807.9090909090909,691.0,318.97,826.0956,775.225,167.07,803.5,726.5,253.95,2020,5100209.0,Westerwaldstraße,,
,,917,840,681,15,32,36,623,12,369,7,603.0192616372392,569.0,170.67,576.25,526.0,154.49,659.3913043478261,634.0,99.93,779.3333333333334,723.0,200.24,938.1955000000002,808.5715,281.71,861.46875,729.0,304.96,2020,5100210.0,Germersheimer Platz,,
,,739,696,585,20,15,21,528,2,310,2,598.5056818181819,576.0,168.14,498.52941176470586,512.0,129.34,803.6666666666666,658.0,422.54,966.8571428571428,841.0,405.5,725.9304999999999,725.9304999999999,85.71,1090.8333333333333,1005.5,427.36,2020,5100211.0,An der Kappe,,
,,370,353,279,8,4,12,251,2,146,2,587.6494023904382,543.0,173.25,437.7142857142857,419.0,74.44,623.0,562.0,129.74,562.0,562.0,1.41,743.5509999999999,743.5509999999999,68.91,1084.5,1012.0,295.17,2020,5100312.0,Eckschanze,,
,,1042,961,818,28,39,27,732,18,510,15,530.9180327868852,485.5,183.94,481.875,428.5,129.46,591.1578947368421,567.0,100.08,606.7727272727273,549.5,132.3,762.1068333333333,767.723,132.84,888.4285714285714,804.0,435.16,2020,5100313.0,Eiswerder,,
,,1099,743,608,11,34,42,543,17,373,14,528.2891344383057,470.0,185.93,458.77777777777777,426.0,124.12,565.36,507.0,183.64,610.25,532.5,169.43,808.7653529411765,779.283,137.28,839.59375,690.5,357.16,2020,5100314.0,Kurstraße,,
,,763,698,574,14,18,39,524,6,376,6,546.736641221374,505.5,187.34,520.7692307692307,488.0,143.0,561.5833333333334,536.5,186.82,611.75,570.0,149.35,748.4383333333334,749.86,88.53,903.8275862068964,843.0,380.7,2020,5100315.0,Ackerstraße,,
,,2195,2089,1777,30,36,56,1631,12,1092,11,579.6333537706928,542.0,176.27,485.2608695652174,479.0,65.79,629.52,592.0,226.34,703.4666666666667,648.0,202.88,701.5082499999999,645.952,179.52,924.804347826087,868.0,347.66,2020,5100316.0,Carl-Schurz-Straße,,
,,657,581,493,5,40,29,458,24,270,22,603.8973799126637,561.0,193.86,531.25,527.5,38.79,595.5,550.5,172.13,649.6206896551724,609.0,176.56,736.9213750000002,701.7085,141.88,826.32,652.0,364.71,2020,5100317.0,Freiheit,,
,,260,236,201,8,14,7,170,1,64,0,695.9941176470588,686.0,213.61,674.0,684.5,109.15,836.5,859.5,136.91,1188.5,1188.5,24.75,980.143,980.143,,951.75,955.5,215.69,2020,5200418.0,Isenburger Weg,,
,,171,159,132,6,3,7,110,0,58,0,607.5090909090909,560.0,210.2,482.0,408.0,143.15,667.0,667.0,103.24,908.5,908.5,0.71,,,,857.0,784.0,256.24,2020,5200419.0,Am Heideberg,,
,,665,595,471,15,41,24,427,20,198,15,633.4824355971897,611.0,185.26,518.5,510.5,137.67,731.8666666666667,714.0,89.93,789.6428571428571,761.5,106.94,857.63185,802.8765000000001,203.48,966.3125,974.5,260.17,2020,5200420.0,Staakener Straße,,
,,513,470,382,8,22,8,340,10,122,4,692.3088235294117,666.0,201.91,613.625,626.5,153.47,782.7,777.5,52.52,934.5384615384615,955.0,113.6,968.9635999999998,942.707,153.59,998.0,1075.5,245.79,2020,5200421.0,Spandauer Straße,,
,,106,95,80,2,7,3,69,2,13,0,835.0579710144928,787.0,276.68,735.0,735.0,130.11,877.4,699.0,321.38,921.0,935.5,58.98,949.212,949.212,2.72,859.5,859.5,201.53,2020,5200422.0,Werkstraße,,
,,874,824,679,19,15,27,594,6,214,4,685.5993265993266,656.0,202.66,621.6428571428571,629.0,85.36,704.8888888888889,731.0,98.63,831.0,813.0,120.19,854.2521666666667,861.815,63.83,1088.3809523809523,1120.0,215.9,2020,5200423.0,Magistratsweg,,
,,280,257,217,8,8,14,185,4,46,2,727.918918918919,719.0,173.24,613.875,541.0,165.42,765.25,768.0,59.37,827.5,825.5,34.59,909.3375,902.8765,32.35,1173.2,1251.0,385.64,2020,5200524.0,Döberitzer Weg,,
,,246,226,193,3,10,7,168,1,30,1,733.4464285714286,689.0,187.41,397.0,397.0,270.11,764.0,764.0,,800.0,800.0,,800.304,800.304,,1182.3333333333333,1007.5,363.25,2020,5200525.0,Pillnitzer Weg,,
,,806,754,603,7,28,17,539,20,114,16,700.1985157699444,669.0,164.87,690.6,653.0,111.41,726.5,724.0,109.81,750.4375,719.5,106.2,867.0361500000001,846.203,157.39,994.5625,904.0,329.02,2020,5200526.0,Rudolf-Wissell-Großsiedlung,,
,,1994,1844,1514,22,59,76,1347,35,476,26,671.4795842613214,639.0,172.84,591.7333333333333,582.0,75.19,720.0322580645161,683.0,109.82,732.2222222222222,719.0,96.53,871.0358857142859,825.29,176.34,942.7627118644068,870.0,269.38,2020,5200527.0,Maulbeerallee,,
,,879,804,662,14,17,46,578,2,196,2,671.3252595155709,649.0,161.49,594.9230769230769,578.0,79.15,639.2,671.0,113.76,735.0,679.0,107.59,760.0835,760.0835,31.11,944.4411764705884,886.5,325.82,2020,5200528.0,Weinmeisterhornweg,,
,,1786,1674,1430,32,41,62,1285,15,936,13,556.6583657587548,529.0,162.98,435.375,428.5,75.9,619.2413793103449,621.0,112.73,671.9,627.0,163.16,732.9828666666667,712.463,162.92,939.1458333333334,864.5,352.21,2020,5200629.0,Borkumer Straße,,
,,1087,1006,832,15,26,43,751,8,579,6,539.7243675099867,485.0,199.98,500.6923076923077,433.0,182.69,547.7142857142857,532.0,91.21,597.5,558.0,113.57,760.4558749999999,655.5685,239.83,787.5862068965517,648.0,380.28,2020,5200630.0,Wilhelmstadt West,,
,,982,891,733,15,26,55,655,11,540,9,489.6549618320611,443.0,179.98,429.6,423.0,93.26,500.9411764705882,474.0,116.27,647.1111111111111,576.5,193.67,872.5486363636363,774.247,351.15,854.4897959183673,673.0,420.86,2020,5200631.0,Wilhelmstadt Ost,,
,,545,498,407,11,19,18,370,6,254,5,578.7324324324325,520.5,208.87,441.625,422.5,73.2,618.5714285714286,628.0,81.12,796.5714285714286,781.0,173.78,765.1055,729.7635,156.89,932.4375,759.0,414.94,2020,5200632.0,Tiefwerder,,
,,383,358,302,4,6,17,282,0,185,0,590.8368794326241,547.5,193.27,520.3333333333334,521.0,34.0,506.5,506.5,92.63,617.0,617.0,,,,,937.2,805.0,491.21,2020,5200633.0,Graetschelsteig,,
,,541,480,414,11,16,30,347,3,179,2,646.1412103746397,587.0,219.56,580.2857142857143,485.0,229.83,522.8571428571429,538.0,204.4,645.6666666666666,664.5,99.17,834.5056666666666,788.97,173.23,942.5238095238096,865.0,268.26,2020,5200634.0,Börnicker Straße,,
,,119,102,84,2,2,15,79,1,31,1,668.5189873417721,629.0,172.11,676.5,676.5,67.18,704.0,704.0,,621.0,621.0,,713.086,713.086,,872.4545454545455,810.0,319.04,2020,5300735.0,Haveleck,,
,,614,548,453,2,32,28,413,19,236,13,612.1452784503632,565.0,195.09,507.0,507.0,166.88,707.5238095238095,619.0,259.99,788.7619047619048,778.0,162.55,828.5646315789473,805.15,135.09,912.0,802.5,363.75,2020,5300736.0,Zitadellenweg,,
,,1437,1339,1119,28,36,47,999,17,552,12,595.1661661661661,571.0,223.5,475.3076923076923,463.5,152.93,731.4090909090909,694.5,133.44,799.56,786.0,147.51,833.4396470588234,786.384,120.61,949.3,925.5,338.49,2020,5300737.0,Gartenfelder Straße,,
,,50,30,24,0,17,3,22,13,10,9,647.8181818181819,675.5,197.96,,,,709.2142857142857,610.5,221.44,901.7692307692308,886.0,88.02,947.9130000000002,885.756,172.56,987.5,987.5,267.99,2020,5300838.0,Gartenfeld,,
,,876,794,647,15,40,37,594,10,376,8,601.8350168350169,543.0,197.24,477.0,443.0,100.26,703.6428571428571,676.0,223.21,842.6923076923077,804.0,312.31,852.9021,815.4005,139.52,784.625,702.5,279.98,2020,5300839.0,Rohrdamm,,
,,306,252,222,3,25,24,201,11,131,7,567.1691542288557,527.0,211.29,497.0,497.0,111.72,646.0769230769231,609.0,182.54,786.1428571428571,822.0,168.36,880.6127272727274,865.386,112.88,733.4285714285714,583.0,312.62,2020,5300840.0,Nonnendammallee,,
,,565,514,429,16,20,21,389,10,283,8,536.73264781491,477.0,182.83,431.22222222222223,404.0,72.49,693.1538461538462,815.0,261.09,830.1538461538462,816.0,153.76,935.4031999999996,844.443,216.19,670.8666666666667,638.0,284.9,2020,5300841.0,Siemensdamm,,
,,729,412,334,5,31,30,269,17,91,4,684.7620817843866,657.0,183.48,532.3333333333334,536.0,26.69,641.3846153846154,674.0,209.16,1030.5,1046.0,139.92,1158.0075882352942,1062.426,729.18,891.4705882352941,831.0,396.47,2020,5400942.0,Alt-Gatow,,
,,559,497,421,9,23,29,333,3,186,0,636.2492492492493,575.0,219.47,638.0,569.0,181.56,754.8181818181819,757.0,119.1,1041.75,1077.5,113.54,1212.496666666667,1130.91,213.13,1103.5833333333333,1088.0,274.9,2020,5400943.0,Jägerallee,,
,,261,245,194,4,1,12,142,1,98,0,595.2112676056338,506.0,285.3,442.0,442.0,42.43,,,,1100.0,1100.0,,2145.773,2145.773,,1322.0,1365.0,591.61,2020,5400944.0,Kladower Damm,,
,,318,307,264,14,3,7,193,0,105,0,655.3523316062176,589.0,255.21,596.6363636363636,617.0,207.8,731.0,731.0,,,,,,,,797.0,797.0,,2020,5400945.0,Kafkastraße,,
,,906,856,690,20,14,30,619,3,355,3,593.5573505654281,576.0,166.6,505.8571428571428,509.5,88.25,515.1666666666666,538.0,125.44,463.5,463.5,249.61,732.6333333333332,686.617,84.76,877.4,690.0,427.1,2020,6100101.0,Fichtenberg,,
,,1095,985,817,21,66,38,720,28,470,22,559.7222222222222,526.0,173.46,512.6428571428571,482.5,126.44,577.3170731707318,540.0,172.99,693.8378378378378,697.0,114.31,894.1855357142858,777.0735,399.15,980.809523809524,1031.0,456.65,2020,6100102.0,Schloßstraße,,
,,760,692,564,9,36,30,510,17,321,12,582.6274509803922,545.0,170.32,475.7142857142857,456.0,62.7,591.7083333333334,555.5,121.43,807.6818181818181,775.0,145.19,845.9547647058822,834.04,141.01,867.875,733.0,297.28,2020,6100103.0,Markelstraße,,
,,538,493,388,10,17,19,338,5,199,3,606.2189349112426,572.5,197.29,525.25,515.5,61.79,618.7777777777778,602.0,147.09,834.5,803.0,254.86,928.915,800.364,321.91,950.7058823529412,909.0,424.0,2020,6100204.0,Munsterdamm,,
,,802,756,632,11,16,28,549,5,345,5,584.9908925318762,555.0,172.94,462.25,458.0,81.86,601.0,579.0,146.89,697.4285714285714,797.0,150.4,808.579,807.826,69.63,732.15,713.5,199.15,2020,6100205.0,Südende,,
,,823,772,642,18,12,31,562,1,361,1,575.3345195729537,554.0,163.75,463.07142857142856,480.5,91.99,594.0,590.0,161.16,510.0,472.0,83.74,529.227,529.227,,832.1111111111111,728.0,332.55,2020,6100206.0,Stadtpark,,
,,669,619,510,12,24,19,461,8,278,8,576.3926247288504,550.0,180.81,509.625,516.0,170.36,517.5454545454545,489.0,122.81,669.6,667.5,178.3,753.0701250000001,777.854,68.55,853.2666666666667,778.0,321.23,2020,6100207.0,Mittelstraße,,
,,663,627,496,12,6,18,445,1,286,1,537.3932584269663,502.0,194.81,360.8181818181818,363.0,83.71,664.0,664.0,,859.0,859.0,,752.703,752.703,,673.9285714285714,523.0,359.53,2020,6100208.0,Bergstraße,,
,,825,745,604,23,37,35,526,7,349,7,555.796577946768,532.5,157.98,481.1428571428572,455.0,99.46,556.6666666666666,548.5,127.63,781.5,698.5,221.15,717.4089999999999,696.19,75.29,878.9,753.5,378.98,2020,6100209.0,Feuerbachstraße,,
,,481,453,371,13,13,12,340,3,250,3,548.5382352941176,505.5,178.59,474.6363636363636,463.0,90.52,745.6666666666666,688.5,269.77,691.625,691.0,120.17,684.6263333333333,652.51,72.23,784.2222222222222,611.0,453.74,2020,6100210.0,Bismarckstraße,,
,,524,486,401,10,13,15,359,0,190,0,627.1559888579387,593.0,172.07,507.8571428571428,503.0,51.01,662.5,662.5,0.71,719.0,719.0,36.77,,,,778.3636363636364,764.0,153.23,2020,6200311.0,Alt-Lankwitz,,
,,724,696,571,13,12,9,499,3,274,3,616.5170340681362,585.0,160.05,617.0,579.0,179.88,573.0,573.0,9.9,789.5714285714286,797.0,131.93,861.3276666666667,883.753,51.4,1087.5,1022.0,551.73,2020,6200312.0,Komponistenviertel Lankwitz,,
,,761,716,592,16,9,27,529,3,326,1,597.6994328922495,558.0,188.54,546.2727272727273,580.0,141.65,710.0,680.0,166.91,768.5,685.0,273.72,975.3606666666668,999.543,221.21,876.85,863.5,261.59,2020,6200313.0,Lankwitz Kirche,,
,,625,584,501,7,19,13,437,4,268,4,601.4073226544623,567.0,179.3,490.1666666666667,506.5,52.15,755.4444444444445,721.0,274.43,793.2857142857143,795.0,81.33,754.40925,742.5450000000001,34.6,874.6,724.0,360.89,2020,6200314.0,Kaiser-Wilhelm-Straße,,
,,920,717,602,23,18,18,532,4,308,3,598.7706766917294,557.0,198.75,519.7,503.0,139.55,687.0,673.0,165.68,737.7777777777778,735.0,118.41,858.8957500000001,790.835,179.44,881.25,810.0,308.9,2020,6200315.0,Gallwitzallee,,
,,652,601,499,12,20,25,446,10,281,7,603.9596412556053,570.5,169.25,553.7,537.0,126.68,739.5,664.5,220.94,718.7333333333333,671.0,102.26,894.8344,828.057,241.8,744.6818181818181,736.5,142.6,2020,6200316.0,Belßstraße,,
,,579,542,441,9,14,16,400,0,244,0,603.2575,566.0,183.67,559.375,515.0,121.78,566.8333333333334,585.0,73.08,970.0,851.0,322.43,,,,724.7857142857143,681.5,211.18,2020,6200317.0,Lankwitz Süd,,
,,5,2,2,0,3,0,2,2,1,1,768.5,768.5,412.24,,,,734.0,734.0,114.55,945.0,945.0,,887.3465,887.3465,81.81,,,,2020,6200418.0,Landweg,,
,,479,447,368,6,11,18,324,4,102,2,729.2901234567901,688.0,219.36,592.4,580.0,26.16,663.8333333333334,609.5,140.54,1127.4,977.0,295.89,896.94575,865.1835,117.18,804.375,785.0,219.15,2020,6200419.0,Thermometersiedlung,,
,,794,751,614,15,10,29,540,5,189,3,697.2851851851852,671.0,189.13,538.1818181818181,508.0,64.44,679.1428571428571,581.0,222.61,765.0,720.0,213.44,925.552,788.153,240.75,794.04,674.0,303.91,2020,6200420.0,Lichterfelde Süd,,
,,1204,968,810,25,25,30,706,5,424,3,565.5070821529745,535.5,187.33,491.04545454545456,444.0,155.47,616.3636363636364,568.0,146.83,801.2857142857143,842.0,166.32,850.5214,837.79,112.89,636.6363636363636,621.0,276.16,2020,6200421.0,Königsberger Straße,,
,,759,721,597,13,15,16,519,9,279,6,613.8420038535645,589.0,172.97,524.7272727272727,528.0,79.38,642.2222222222222,564.0,164.38,710.6666666666666,771.0,167.35,881.554,851.39,153.28,863.3571428571429,832.0,308.03,2020,6200422.0,Oberhofer Platz,,
,,908,857,723,20,17,26,632,5,223,1,686.623417721519,648.0,185.16,609.1052631578947,614.0,80.08,759.6666666666666,671.0,223.97,748.4285714285714,671.0,228.32,1048.4436,952.214,228.63,890.45,857.5,249.02,2020,6200423.0,Schütte-Lanz-Straße,,
,,563,541,468,11,7,12,415,1,166,0,694.1373493975904,650.0,211.53,593.8888888888889,578.0,77.31,716.8,658.0,185.84,830.0,830.0,,959.8,959.8,,672.1666666666666,679.0,81.94,2020,6300524.0,Berlepschstraße,,
,,520,490,403,16,11,12,351,0,54,0,771.3760683760684,731.0,210.73,601.2,615.0,171.69,767.4285714285714,781.0,80.85,761.8333333333334,754.5,71.49,,,,924.2222222222222,890.0,109.54,2020,6300525.0,Zehlendorf Süd,,
,,554,500,428,9,18,33,374,3,207,3,605.5588235294117,550.0,215.09,440.8,487.0,128.61,633.9166666666666,562.0,151.92,567.875,559.0,110.83,776.2866666666667,807.15,71.23,709.8620689655172,522.0,416.74,2020,6300526.0,Zehlendorf Mitte,,
,,707,651,564,16,17,37,496,1,307,0,598.2540322580645,545.0,215.06,516.3076923076923,514.0,113.05,633.25,529.5,370.62,565.8571428571429,547.0,71.05,956.267,956.267,,584.7037037037037,574.0,121.28,2020,6300527.0,Sundgauer Straße,,
,,1351,1037,898,22,25,36,801,8,356,4,685.358302122347,619.0,229.07,544.7619047619048,521.0,82.56,637.6666666666666,619.0,106.3,707.4545454545455,688.0,99.76,909.66675,886.5035,147.79,835.8148148148148,755.0,329.4,2020,6300528.0,Teltower Damm,,
,,528,483,398,10,20,20,364,10,206,10,610.7445054945055,579.0,161.6,526.0,512.0,81.52,627.75,616.0,76.74,666.7333333333333,669.0,69.18,715.5231000000001,721.4695,82.7,965.5714285714286,724.5,431.88,2020,6300629.0,Botanischer Garten,,
,,1033,512,394,14,28,15,338,17,201,14,602.0384615384615,560.0,181.87,535.5,548.0,63.41,628.0555555555555,581.5,120.81,669.0909090909091,647.5,75.73,824.6815294117646,813.306,73.75,744.3846153846154,682.0,278.43,2020,6300630.0,Hindenburgdamm,,
,,395,352,307,5,20,21,269,12,97,5,682.5278810408922,652.0,197.42,582.0,605.0,78.68,706.8461538461538,708.0,60.55,870.8181818181819,827.0,190.03,978.4749166666666,909.235,254.06,826.421052631579,797.0,165.8,2020,6300631.0,Goerzwerke,,
,,1114,1048,839,33,34,26,738,21,378,12,647.8672086720867,597.5,209.16,552.1111111111111,571.0,99.09,665.9583333333334,604.0,232.4,787.25,735.5,190.2,892.071761904762,771.1,328.33,783.304347826087,689.0,358.4,2020,6300632.0,Schweizer Viertel,,
,,953,901,747,16,20,27,674,8,391,8,609.4614243323442,572.0,172.6,531.7692307692307,516.0,79.98,587.2,554.0,104.8,702.2727272727273,693.0,132.71,710.488625,722.47,80.7,874.88,770.0,360.26,2020,6300633.0,Augustaplatz,,
,,733,688,577,18,13,22,519,4,272,4,633.9441233140656,594.0,183.64,529.5333333333333,543.0,94.26,537.5,541.5,68.17,756.2857142857143,685.0,163.1,807.819,849.2965,121.77,724.5384615384615,698.0,134.8,2020,6300634.0,Lichterfelde West,,
,,1373,1174,978,18,60,76,798,12,293,0,700.4147869674185,658.0,249.21,630.9,618.0,130.84,768.4347826086956,656.0,346.5,1200.571428571429,1100.5,296.51,1240.0815833333334,1123.768,271.41,857.5818181818182,831.0,313.76,2020,6400735.0,Wannsee,,
,,683,515,449,11,11,14,398,1,126,1,705.286432160804,646.0,209.6,601.25,574.5,80.07,665.4285714285714,659.0,122.56,816.0,768.0,221.93,746.694,746.694,,862.5555555555555,767.0,292.11,2020,6400736.0,Düppel,,
,,1461,1164,999,26,56,76,864,9,463,7,647.2395833333334,586.0,228.2,558.3333333333334,545.0,89.13,658.5,619.5,191.47,898.0,790.0,335.94,922.7862222222224,849.797,280.06,714.0833333333334,648.5,253.07,2020,6400737.0,Nikolassee,,
,,957,674,583,21,48,36,506,12,154,7,721.9782608695652,656.0,222.43,664.35,565.0,295.98,799.8333333333334,722.0,252.42,827.1333333333333,730.0,214.4,949.9433333333332,884.5799999999999,212.66,847.9354838709677,867.0,196.44,2020,6400838.0,Krumme Lanke,,
,,459,421,354,9,16,19,317,3,140,3,674.9148264984227,638.0,220.86,573.75,528.5,123.78,665.5333333333333,583.0,254.77,776.0,858.0,165.39,751.7946666666667,734.3,41.73,758.75,697.5,378.09,2020,6400839.0,Fischerhüttenstraße,,
,,565,539,458,10,8,15,411,1,183,1,678.7104622871046,632.0,206.61,463.1666666666667,438.0,148.69,577.2,605.0,87.38,578.0,578.0,,898.24,898.24,,733.7142857142857,672.5,219.77,2020,6400840.0,Fischtal,,
,,628,594,481,12,13,13,442,4,269,3,576.1244343891402,502.5,209.52,400.3,440.0,96.08,610.1666666666666,620.0,109.67,641.1428571428571,564.0,248.91,836.4527499999999,791.115,200.39,432.3333333333333,420.0,145.88,2020,6400841.0,Zehlendorf Eiche,,
,,496,461,392,8,12,19,359,7,130,6,721.2395543175487,656.0,247.28,488.5,477.5,129.95,676.6363636363636,686.0,86.2,693.7777777777778,688.0,75.13,829.3285714285713,799.717,78.0,1001.8571428571428,879.5,419.99,2020,6400842.0,Hüttenweg,,
,,419,359,306,9,40,17,276,26,161,20,623.4239130434783,575.5,202.04,460.25,455.5,127.11,654.5714285714286,613.0,132.17,721.9090909090909,708.0,126.13,786.747923076923,764.3365,114.6,937.5333333333332,720.0,461.47,2020,6400843.0,Thielallee,,
,,751,691,606,13,25,28,543,6,212,6,670.6961325966851,640.0,172.3,635.25,601.0,145.57,657.7777777777778,673.5,88.68,828.9166666666666,822.5,97.96,776.5371666666666,776.7515000000001,36.5,1016.5384615384615,904.0,360.56,2020,6400844.0,Dahlem,,
,,1578,1449,1176,26,57,54,1062,36,711,35,562.1873822975518,536.5,162.71,469.3,447.0,87.64,579.695652173913,584.0,119.54,724.2682926829268,706.0,165.16,720.9630555555555,711.3485000000001,89.47,755.5813953488372,715.0,261.91,2020,7100101.0,Wittenbergplatz,,
,,1269,1175,993,24,28,56,882,16,610,15,567.7006802721088,538.0,156.77,492.1578947368421,473.0,69.32,641.047619047619,591.0,241.29,677.5882352941177,649.0,143.49,718.8059999999999,691.1195,111.02,766.7307692307693,677.0,300.51,2020,7100102.0,Kalckreuthstraße,,
,,1007,938,791,21,26,37,717,12,503,11,564.160390516039,529.0,166.67,486.5263157894737,469.0,83.02,595.5,580.0,113.28,735.7058823529412,688.0,258.16,934.0595000000002,726.453,735.26,892.4827586206897,878.0,226.84,2020,7100103.0,Frobenstraße,,
,,779,702,572,16,32,29,523,11,378,11,558.9502868068834,519.0,164.72,473.1333333333333,455.0,67.84,512.695652173913,517.0,73.52,626.578947368421,590.0,106.98,694.1792727272727,718.66,83.91,778.5384615384615,735.5,249.02,2020,7100204.0,Barbarossaplatz,,
,,688,646,523,10,18,19,459,9,318,8,568.0479302832244,530.0,170.92,558.75,581.0,111.94,548.1666666666666,530.5,66.79,754.1538461538462,633.0,316.08,719.0156666666667,699.474,109.91,734.375,700.5,244.3,2020,7100205.0,Alvenslebenstraße,,
,,939,863,717,12,34,31,651,17,477,17,559.7695852534562,516.0,176.04,488.7,479.5,82.56,548.2173913043479,528.0,94.91,674.4545454545455,637.5,119.85,681.0405294117647,671.73,83.08,846.6666666666666,613.0,350.81,2020,7100206.0,Großgörschenstraße,,
,,1001,910,744,15,32,45,655,14,496,12,546.7175572519084,518.0,150.43,462.1666666666667,448.0,91.21,528.05,512.0,58.36,627.9473684210526,587.0,176.88,702.3635714285716,666.3135,133.63,865.625,754.5,318.88,2020,7200307.0,Bayerischer Platz,,
,,1178,1070,894,20,37,54,794,19,607,17,532.4181360201511,497.0,169.63,508.3125,452.5,187.4,588.9615384615385,559.5,179.47,654.7272727272727,593.5,181.78,710.8875789473683,634.897,224.48,869.8723404255319,832.0,348.05,2020,7200308.0,Volkspark (Rudolph-Wilde-Park),,
,,919,838,687,16,31,36,627,13,480,13,526.030303030303,478.0,183.14,441.3636363636364,459.0,72.46,533.0,485.0,135.58,661.6111111111111,649.5,115.09,696.2451538461538,657.31,89.51,763.6,766.5,285.08,2020,7200409.0,Belziger Straße,,
,,853,785,642,9,24,39,567,11,428,11,501.1499118165785,449.0,192.17,433.1428571428572,449.0,110.52,462.4705882352941,420.0,121.49,631.8571428571429,630.5,136.8,669.3461818181818,696.594,110.36,720.8571428571429,502.0,382.11,2020,7200410.0,Feurigstraße,,
,,254,234,207,3,8,10,185,2,143,0,505.5081081081081,463.0,158.56,379.5,379.5,13.44,724.3333333333334,672.5,317.05,912.5,831.5,288.77,1223.3049999999998,1223.3049999999998,265.54,969.6,990.5,367.79,2020,7200411.0,Julius-Leber-Brücke,,
,,169,158,141,6,6,4,116,1,85,1,546.7413793103449,532.0,139.24,602.0,536.0,198.41,512.5,519.0,117.9,727.6,708.0,113.63,701.913,701.913,,642.3333333333334,676.0,72.61,2020,7200412.0,Schöneberger Linse,,
,,920,823,726,12,40,45,646,22,488,18,538.9380804953561,499.0,169.82,489.9090909090909,477.0,162.7,623.48,573.0,205.36,663.7407407407408,646.0,112.73,781.1006818181818,774.0885000000001,184.99,910.1714285714286,713.0,411.82,2020,7200413.0,Cheruskerstraße,,
,,238,210,167,2,12,14,152,6,95,6,587.2565789473684,533.0,226.66,353.0,353.0,9.9,524.5454545454545,530.0,111.38,622.6,640.0,162.69,687.3175000000001,682.9069999999999,78.11,700.6923076923077,645.0,243.28,2020,7200414.0,Hohenfriedbergstraße,,
,,448,412,352,6,14,17,316,4,210,4,559.6012658227849,535.0,179.23,471.4,518.0,101.32,589.25,570.0,136.04,696.25,660.5,161.22,692.0875000000001,682.0465,87.74,817.1666666666666,670.0,337.7,2020,7300515.0,Taunusstraße,,
,,753,692,561,8,19,34,509,11,334,11,571.8644400785855,539.0,170.78,577.1428571428571,539.0,109.94,572.7647058823529,582.0,55.94,700.8333333333334,707.5,77.28,751.4480000000002,773.493,104.04,901.3448275862067,827.0,314.41,2020,7300516.0,Odenwaldstraße,,
,,763,698,577,16,22,39,509,10,363,9,545.6699410609037,518.0,160.62,465.8181818181818,467.0,108.3,652.875,625.5,114.57,770.9333333333333,705.0,268.63,720.3898,698.3185000000001,103.85,757.3333333333334,649.0,307.64,2020,7300517.0,Perelsplatz,,
,,657,624,486,15,10,12,435,2,301,2,575.119540229885,527.0,194.83,444.2307692307692,433.0,76.15,600.5,523.5,164.47,711.5,695.0,101.51,857.1965,857.1965,24.54,743.4444444444445,630.0,286.91,2020,7300618.0,Ceciliengärten,,
,,1807,1103,916,23,75,74,824,35,517,33,589.0825242718447,556.0,185.39,534.3809523809524,527.0,121.49,584.8793103448276,566.0,134.01,642.1224489795918,616.0,111.62,701.4299714285715,676.23,101.09,896.5,887.0,344.96,2020,7300619.0,Grazer Platz,,
,,1965,1291,1087,26,44,35,985,15,701,11,557.6335025380711,522.0,177.46,477.6363636363636,467.0,77.02,586.7391304347826,552.0,122.63,691.48,690.0,141.73,793.5302666666666,765.25,161.74,785.1034482758621,653.0,290.3,2020,7400720.0,Gontermannstraße,,
,,651,596,515,9,24,27,477,5,264,4,635.622641509434,579.0,246.58,495.5,540.5,108.88,711.6,706.0,179.18,743.5,685.0,145.78,781.3422,729.38,178.31,986.4782608695652,948.0,372.88,2020,7400721.0,Paradestraße,,
,,558,508,415,14,28,21,374,12,225,10,599.5427807486631,560.5,176.6,457.0,448.0,78.03,618.0,609.0,120.2,725.2631578947369,705.0,157.66,788.4745833333333,769.183,138.62,962.4736842105264,911.0,385.52,2020,7400822.0,Lindenhofsiedlung,,
,,987,918,754,13,23,39,680,15,467,12,559.8382352941177,518.5,181.43,453.0,477.5,104.98,615.1875,548.0,163.53,780.8666666666667,722.0,237.67,914.4014000000002,763.584,491.71,921.448275862069,742.0,434.87,2020,7400823.0,Wittekindstraße,,
,,981,907,762,21,31,35,685,6,458,6,527.1605839416059,488.0,187.7,387.2142857142857,383.0,80.65,530.8461538461538,484.0,130.52,653.3333333333334,711.0,159.84,736.366,711.5795,76.82,796.8,692.0,370.55,2020,7400824.0,Bosepark,,
,,669,613,496,7,21,27,446,9,299,8,552.4260089686098,508.5,171.06,462.5,472.0,50.71,620.1538461538462,595.0,112.55,755.25,738.5,97.26,803.1405555555555,768.13,214.09,1068.5,1004.0,404.2,2020,7400825.0,Friedrich-Karl-Straße,,
,,661,622,511,15,15,18,482,4,327,3,574.9170124481328,531.5,174.15,505.6,507.0,124.12,651.5555555555555,668.0,138.1,894.1666666666666,877.5,230.04,832.1959999999999,790.162,116.55,1109.3846153846157,1209.0,462.44,2020,7400826.0,Marienhöhe,,
,,2145,1653,1357,35,79,98,1246,34,814,27,552.4341894060996,523.5,185.1,466.8,439.5,133.34,596.4893617021277,582.0,157.44,723.3555555555556,723.0,123.25,779.0135000000001,755.5335,143.83,944.9342105263158,844.0,395.13,2020,7400927.0,Rathaus Tempelhof,,
,,453,398,323,7,20,28,288,9,196,7,585.5277777777778,544.0,178.94,466.0,425.0,124.58,640.0,588.0,154.33,663.5384615384615,653.0,106.07,740.396111111111,674.606,188.67,1004.3636363636364,983.0,402.85,2020,7400928.0,Germaniagarten,,
,,902,836,713,13,23,32,638,11,435,9,562.8855799373041,524.5,180.83,562.6363636363636,541.0,97.65,567.8125,564.0,79.72,746.5714285714286,772.0,102.41,789.3817272727273,771.827,145.19,1022.782608695652,788.0,469.38,2020,7501029.0,Ringstraße,,
,,1239,1178,962,25,20,28,868,4,620,3,550.5092165898618,511.0,181.35,438.8695652173913,448.0,97.64,627.0,575.5,167.66,697.2222222222222,658.0,90.06,811.0815,767.453,153.57,961.4,751.0,410.47,2020,7501030.0,Machonstraße,,
,,1073,1001,836,22,25,32,744,4,454,4,596.8091397849462,565.5,180.48,465.8571428571428,460.0,94.87,615.4,623.0,94.74,709.3636363636364,664.0,172.32,733.2395,698.0485,112.75,998.8571428571428,902.0,414.38,2020,7501031.0,Eisenacher Straße,,
,,529,494,407,12,17,18,380,3,159,3,646.8763157894737,619.5,163.3,608.625,613.5,58.58,715.3,729.0,139.88,781.1428571428571,778.0,113.68,823.2460000000001,840.224,46.26,844.0,755.5,332.49,2020,7501032.0,Imbrosweg,,
,,1472,1354,1143,26,57,42,1027,11,738,7,541.5345666991236,486.0,187.96,418.7391304347826,426.0,90.93,594.9473684210526,528.0,170.36,746.2592592592592,611.0,345.73,843.4538181818181,771.36,186.54,709.2592592592592,544.0,340.83,2020,7501133.0,Fritz-Werner-Straße,,
,,1090,1044,881,16,11,26,808,3,473,3,616.3836633663366,571.5,184.53,504.5,490.5,67.93,776.6,698.0,327.03,843.0,843.0,278.6,747.8290000000001,737.23,114.43,921.4285714285714,791.0,423.79,2020,7501134.0,Hundsteinweg,,
,,242,228,178,6,2,11,165,0,97,0,583.3212121212122,571.0,125.48,493.5,498.0,97.7,504.0,504.0,,699.0,699.0,,,,,603.1,578.0,268.05,2020,7501135.0,Birnhornweg,,
,,1180,1124,909,19,19,28,807,4,497,4,596.8897149938042,558.0,181.16,486.4375,489.0,102.33,788.1666666666666,577.5,396.75,818.1666666666666,839.5,52.19,857.24625,853.6595,27.37,840.4347826086956,678.0,362.12,2020,7601236.0,Marienfelder Allee Nordwest,,
,,364,343,270,8,13,6,234,5,145,1,589.2820512820513,557.0,167.14,496.2,508.0,86.98,643.125,555.0,266.78,919.2,912.0,303.31,1148.1079999999995,974.08,489.47,567.3333333333334,519.0,86.33,2020,7601237.0,Kirchstraße,,
,,455,382,317,5,46,25,278,17,145,3,658.773381294964,594.0,237.44,672.8,567.0,284.67,745.2631578947369,660.0,262.0,884.4444444444445,876.0,202.65,1000.1587647058824,1012.134,122.69,804.125,786.5,230.37,2020,7601238.0,Marienfelde Nordost,,
,,758,702,570,18,20,19,507,9,239,4,649.7633136094674,610.0,170.96,592.6,613.0,85.68,782.8333333333334,775.5,169.34,883.2727272727273,834.0,223.51,970.6115555555556,923.427,284.26,946.9444444444443,925.0,365.66,2020,7601339.0,Tirschenreuther Ring West,,
,,903,845,697,20,21,27,631,9,362,4,624.2139461172742,582.0,183.67,496.06666666666666,504.0,118.86,793.2666666666667,746.0,196.35,777.75,771.0,68.17,929.3644444444444,916.86,68.05,784.1666666666666,731.5,209.99,2020,7601340.0,Tirschenreuther Ring Ost,,
,,428,379,332,6,25,20,296,12,106,2,663.331081081081,637.5,176.64,609.8,635.0,92.77,727.875,740.5,149.41,880.4117647058823,841.0,128.74,984.2999166666668,984.0915,89.29,901.8571428571428,845.0,304.38,2020,7601341.0,Diedersdorfer Weg,,
,,1113,1065,871,26,15,27,756,5,340,1,658.5066137566138,620.0,200.04,612.4090909090909,590.5,148.07,685.375,667.5,101.27,965.6666666666666,913.5,258.94,1035.4616,944.773,233.63,901.2222222222222,807.5,313.11,2020,7601442.0,Kettinger Straße,,
,,862,807,655,10,20,24,570,2,257,1,645.0543859649123,621.0,200.31,561.3,513.5,151.25,639.9,664.0,135.3,727.0,727.0,24.04,955.778,955.778,246.01,923.25,898.0,264.69,2020,7601443.0,Töpchiner Weg,,
,,1233,1167,979,24,28,28,828,11,424,2,645.8152173913044,593.0,222.05,585.9047619047619,554.0,132.64,664.6666666666666,711.5,113.39,912.1538461538462,862.0,129.21,1040.2521818181815,997.753,161.19,961.8235294117648,919.0,298.9,2020,7601544.0,John-Locke-Straße,,
,,958,894,720,22,22,31,599,11,305,2,638.7278797996661,587.0,229.51,560.7777777777778,520.0,177.24,715.1666666666666,698.5,150.69,893.2666666666667,881.0,145.34,1030.9606363636362,966.014,186.98,922.4,856.0,284.49,2020,7601545.0,Nahariyastraße,,
,,521,493,416,13,12,9,344,2,105,0,710.9622093023256,682.0,191.93,648.0,639.0,112.82,705.8,668.0,222.45,989.6666666666666,928.0,191.36,1365.7285,1365.7285,643.5,1129.5,1129.5,536.69,2020,7601546.0,Franziusweg,,
,,389,366,303,6,12,8,246,6,102,2,683.4959349593496,656.5,220.87,743.6666666666666,732.0,93.05,747.0,765.0,70.3,897.0,864.5,140.45,1054.9865,947.9085,291.43,971.3333333333334,961.0,76.03,2020,7601547.0,Horstwalder Straße,,
,,223,210,175,5,3,6,146,0,68,0,675.6027397260274,609.5,224.64,534.75,488.5,192.89,607.0,647.0,120.1,,,,,,,975.0,993.5,58.04,2020,7601548.0,Wittelsbacherstraße,,
,,642,580,491,9,29,25,441,15,249,15,622.3151927437642,580.0,195.5,423.5,394.5,183.3,548.1363636363636,537.5,140.55,692.421052631579,611.0,264.47,669.4873333333333,644.173,79.55,856.1052631578947,773.0,353.21,2020,8100101.0,Hasenheide,,
,,891,798,673,14,39,43,612,11,389,11,593.5196078431372,551.5,183.86,468.8333333333333,446.5,105.32,649.421052631579,550.0,256.82,663.4,596.0,189.86,647.9601818181819,646.017,67.04,910.7878787878788,789.0,362.17,2020,8100102.0,Schillerpromenade Nord,,
,,738,678,567,12,27,20,508,17,303,16,589.1456692913385,563.0,184.94,434.45454545454544,424.0,63.83,569.5263157894736,527.0,122.37,558.4117647058823,531.0,92.45,713.4314117647059,697.05,96.44,896.7222222222222,792.0,385.74,2020,8100103.0,Schillerpromenade Süd,,
,,791,718,575,10,33,31,521,15,345,13,557.6218809980807,499.0,207.22,486.2857142857143,436.0,114.48,528.3571428571429,494.0,129.72,606.5882352941177,509.0,186.06,713.3818,743.6,156.12,778.8214285714286,576.0,361.93,2020,8100104.0,Wartheplatz,,
,,1086,1038,887,17,16,27,802,5,580,4,529.498753117207,477.5,194.23,405.45454545454544,388.0,74.94,495.6666666666667,490.5,91.12,594.3333333333334,581.0,129.18,807.3628000000001,793.407,147.03,878.05,741.5,397.53,2020,8100105.0,Silbersteinstraße,,
,,1456,1295,1042,24,86,54,933,45,585,35,604.5755627009646,561.0,186.17,476.42105263157896,503.0,92.78,567.969696969697,559.0,107.7,666.0153846153846,605.0,191.18,808.175,759.94,184.64,858.9487179487179,818.0,300.6,2020,8100206.0,Flughafenstraße,,
,,1038,952,733,19,41,36,659,16,382,15,605.8072837632777,561.0,208.02,468.3571428571428,403.0,128.63,549.3103448275862,507.0,175.03,611.0,546.0,200.05,731.1380625,710.062,153.9,853.6428571428571,634.5,478.99,2020,8100207.0,Rollberg,,
,,1381,1249,1037,28,45,67,943,12,672,11,514.1813361611877,442.0,218.85,364.69565217391306,361.0,110.45,447.0869565217391,408.0,131.26,483.0,419.0,147.48,673.75325,681.9185,164.64,856.2631578947369,774.0,422.75,2020,8100208.0,Körnerpark,,
,,1517,1381,1142,18,78,41,1053,39,732,33,528.5773979107313,467.0,205.09,423.375,405.5,117.06,480.7592592592592,450.0,110.31,529.8571428571429,467.5,151.78,722.5005128205129,686.977,145.18,716.7631578947369,529.0,373.14,2020,8100209.0,Glasower Straße,,
,,664,574,465,18,37,44,404,10,276,9,573.3613861386139,535.5,186.34,420.9090909090909,428.0,66.07,557.047619047619,490.0,222.83,691.2941176470588,693.0,205.98,693.8449,671.3885,146.39,726.2647058823529,673.5,239.3,2020,8100310.0,Maybachufer,,
,,883,800,667,17,41,33,597,16,409,12,573.0402010050251,534.0,165.81,464.0,467.0,53.38,542.0370370370371,530.0,117.98,737.1176470588235,738.0,210.86,818.5529999999999,755.077,162.84,800.8214285714286,699.0,339.59,2020,8100311.0,Reuterplatz,,
,,1135,1023,831,10,45,53,755,12,421,12,628.1125827814569,585.0,194.4,481.25,504.5,68.91,589.3125,559.5,163.14,698.3529411764706,721.0,144.56,710.5522500000001,708.0115,109.21,992.4883720930231,831.0,378.38,2020,8100312.0,Weichselplatz,,
,,446,423,330,9,15,6,298,6,148,5,632.1241610738255,602.5,169.48,455.3333333333333,477.5,99.2,623.2727272727273,621.0,77.03,715.875,655.0,189.83,773.5238333333333,671.078,306.47,1028.3333333333333,1002.0,402.76,2020,8100313.0,Bouchéstraße,,
,,1532,1405,1187,30,64,46,1053,24,703,24,581.8129154795821,550.0,166.89,467.0625,468.0,97.89,544.15,540.0,106.7,633.9677419354839,623.0,79.26,673.5940833333333,646.7635,94.16,952.439024390244,811.0,385.95,2020,8100314.0,Donaustraße,,
,,701,638,526,8,26,30,472,7,269,6,601.457627118644,575.5,170.75,491.8571428571428,491.0,73.61,613.5555555555555,563.5,123.22,645.7857142857143,577.0,159.8,768.8501428571428,761.554,216.71,999.047619047619,1008.0,311.34,2020,8100415.0,Ganghoferstraße,,
,,662,601,491,12,24,29,445,9,270,8,586.1168539325843,514.0,216.88,413.1,423.0,76.62,620.1538461538462,609.0,136.97,628.3636363636364,630.0,127.84,826.8241111111112,743.39,334.05,940.375,1010.0,374.76,2020,8100416.0,Alt-Rixdorf,,
,,1530,1419,1209,29,58,43,1086,16,681,15,552.7384898710866,508.0,193.46,402.0,389.0,96.55,521.0,480.5,127.93,610.4230769230769,593.0,177.25,768.7216249999999,765.235,87.23,884.0512820512821,839.0,365.79,2020,8100417.0,Braunschweiger Straße,,
,,980,915,754,16,33,22,688,18,378,17,620.2994186046511,588.0,175.86,510.3636363636364,506.0,80.26,632.2083333333334,617.0,135.81,635.8260869565217,610.0,199.09,760.3750555555554,725.6915,128.52,962.2105263157896,797.0,420.36,2020,8100418.0,Hertzbergplatz,,
,,923,855,663,19,27,34,608,12,310,12,636.5444078947369,597.5,169.27,509.7647058823529,506.0,59.11,604.5,605.0,51.27,638.3846153846154,635.0,46.13,662.5003333333333,654.1144999999999,52.08,865.1851851851852,742.0,309.83,2020,8100419.0,Treptower Straße Nord,,
,,911,817,663,17,38,42,602,15,243,15,664.5797342192691,627.5,182.21,576.4285714285714,571.0,103.54,587.0,564.0,81.19,635.0,601.0,116.85,722.4650666666665,708.746,87.94,929.9411764705884,935.5,289.03,2020,8100520.0,Weiße Siedlung,,
,,1555,1422,1142,19,52,60,1080,12,511,9,641.2203703703703,606.0,164.15,542.9333333333333,542.0,95.71,597.28125,589.0,145.09,676.3333333333334,610.0,227.9,822.5390833333335,744.398,223.5,850.1428571428571,823.0,294.97,2020,8100521.0,Schulenburgpark,,
,,742,664,541,14,39,34,492,10,323,8,578.7947154471544,530.0,202.14,563.5454545454545,486.0,295.96,534.5714285714286,497.5,150.75,686.76,550.0,285.53,757.9224,760.6535,137.8,804.32,618.0,397.85,2020,8200622.0,Jahnstraße,,
,,913,832,693,18,45,26,631,12,405,9,589.6909667194928,545.0,174.19,525.1428571428571,512.0,140.53,616.8461538461538,601.0,212.5,743.0714285714286,755.5,169.99,814.3714166666667,837.85,150.44,812.5217391304348,647.0,314.29,2020,8200623.0,Park am Buschkrug,,
,,1212,1110,922,25,49,40,829,27,468,24,613.7382388419783,576.0,182.58,473.3333333333333,484.0,56.61,613.3125,603.5,85.92,664.4571428571429,605.0,186.92,773.3537777777776,732.154,167.21,981.4545454545456,762.0,495.0,2020,8200624.0,Tempelhofer Weg,,
,,374,338,285,5,18,14,264,15,106,13,652.5757575757576,613.0,167.12,533.25,549.0,59.15,628.5714285714286,621.5,117.65,721.75,683.0,127.76,771.3473333333334,718.557,132.84,1061.4545454545455,1089.0,319.5,2020,8200725.0,Mohriner Allee Nord,,
,,644,595,496,15,20,22,453,6,267,5,598.5584988962472,569.0,176.97,476.84615384615387,487.0,89.3,593.0,599.5,81.46,733.7272727272727,680.0,153.99,755.9278333333333,741.86,96.95,950.3125,934.5,321.06,2020,8200726.0,Hufeisensiedlung,,
,,1078,1012,864,28,23,23,792,4,465,3,596.8598484848485,561.0,185.29,492.5,489.5,73.66,606.4166666666666,543.5,170.19,883.125,733.5,370.86,834.906,820.8585,151.06,762.8,677.0,245.64,2020,8200727.0,Parchimer Allee Süd,,
,,326,300,259,7,13,12,243,6,131,6,624.2551440329219,576.0,213.46,546.6666666666666,546.0,71.25,547.75,522.0,139.83,656.0,655.0,104.14,698.4700000000001,691.53,93.04,1008.5,996.0,346.59,2020,8200728.0,Ortolanweg,,
,,302,275,219,4,11,13,197,2,50,1,734.2842639593908,689.0,216.15,456.0,523.5,158.31,829.5,762.0,233.32,1084.2,808.0,432.31,1073.2935,1073.2935,319.66,952.4545454545456,826.0,339.49,2020,8200729.0,Britzer Garten,,
,,559,529,459,8,11,14,417,1,229,1,620.9832134292566,581.0,178.42,488.0,497.0,120.18,631.0,607.5,189.71,870.0,870.0,142.84,866.857,866.857,,884.5,613.5,440.89,2020,8200730.0,Handwerker-Siedlung,,
,,737,700,586,17,7,15,528,1,180,0,674.4318181818181,640.0,167.43,589.2666666666667,595.0,85.68,647.0,647.0,19.8,932.0,748.0,323.91,1306.397,1306.397,,778.4615384615385,782.0,112.25,2020,8200831.0,Buckow West,,
,,1303,1224,991,19,27,36,889,7,352,5,677.6197975253093,637.0,183.72,541.75,550.5,136.76,692.3333333333334,694.5,110.83,834.1111111111111,835.0,283.99,868.2855714285714,866.483,55.37,842.4814814814815,821.0,282.32,2020,8200832.0,Buckow Mitte,,
,,883,816,685,15,35,25,613,9,269,5,665.7618270799347,627.0,184.1,512.8461538461538,499.0,104.21,770.0769230769231,725.0,233.73,889.5,860.0,121.82,899.0718888888889,888.253,95.83,927.2,813.5,340.11,2020,8200833.0,Buckow Ost,,
,,1755,1650,1311,38,54,39,1161,21,739,16,577.068044788975,501.0,225.22,448.0,442.5,88.43,683.2142857142857,675.5,260.55,784.5714285714286,784.0,99.62,864.9487619047619,854.304,104.62,640.969696969697,541.0,224.98,2020,8300934.0,Gropiusstadt Nord-West,,
,,965,909,739,22,26,22,650,6,350,3,641.6461538461539,577.5,222.34,477.72222222222223,453.0,95.95,702.0,638.5,307.46,992.4,876.5,345.13,894.3651666666668,909.88,107.48,720.2,573.0,322.58,2020,8300935.0,Gropiusstadt Süd-West,,
,,1374,1308,1009,14,25,27,927,10,495,8,632.5210355987055,586.0,219.29,535.3636363636364,491.0,163.19,597.6666666666666,584.0,166.69,825.3333333333334,825.0,168.36,822.9168999999999,793.7764999999999,118.01,923.3888888888888,923.5,424.92,2020,8301036.0,Gropiusstadt Mitte,,
,,1274,1182,963,27,61,21,866,13,580,13,589.1639722863741,543.0,188.29,533.4090909090909,524.5,143.74,576.59375,547.5,107.08,827.8,820.5,115.9,797.9306923076922,791.434,59.46,782.3,682.5,292.96,2020,8301037.0,Gropiusstadt Süd-Ost,,
,,346,326,261,4,10,4,241,4,145,4,593.8464730290457,537.0,198.48,494.5,500.0,20.09,503.3333333333333,464.5,95.09,580.3333333333334,561.5,98.22,690.845,689.0635,46.03,952.0,952.0,,2020,8401138.0,Goldhähnchenweg,,
,,1545,634,513,19,40,24,465,36,326,30,538.6774193548387,487.0,214.25,418.7058823529412,379.0,89.62,643.2142857142857,686.5,145.3,723.3214285714286,679.0,167.0,791.6059444444443,792.7185,108.15,713.0,638.0,329.02,2020,8401139.0,Vogelviertel Süd,,
,,206,193,155,5,3,8,138,0,83,0,589.4130434782609,531.0,266.37,372.0,394.0,92.97,,,,,,,,,,744.25,626.0,391.25,2020,8401140.0,Vogelviertel Nord,,
,,740,692,571,26,19,24,509,5,342,3,556.9764243614932,512.0,192.52,416.3888888888889,405.5,79.69,617.8571428571429,512.0,181.07,719.6,748.0,75.23,806.2971999999999,748.073,185.91,621.1111111111111,629.0,248.75,2020,8401241.0,Blumenviertel,,
,,647,614,499,14,14,12,429,4,220,3,624.5104895104895,591.0,183.98,552.4166666666666,567.0,94.1,572.3333333333334,578.0,113.99,852.25,860.0,94.82,814.9975,786.9585,87.49,816.875,866.5,275.49,2020,8401242.0,Zittauer Straße,,
,,1163,1083,888,22,31,31,776,16,485,15,592.1378865979382,559.0,193.4,522.9411764705883,533.0,120.34,607.0,595.0,96.85,804.4,804.0,154.96,783.9369375,746.3734999999999,193.37,841.7916666666666,752.5,308.53,2020,8401243.0,Alt-Rudow,,
,,750,704,581,19,24,12,503,8,262,6,627.755467196819,589.0,212.92,592.4615384615385,633.0,126.93,598.3,582.5,95.16,819.5,816.5,142.03,789.8084999999999,759.41,148.18,923.0,850.0,389.95,2020,8401244.0,Waßmannsdorfer Chaussee,,
,,517,491,377,10,8,14,330,1,149,1,655.1575757575757,612.0,176.77,573.5714285714286,552.0,53.26,872.5,720.5,496.08,687.0,687.0,,687.216,687.216,,1202.75,1130.0,356.71,2020,8401245.0,Frauenviertel,,
,,750,716,575,14,12,14,506,2,251,1,649.6936758893281,601.5,195.85,592.2307692307693,569.0,128.83,615.4444444444445,646.0,92.84,781.0,781.0,159.81,868.2215,868.2215,117.16,922.1666666666666,856.0,299.7,2020,8401246.0,Waltersdorfer Chaussee Ost,,
,,1695,1543,1351,26,75,58,1215,27,570,25,644.2205761316873,612.0,178.98,531.9565217391304,494.0,153.75,644.046511627907,600.0,145.15,750.8333333333334,710.0,184.62,732.3346296296296,702.77,120.59,1079.125,1105.0,358.48,2020,9100101.0,Alt-Treptow,,
,,474,426,356,11,18,21,333,6,61,4,720.5885885885886,697.0,162.37,646.8888888888889,655.0,78.13,697.2222222222222,660.0,158.15,740.3333333333334,757.0,116.25,849.7855,839.9300000000001,100.62,940.7058823529412,948.0,224.83,2020,9100202.0,Plänterwald West,,
,,965,885,741,14,37,33,686,26,140,20,708.0072886297376,678.5,166.22,649.0769230769231,628.0,62.96,671.6333333333333,645.5,110.51,744.7666666666667,714.5,134.11,803.8656923076925,740.5965,189.78,1090.6923076923076,1047.5,249.38,2020,9100203.0,Plänterwald Ost,,
,,1738,1637,1337,35,32,50,1241,15,617,13,638.1595487510073,602.0,178.65,541.2857142857143,516.0,99.52,568.1578947368421,550.0,142.86,724.4761904761905,691.0,165.98,740.2298666666667,737.144,132.55,822.3333333333334,723.0,319.14,2020,9100304.0,Baumschulenweg West,,
,,496,455,374,9,15,17,335,6,123,5,676.8,643.0,193.34,552.125,542.0,31.19,620.2222222222222,659.0,65.91,743.2222222222222,754.0,123.97,783.1121666666667,782.49,107.12,791.0,784.5,257.18,2020,9100305.0,Baumschulenweg Ost,,
,,349,317,266,5,11,15,242,3,94,3,675.396694214876,641.0,209.42,601.0,592.0,119.31,565.5,582.0,117.96,760.5,760.5,126.57,726.4666666666667,746.583,39.32,970.3636363636364,931.0,383.46,2020,9100306.0,Späthsfelde,,
,,1132,1064,884,21,27,33,806,4,483,4,602.8250620347394,563.0,198.31,469.42105263157896,457.0,92.07,576.6,602.0,181.61,622.7272727272727,603.0,160.43,693.82025,713.112,93.07,744.0689655172414,615.0,315.73,2020,9100407.0,Johannisthal West,,
,,904,848,699,14,22,25,634,7,416,7,553.1261829652997,526.0,181.3,462.9166666666667,432.5,145.79,517.1666666666666,483.0,101.99,596.6666666666666,588.5,135.01,652.1414285714285,679.364,104.52,596.3636363636364,536.0,192.16,2020,9100408.0,Johannisthal Ost,,
,,404,359,308,10,36,8,269,13,177,13,582.3048327137546,541.0,183.49,465.75,461.0,73.71,578.2,489.0,286.14,769.0526315789474,622.0,396.97,636.8464615384614,628.856,74.65,726.8333333333334,648.0,222.96,2020,9100409.0,Landschaftspark Adlershof,,
,,1219,1127,932,28,34,47,850,8,467,7,628.3058823529411,584.0,189.82,544.4583333333334,491.5,166.92,627.0,624.0,148.36,653.0625,616.0,113.99,700.73975,653.0899999999999,117.51,730.1935483870968,713.0,216.6,2020,9200510.0,Helmholtz-Kiez,,
,,1393,1299,1042,19,34,34,942,18,449,14,648.1507430997876,610.0,184.48,555.5833333333334,554.5,72.59,623.7222222222222,594.5,114.89,685.3333333333334,658.0,131.96,784.6568333333335,711.7915,200.85,667.6,666.0,133.82,2020,9200511.0,Griechischer Park,,
,,500,428,359,7,38,29,326,7,63,6,735.3834355828221,699.0,209.29,680.1428571428571,648.0,180.73,772.1111111111111,721.0,272.93,789.0909090909091,775.0,143.59,806.7514285714286,773.233,129.16,1066.1363636363635,1075.5,411.65,2020,9200512.0,Wuhlheide,,
,,1685,1560,1312,28,40,63,1200,9,699,8,600.9591666666666,561.0,191.73,467.7368421052632,430.0,130.45,568.0666666666667,541.0,162.34,691.4444444444445,630.0,227.74,700.5836666666668,694.264,121.1,719.2363636363636,680.0,206.33,2020,9200613.0,Bahnhof Schöneweide,,
,,498,476,399,8,9,10,366,3,128,3,678.2213114754098,641.0,171.53,554.5714285714286,575.0,105.62,738.5,676.5,161.97,819.0,819.0,22.63,806.8789999999999,803.48,65.09,993.8,920.0,202.44,2020,9200614.0,Oberspree,,
,,603,518,431,2,50,35,380,22,234,16,593.8947368421053,564.0,183.13,433.0,433.0,49.5,572.3125,578.0,87.93,678.5833333333334,658.0,117.99,802.8680909090908,773.018,190.69,802.32,774.0,202.72,2020,9200715.0,Wista,,
,,883,814,649,10,29,30,582,17,258,17,640.3951890034364,617.0,167.49,543.5714285714286,547.0,62.33,609.8333333333334,620.0,62.53,672.695652173913,669.0,52.72,712.8360588235294,691.246,86.38,866.6818181818181,821.0,231.95,2020,9200716.0,Dörpfeldstraße West,,
,,958,900,758,12,15,29,693,7,279,6,637.3578643578644,623.0,155.22,568.4545454545455,566.0,87.29,623.25,630.5,67.03,737.75,699.0,97.56,779.351857142857,755.116,96.15,783.0454545454545,775.0,199.82,2020,9200717.0,Dörpfeldstraße Ost,,
,,284,258,221,7,5,15,196,0,117,0,601.0204081632653,568.5,168.06,553.5,561.0,133.14,602.0,573.0,51.97,710.0,710.0,,,,,780.25,693.5,181.65,2020,9200818.0,Spindlersfeld,,
,,968,892,758,11,28,35,678,7,422,5,591.7817109144543,557.5,187.63,500.0,525.0,163.8,613.1111111111111,542.0,266.02,770.1176470588235,700.0,325.51,838.8028571428571,796.827,205.37,702.6666666666666,657.5,279.42,2020,9200819.0,Köllnische Vorstadt,,
,,1071,1010,833,24,19,32,704,7,346,6,633.8309659090909,603.5,196.43,544.304347826087,549.0,125.94,524.8333333333334,548.0,141.6,898.25,833.5,232.84,815.698,778.217,81.12,830.7,756.5,270.46,2020,9300920.0,Dorf Altglienicke,,
,,213,201,160,4,5,3,142,0,71,0,663.8380281690141,598.0,222.41,646.3333333333334,626.0,138.62,702.0,727.0,172.86,936.0,936.0,,,,,702.0,688.0,424.17,2020,9300921.0,Preußen Siedlung,,
,,748,696,559,11,22,24,491,10,149,6,723.2199592668024,673.0,202.63,642.0,640.0,60.45,669.2222222222222,679.0,76.65,939.375,937.5,58.64,870.1583,873.9935,60.69,805.7058823529412,822.0,276.19,2020,9300922.0,Kosmos Viertel,,
,,721,674,541,13,21,10,469,4,94,0,730.4051172707889,707.0,170.5,680.2727272727273,684.0,88.87,816.875,808.5,248.6,1059.5,976.5,237.02,1035.3125,959.1985,184.95,1149.8333333333333,1062.5,370.57,2020,9300923.0,Kölner Viertel,,
,,575,277,234,8,16,13,182,8,106,3,591.4945054945055,553.0,203.64,608.8333333333334,647.0,291.73,727.5833333333334,691.5,116.02,856.6428571428571,775.5,157.75,954.7391249999998,934.486,211.58,883.5,836.5,183.16,2020,9301024.0,Falkenberg,,
,,1041,969,795,21,32,30,681,14,313,2,655.4346549192364,618.0,210.4,525.1764705882352,479.0,130.97,822.4090909090909,728.0,281.45,975.4285714285714,956.0,155.32,1098.377642857143,1045.375,228.02,899.5625,952.0,168.18,2020,9301025.0,Alt-Bohnsdorf,,
,,849,792,665,19,18,33,595,5,328,2,621.1798319327731,584.0,188.61,612.0769230769231,548.0,220.63,694.1111111111111,659.0,103.69,801.625,810.0,165.81,1011.1534,945.587,270.21,862.7307692307693,780.5,275.82,2020,9301126.0,Grünau,,
,,184,171,135,0,4,5,116,0,10,0,809.8362068965517,783.0,186.75,,,,904.0,905.0,12.53,959.0,959.0,,,,,622.0,622.0,,2020,9301227.0,Karolinenhof,,
,,315,279,236,5,8,28,187,2,26,0,863.807486631016,850.0,261.98,767.0,767.0,91.92,784.0,767.5,161.02,1034.0,1034.0,,998.92,998.92,10.16,1014.9411764705884,904.0,465.14,2020,9301228.0,Schmöckwitz/Rauchfangswerder,,
,,1258,1177,973,18,25,45,859,6,256,4,702.6239813736903,675.0,189.16,631.3076923076923,610.0,87.57,928.8333333333334,812.5,266.91,889.6666666666666,818.5,310.67,904.093,803.4955,252.3,1079.3,956.5,396.69,2020,9401329.0,Kietzer Feld/Nachtheide,,
,,159,153,138,2,0,4,123,0,8,0,811.7479674796748,788.0,170.89,687.0,687.0,36.77,,,,,,,,,,1090.0,959.0,319.33,2020,9401330.0,Wendenschloß,,
,,828,803,689,18,7,9,624,2,331,2,622.6923076923077,581.5,206.87,511.5625,499.0,108.66,718.3333333333334,727.0,15.89,705.0,710.0,34.73,726.448,726.448,10.29,1016.4444444444443,835.0,482.81,2020,9401431.0,Allende I,,
,,209,193,171,4,8,6,146,0,75,0,609.6369863013699,586.0,216.52,496.5,457.5,131.19,729.4,742.0,74.93,1006.5,1006.5,187.38,,,,975.5,890.5,359.44,2020,9401432.0,Siedlung Kämmereiheide,,
,,933,581,475,14,20,13,421,10,186,3,639.5676959619952,637.0,201.9,593.3636363636364,633.0,165.92,769.0,739.0,118.32,834.8125,825.0,157.91,1039.5898,977.4595,220.88,1089.7,1043.5,396.26,2020,9401433.0,Allende II,,
,,1029,969,802,6,19,29,730,3,425,2,604.7821917808219,571.0,175.57,514.6666666666666,504.0,96.23,634.7777777777778,609.0,106.08,661.5833333333334,601.0,146.99,818.5566666666667,775.996,114.17,923.391304347826,813.0,310.09,2020,9401534.0,Altstadt Köpenick,,
,,593,546,440,14,16,28,350,7,123,0,757.1171428571429,718.5,263.18,621.0,529.5,192.92,786.6666666666666,776.0,135.11,1148.0,1145.0,148.09,1494.0132857142855,1482.03,249.84,864.9230769230769,752.0,478.45,2020,9401635.0,Müggelheim,,
,,684,648,536,13,18,11,474,1,199,1,672.2447257383966,628.5,215.72,575.25,560.5,168.54,777.3846153846154,746.0,160.67,841.75,835.5,34.53,786.667,786.667,,982.8888888888888,885.0,281.45,2020,9501736.0,Hirschgarten,,
,,1749,1663,1416,31,25,49,1166,9,568,0,631.795025728988,605.0,213.84,571.3333333333334,579.0,193.49,610.3636363636364,578.0,189.99,1161.1,1074.5,280.45,1237.4222222222224,1185.317,317.1,854.9565217391304,837.0,363.13,2020,9501737.0,Alt-Friedrichshagen,,
,,955,878,740,29,27,33,545,5,262,0,675.5247706422018,606.0,255.39,584.1363636363636,522.5,238.6,769.7142857142857,748.5,178.75,1300.8333333333333,1271.5,80.6,1471.2234,1352.834,357.03,727.5238095238095,697.0,181.81,2020,9501838.0,Rahnsdorf,,
,,949,855,725,17,34,51,642,6,191,1,686.9049844236761,658.0,169.13,580.2941176470588,605.0,167.42,818.7692307692307,770.0,161.87,889.0555555555555,826.0,214.56,1243.9155,1169.554,360.21,1040.35,985.5,323.34,2020,9501939.0,Bahnhofstraße,,
,,362,336,279,10,4,22,237,1,115,0,641.3544303797469,604.0,171.25,532.2,539.0,194.88,758.0,758.0,65.05,921.5,921.5,226.98,968.293,968.293,,1054.2,816.0,484.87,2020,9501940.0,Güterbahnhof Köpenick,,
,,376,355,288,6,7,12,244,3,106,2,662.233606557377,632.0,179.84,603.6,598.0,42.71,800.0,800.0,,742.5,745.0,53.15,912.1866666666668,847.563,112.88,953.0,867.5,303.13,2020,9501941.0,Friedrichshagener Straße,,
,,391,366,316,7,13,9,280,4,27,1,767.625,744.0,171.9,882.2857142857143,794.0,172.65,847.1428571428571,803.0,103.46,1129.75,1118.0,335.46,1242.9450000000002,1346.59,294.01,1117.375,975.0,386.29,2020,9502042.0,Mittelheide,,
,,1158,1104,918,20,15,29,842,2,68,0,793.686460807601,761.0,188.69,647.0555555555555,656.0,175.42,890.2,918.0,139.91,896.2,949.0,94.78,969.063,969.063,29.04,1097.5,1067.0,294.19,2020,9502043.0,Dammheide,,
,,706,675,565,19,15,9,476,5,164,2,685.0651260504202,663.5,211.72,498.46153846153845,437.0,135.8,709.3333333333334,755.5,108.93,903.125,821.0,250.85,926.1134,944.22,115.21,1050.888888888889,1044.0,375.23,2020,10100101.0,Marzahn West,,
,,461,425,363,11,12,17,326,5,63,0,721.5736196319018,705.0,167.31,677.1111111111111,676.0,127.83,747.25,748.0,77.61,872.4285714285714,793.0,116.99,1143.4674,1133.77,200.44,986.3333333333334,962.0,300.57,2020,10100102.0,Rosenbecker Straße,,
,,1073,1018,826,15,30,17,751,9,175,4,717.340878828229,690.0,164.41,618.0,602.0,100.53,725.5882352941177,763.0,162.95,856.625,806.0,167.2,938.722777777778,985.563,132.98,1001.1538461538462,946.0,301.19,2020,10100103.0,Wittenberger Straße,,
,,761,702,557,10,25,25,499,6,88,3,740.0260521042084,709.0,178.0,658.4444444444445,627.0,121.21,707.2727272727273,793.0,220.45,776.1666666666666,782.0,59.66,988.2941666666666,883.202,312.47,882.5,869.5,155.44,2020,10100104.0,Golliner Straße,,
,,570,519,429,6,29,15,391,10,145,5,684.4347826086956,640.0,200.72,588.6666666666666,620.0,62.23,750.5555555555555,686.5,217.43,845.2941176470588,905.0,223.7,973.6341,904.6035,283.31,854.0,680.0,480.87,2020,10100205.0,Gewerbegebiet Bitterfelder Straße,,
,,1320,1239,966,19,31,36,851,8,265,8,699.090481786134,660.0,206.52,613.8571428571429,574.0,196.84,586.5,620.0,130.94,702.1818181818181,651.0,90.72,772.4449999999999,791.3820000000001,105.45,943.9629629629628,921.0,332.05,2020,10100206.0,Wuhletalstraße,,
,,897,829,686,13,28,30,622,10,197,9,682.8392282958199,654.0,168.69,650.6363636363636,618.0,135.06,671.5625,667.5,63.44,734.0,713.0,115.85,829.2158,780.8205,169.68,910.2272727272727,896.5,216.04,2020,10100207.0,Ahrensfelder Berge,,
,,1340,1255,1013,20,35,42,915,16,385,12,659.2098360655738,619.0,187.46,549.6315789473684,576.0,124.94,622.0555555555555,612.5,97.61,738.4117647058823,656.0,196.64,819.8453750000001,780.798,155.9,876.5333333333333,766.5,322.07,2020,10100208.0,Bürgerpark,,
,,930,869,684,19,20,27,625,10,258,8,660.7456,626.0,189.62,553.3157894736842,549.0,103.35,590.9,623.0,114.84,699.9,671.0,104.44,1010.3942,713.3095,906.16,810.2857142857143,814.0,372.17,2020,10100209.0,Lea-Grundig-Straße,,
,,1494,1409,1180,30,32,43,1064,11,602,9,616.4483082706766,575.0,189.19,529.8076923076923,509.0,118.91,524.8,502.0,109.56,658.4705882352941,660.0,188.65,834.5495454545454,856.887,203.04,974.1935483870968,861.0,431.74,2020,10100210.0,Marzahner Promenade,,
,,875,765,686,17,55,45,606,18,287,11,649.3778877887788,609.0,225.71,503.84615384615387,520.0,121.13,624.6923076923077,598.0,128.63,703.0625,630.5,206.37,900.7691666666666,835.44,344.23,949.95,781.5,439.7,2020,10100311.0,Marzahner Chaussee,,
,,1823,1711,1394,34,43,52,1258,20,765,15,599.2360890302067,556.0,215.49,527.9642857142857,499.0,163.02,540.7391304347826,530.0,96.11,577.9583333333334,553.5,192.86,769.4605,741.8265,138.81,768.5909090909091,609.5,433.32,2020,10100312.0,Springpfuhl,,
,,552,502,411,8,18,25,371,5,239,5,576.4258760107816,540.0,183.31,470.5,450.0,96.83,645.8,704.0,135.64,610.5,577.5,160.75,694.405,710.394,94.05,786.0454545454545,726.5,357.49,2020,10100313.0,Alt-Marzahn,,
,,714,678,563,19,12,18,504,4,322,3,591.4900793650794,561.0,160.35,491.7647058823529,498.0,73.27,686.2,715.0,154.45,716.75,729.0,112.21,831.26975,793.775,168.65,742.5833333333334,684.5,233.0,2020,10100314.0,Auersbergstraße,,
,,755,703,559,10,28,17,509,6,277,6,624.852652259332,586.0,183.24,518.7777777777778,485.0,103.15,601.1666666666666,592.0,159.53,670.0,659.5,116.31,719.1170000000001,719.115,76.99,643.2666666666667,615.0,273.3,2020,10100315.0,Bärenstein,,
,,573,536,449,6,18,14,417,10,211,10,635.7673860911272,599.0,178.49,501.0,470.0,61.86,576.0,578.0,90.14,671.2,674.5,103.33,697.7506999999999,686.172,76.0,888.1538461538462,942.0,260.34,2020,10100316.0,Landsberger Tor,,
,,875,818,676,11,21,27,600,12,164,9,710.5433333333333,686.0,184.6,596.3,609.5,95.75,711.6923076923077,671.0,302.9,829.5,762.5,180.15,847.73725,796.7035000000001,195.65,839.5454545454545,777.5,304.05,2020,10200417.0,Zossener Straße,,
,,604,568,469,13,13,18,414,8,199,7,653.5579710144928,606.0,177.83,543.75,539.0,36.16,614.0,626.0,157.19,717.2222222222222,702.0,98.32,766.8105,768.1985,121.54,785.6666666666666,758.5,376.67,2020,10200418.0,Kyritzer Straße,,
,,342,323,241,3,7,12,213,4,87,4,681.9765258215963,626.0,195.54,617.0,617.0,39.6,599.0,610.0,40.55,699.0,668.0,93.98,758.605,746.565,85.12,1022.6,853.0,275.87,2020,10200419.0,Havelländer Ring,,
,,882,833,685,9,27,18,591,10,335,7,628.2707275803723,576.0,195.93,565.125,549.5,102.81,604.5294117647059,562.0,143.6,783.4166666666666,745.0,265.97,851.2262999999999,737.76,305.63,763.0,716.5,138.33,2020,10200420.0,Gut Hellersdorf,,
,,518,469,398,8,25,17,348,16,192,12,655.0775862068965,580.0,231.82,501.0,497.5,65.5,603.2916666666666,560.5,199.53,661.15,628.5,109.88,823.8630625,799.6165000000001,137.93,864.625,806.0,152.33,2020,10200421.0,Helle Mitte,,
,,799,743,615,9,21,29,536,10,187,7,704.1996268656717,644.0,201.31,625.7142857142857,602.0,74.0,606.2142857142857,593.0,119.53,798.9090909090909,727.0,174.2,836.0397999999999,785.387,172.58,853.3684210526316,838.0,301.03,2020,10200422.0,Hellersdorfer Promenade,,
,,763,717,580,5,23,21,519,9,122,6,761.7032755298651,695.0,238.34,614.6,554.0,104.53,721.1764705882352,641.0,244.1,771.0,803.0,113.67,880.962888888889,850.193,105.37,1071.5,1003.5,286.83,2020,10200423.0,Böhlener Straße,,
,,1171,1098,895,13,42,20,759,9,241,4,712.7154150197629,662.0,218.55,648.5,617.5,147.28,655.7083333333334,646.0,137.83,755.7272727272727,748.0,148.44,921.0633333333332,906.146,137.0,970.7142857142856,873.5,313.76,2020,10200524.0,Adele-Sandrock-Straße,,
,,534,499,396,8,15,13,358,8,146,6,681.108938547486,628.0,198.73,575.0,597.0,113.19,628.6,641.0,73.08,908.4,857.5,178.49,911.5,870.605,184.74,828.1111111111111,844.0,120.82,2020,10200525.0,Schleipfuhl,,
,,705,632,501,11,54,13,431,21,223,15,661.600928074246,596.0,218.7,561.1428571428571,574.0,113.13,592.8064516129032,557.0,146.93,627.4166666666666,604.5,103.6,837.4494761904763,816.133,134.44,1127.8,770.0,551.54,2020,10200526.0,Boulevard Kastanienallee,,
,,385,355,291,6,21,7,248,2,179,2,525.5564516129032,466.0,209.23,372.2,392.0,116.38,502.8,483.0,109.13,1087.3333333333333,840.0,546.71,716.5095,716.5095,11.78,741.0,589.0,422.68,2020,10200627.0,Am Kienberg,,
,,709,663,543,9,22,10,479,6,341,4,564.6179540709812,501.0,203.75,476.0,446.0,131.24,516.2727272727273,487.0,159.29,778.6666666666666,571.0,347.71,848.9911666666667,735.1285,247.5,689.2,599.0,165.09,2020,10200628.0,Neue Grottkauer Straße,,
,,968,916,751,24,21,19,663,6,470,5,549.7330316742082,489.0,217.04,470.578947368421,466.0,106.91,499.1818181818182,444.0,90.75,762.0,781.0,201.4,763.4409999999999,729.9195,110.55,745.3529411764706,607.0,341.9,2020,10200629.0,Teterower Ring,,
,,815,767,633,17,20,22,561,9,421,9,541.1800356506238,476.0,215.57,474.1764705882353,462.0,188.88,435.3333333333333,459.5,121.55,859.1428571428571,804.0,265.51,739.8822222222223,755.503,65.45,731.8421052631579,625.0,335.99,2020,10200630.0,Cecilienplatz,,
,,726,691,578,12,10,20,522,2,306,0,601.588122605364,567.5,191.79,529.3,535.0,132.24,855.6,668.0,492.76,955.5,955.5,399.52,961.2215,961.2215,42.28,704.375,654.0,163.26,2020,10300731.0,Oberfeldstraße,,
,,1434,1002,798,18,51,31,730,22,470,17,585.0739726027397,522.0,220.36,438.1428571428572,411.5,81.92,619.5945945945946,650.0,161.24,807.09375,770.0,163.28,1330.2542272727271,767.8285,2466.12,711.3478260869565,611.0,269.95,2020,10300732.0,Buckower Ring,,
,,656,624,539,11,13,15,494,7,164,6,676.6376518218624,649.5,203.08,597.4545454545455,562.0,134.04,633.2857142857143,627.0,117.69,757.0,677.0,168.36,743.7322857142857,693.906,131.71,953.9,808.5,433.35,2020,10300733.0,Alt-Biesdorf,,
,,838,785,664,21,17,23,602,5,119,5,744.3255813953489,721.5,200.01,692.4,706.5,146.2,755.7142857142857,752.0,52.02,799.5,797.0,70.59,816.9872,809.563,42.59,934.8125,841.0,307.31,2020,10300734.0,Biesdorf Süd,,
,,512,469,392,5,13,20,343,3,203,2,612.0437317784257,560.0,185.93,449.5,449.5,79.9,696.2857142857143,636.0,254.11,779.8333333333334,636.0,310.73,977.4333333333334,857.667,238.15,845.8571428571429,732.0,332.8,2020,10400835.0,Kaulsdorf Nord,,
,,811,463,395,10,13,23,351,3,208,3,609.3732193732194,565.0,187.89,422.22222222222223,438.0,112.93,639.5714285714286,602.0,161.88,939.3333333333334,841.5,356.03,796.107,792.014,40.61,781.5714285714286,715.5,279.4,2020,10400836.0,Alt-Kaulsdorf,,
,,610,564,475,12,13,29,413,1,97,0,751.726392251816,724.0,223.94,649.6,587.5,173.12,845.0,845.0,,898.75,823.5,190.14,1181.187,1181.187,,883.25,863.0,337.08,2020,10400837.0,Kaulsdorf Süd,,
,,647,608,500,9,11,19,430,2,64,0,811.1116279069768,747.5,248.18,822.0,716.0,263.91,750.3333333333334,716.5,119.63,849.5,816.0,131.79,1365.207,1365.207,170.22,857.5,838.0,167.14,2020,10400938.0,Mahlsdorf Nord,,
,,500,462,395,4,16,15,342,3,83,1,735.2953216374269,694.5,207.37,465.0,465.0,7.07,648.75,620.0,76.57,868.1428571428571,946.0,131.68,946.199,967.11,78.65,1165.0,998.0,441.23,2020,10400939.0,Alt-Mahlsdorf,,
,,509,468,401,5,11,27,349,3,33,1,832.9570200573066,815.0,216.67,662.0,654.0,154.82,701.1666666666666,735.0,90.61,1119.3333333333333,1122.0,51.05,1008.23,1065.92,101.75,1041.928571428571,927.0,288.88,2020,10400940.0,Elsensee,,
,,565,535,447,8,10,14,392,2,26,0,847.2984693877551,832.5,197.53,710.8,666.0,152.95,865.4,837.0,83.46,1094.5,1047.5,152.91,1068.609,1068.609,95.08,868.0,936.0,249.81,2020,10400941.0,Pilgramer Straße,,
,,378,340,284,5,21,14,251,4,101,2,721.4860557768924,684.0,252.39,670.2,736.0,143.69,731.625,690.0,161.65,855.25,871.5,232.28,901.50075,908.23,170.83,931.7272727272727,751.0,493.0,2020,11100101.0,Dörfer Malchow-Wartenberg,,
,,228,206,162,3,10,9,141,0,54,0,663.0212765957447,669.0,234.54,729.0,729.0,125.87,847.3333333333334,863.5,67.17,1002.5,1002.5,153.44,,,,1222.0,1166.0,434.4,2020,11100102.0,Dorf Falkenberg,,
,,1038,963,787,18,35,28,684,12,307,6,655.2543859649123,618.5,178.82,559.7647058823529,529.0,119.98,762.3529411764706,755.0,85.63,853.5625,856.5,91.35,911.2455833333332,917.7105,95.4,823.1363636363636,742.0,325.96,2020,11100203.0,Falkenberg Ost,,
,,892,833,695,10,23,26,613,8,261,7,673.6247960848287,631.0,212.16,578.3333333333334,575.0,112.89,702.75,762.0,139.2,817.1111111111111,835.0,68.56,813.51175,808.792,76.37,974.5217391304348,952.0,280.0,2020,11100204.0,Falkenberg West,,
,,722,676,541,12,24,14,451,13,174,9,670.3148558758315,649.0,198.85,639.8571428571429,614.0,124.62,695.421052631579,733.0,170.41,921.125,854.5,174.9,854.9705384615385,871.12,100.95,1203.75,1183.5,301.04,2020,11100205.0,Wartenberg Süd,,
,,914,873,690,12,20,12,593,4,229,2,674.6509274873524,656.0,209.88,521.8,501.0,127.24,686.0,685.0,226.84,802.0,824.0,87.1,871.1105,883.49,132.43,978.7,965.5,408.66,2020,11100206.0,Wartenberg Nord,,
,,1586,1498,1197,25,41,33,1065,8,292,4,703.1840375586854,667.0,181.81,646.0,616.5,196.04,768.8333333333334,733.0,160.15,887.4285714285714,827.5,131.55,917.4,902.71,101.1,966.818181818182,1015.0,205.76,2020,11100307.0,Zingster Straße Ost,,
,,1261,1171,938,17,41,30,821,16,308,9,675.190012180268,633.0,175.18,533.5,541.5,59.07,691.2857142857143,673.0,57.72,817.6315789473684,789.0,126.99,901.2968125,862.7764999999999,166.07,916.5652173913044,885.0,161.0,2020,11100308.0,Zingster Straße West,,
,,707,660,543,13,28,13,464,5,170,3,692.6099137931035,639.0,195.96,552.1818181818181,529.0,63.95,708.1428571428571,685.0,101.09,826.125,805.0,107.38,882.3184000000001,827.24,145.01,936.3,802.5,407.6,2020,11100309.0,Mühlengrund,,
,,1104,1040,844,15,24,25,752,10,328,10,655.8816489361702,626.0,199.92,617.7777777777778,655.0,75.84,627.4285714285714,670.5,141.32,732.0,716.5,50.47,753.3721,740.0519999999999,78.33,850.4615384615385,880.0,137.73,2020,11200410.0,Malchower Weg,,
,,1056,965,778,14,54,32,683,31,362,28,609.4831625183016,587.0,214.97,570.7692307692307,517.0,116.78,635.1351351351351,634.0,154.96,750.969696969697,738.0,76.37,764.0815806451612,729.543,147.63,924.782608695652,947.0,344.02,2020,11200411.0,Hauptstraße,,
,,637,583,486,8,21,27,442,14,203,13,648.6719457013575,616.0,183.49,509.875,494.0,102.08,652.1875,622.0,73.95,721.1764705882352,694.0,118.5,811.1580000000001,756.95,192.46,937.0,879.0,309.64,2020,11200512.0,Orankesee,,
,,1026,965,763,11,21,30,675,9,351,9,624.4859259259259,593.0,187.32,486.27272727272725,481.0,76.83,654.25,627.5,229.65,714.6923076923077,720.0,103.57,749.6284444444445,743.157,53.46,873.6875,844.5,250.79,2020,11200513.0,Große-Leege-Straße,,
,,1699,1605,1296,27,30,41,1201,10,569,8,646.3222314737718,611.0,183.57,546.2083333333334,544.5,112.74,628.8666666666667,607.0,108.68,764.6875,759.0,135.11,806.2370000000001,795.192,143.91,874.9411764705883,833.0,274.38,2020,11200514.0,Landsberger Allee,,
,,336,305,256,3,13,17,239,4,131,3,623.9874476987447,588.0,171.17,667.0,656.0,271.67,670.375,627.5,109.12,823.5,608.0,436.77,825.5,853.7365,102.29,708.5833333333334,697.5,343.07,2020,11200515.0,Weiße Taube,,
,,851,806,666,16,19,14,612,8,311,7,628.5457516339869,597.0,170.55,489.3333333333333,503.0,112.76,694.0,645.5,190.97,668.7142857142857,674.0,161.66,769.2333750000001,741.2384999999999,104.88,829.4166666666666,700.5,393.38,2020,11300616.0,Hohenschönhausener Straße,,
,,891,848,715,15,24,13,653,13,295,12,650.87595712098,613.0,186.62,568.3076923076923,578.0,107.11,686.4,704.0,123.61,851.0,849.0,205.08,803.213076923077,738.993,189.18,819.5,873.5,226.33,2020,11300617.0,Fennpfuhlpark,,
,,526,490,389,10,21,6,352,10,196,9,612.8579545454545,585.0,163.59,552.5555555555555,566.0,124.13,657.8,588.0,263.59,770.4117647058823,721.0,168.63,833.6989,736.1715,279.79,809.4,633.0,298.76,2020,11300618.0,Storkower Bogen,,
,,863,818,684,26,23,15,629,14,381,12,608.6438791732909,559.0,185.27,532.0,498.0,203.12,606.9090909090909,570.0,115.52,683.6153846153846,708.0,99.59,792.5802857142859,781.2235000000001,107.19,810.7272727272727,690.0,355.58,2020,11300619.0,Rudolf-Seiffert-Park,,
,,1503,1427,1199,26,36,29,1095,14,696,13,583.9963470319635,536.0,189.06,454.875,446.0,83.34,640.1764705882352,653.0,127.87,751.0555555555555,764.5,163.76,922.9824285714284,733.8734999999999,639.0,796.5217391304348,698.0,306.28,2020,11300620.0,Fennpfuhl Ost,,
,,1344,968,858,21,128,38,786,86,390,68,624.0534351145038,602.0,184.59,556.0,546.0,142.99,634.6739130434783,629.5,179.81,739.5698924731183,719.0,158.97,807.6250581395351,775.547,129.66,913.4827586206897,792.0,433.16,2020,11300721.0,Herzbergstraße,,
,,1678,1552,1361,26,74,41,1230,24,793,23,578.5731707317074,536.0,185.11,459.9565217391304,467.0,93.97,543.5897435897435,502.0,104.66,667.6470588235294,649.0,139.33,711.4505416666666,711.9235000000001,105.39,806.04,692.0,333.5,2020,11300722.0,Rathaus Lichtenberg,,
,,265,226,200,3,31,6,190,16,120,14,578.7684210526315,530.0,186.91,522.5,522.5,85.56,584.3333333333334,516.0,156.74,710.5294117647059,769.0,148.09,815.0947500000002,794.9065,120.85,586.75,606.5,106.94,2020,11300723.0,Bornitzstraße,,
,,494,458,382,9,17,15,332,3,188,2,608.3795180722891,566.5,178.22,389.25,424.5,136.89,617.2857142857143,579.0,101.02,746.5,736.5,140.13,1140.2346666666667,879.35,549.38,1167.6666666666667,1274.0,473.51,2020,11300724.0,Roedeliusplatz,,
,,1168,854,714,14,39,31,644,19,397,15,599.195652173913,541.0,206.61,497.6923076923077,440.0,181.48,587.3928571428571,542.0,149.04,765.1923076923077,742.0,210.42,810.7468421052632,844.287,124.34,994.1481481481482,810.0,434.15,2020,11300725.0,Nibelungenviertel,,
,,1519,1423,1214,26,34,55,1099,16,555,12,635.6214740673339,599.0,192.0,566.9047619047619,509.0,164.46,657.68,630.0,144.91,825.9166666666666,788.0,271.35,868.4588749999998,837.5935,222.43,920.025641025641,749.0,395.6,2020,11300826.0,Frankfurter Allee Süd,,
,,348,297,252,6,32,15,217,22,123,17,603.073732718894,569.0,205.57,406.0,384.0,58.13,649.36,625.0,109.69,799.25,765.5,221.1,827.4497727272727,802.318,107.0,982.1538461538462,733.0,527.85,2020,11400927.0,Victoriastadt,,
,,268,235,205,4,16,10,185,6,82,4,634.0324324324324,634.0,234.6,413.0,417.5,116.66,850.3,817.0,197.28,954.0,950.0,283.51,887.7741666666666,873.6334999999999,158.43,882.625,860.0,379.56,2020,11400928.0,Nöldnerplatz,,
,,1466,1358,1132,26,50,35,1015,24,391,20,654.7014778325123,644.0,195.87,623.3809523809524,631.0,161.58,759.3684210526316,714.0,169.48,850.1935483870968,798.0,146.34,866.9937916666664,835.7735,187.49,933.5,803.0,385.58,2020,11400929.0,Weitlingkiez,,
,,425,401,311,9,9,11,282,2,102,2,682.9148936170212,655.5,207.3,567.875,596.0,191.31,771.1428571428571,709.0,184.89,862.1666666666666,831.0,118.45,778.6085,778.6085,6.13,1124.5,1021.5,209.83,2020,11400930.0,Zachertstraße,,
,,902,859,707,14,22,16,655,11,225,10,686.2595419847328,657.0,192.96,597.9230769230769,569.0,115.29,810.9090909090909,731.0,347.63,810.2727272727273,801.0,135.93,773.0376363636365,780.446,91.44,772.0,684.0,264.02,2020,11400931.0,Massower Straße,,
,,802,755,629,21,14,27,562,1,147,1,701.2384341637011,677.0,183.87,676.8888888888889,674.0,107.1,686.8,714.0,77.37,879.3333333333334,854.0,77.18,861.013,861.013,,1014.8636363636364,934.0,471.74,2020,11401032.0,Rosenfelder Ring,,
,,807,751,606,12,27,23,556,11,166,10,700.113309352518,661.5,210.53,558.4,572.5,67.41,676.1333333333333,671.0,63.93,762.6,693.0,157.93,763.3154545454545,716.347,96.69,978.3529411764706,823.0,387.45,2020,11401033.0,Gensinger Straße,,
,,530,505,404,7,7,15,376,2,125,1,691.6223404255319,665.0,189.72,702.5,688.0,152.6,610.25,604.0,51.6,802.75,778.5,152.22,853.68,853.68,226.1,994.7777777777778,784.0,384.72,2020,11401034.0,Tierpark,,
,,1268,1190,959,19,30,36,860,10,356,5,683.9593023255813,637.0,208.72,585.6,568.0,107.17,665.6666666666666,631.0,149.45,893.6666666666666,902.0,78.82,937.9665,894.0219999999999,135.48,870.3333333333334,786.0,365.35,2020,11401135.0,Dolgenseestraße,,
,,1108,1056,867,15,27,13,787,13,288,9,695.7471410419314,658.0,211.93,555.9090909090909,537.0,111.91,661.6875,645.0,112.98,844.4,821.5,131.71,988.9645384615386,849.527,370.86,857.3333333333334,843.0,178.78,2020,11401136.0,Volkradstraße,,
,,1119,1044,862,13,32,28,792,11,311,7,679.2840909090909,637.5,191.74,615.9,577.5,126.61,700.5882352941177,661.0,156.58,889.4117647058823,910.0,88.24,844.9305454545454,837.213,110.02,961.3636363636364,887.5,384.38,2020,11401137.0,Erieseering,,
,,433,362,313,8,28,37,286,10,109,2,679.6118881118881,664.5,206.72,588.375,600.0,142.72,774.3125,716.5,200.56,991.3333333333334,935.0,187.86,1133.8321,1062.5145,315.32,910.5,840.5,396.25,2020,11501238.0,Rummelsburg,,
,,878,827,678,18,15,19,594,2,345,1,603.8232323232323,545.5,226.59,496.625,477.0,85.57,702.4285714285714,567.0,313.94,1096.0,1056.0,100.18,948.09,948.09,105.08,822.5,863.0,309.81,2020,11501339.0,Karlshorst West,,
,,935,870,733,12,14,36,636,4,255,1,689.8050314465409,655.5,215.08,583.5,536.5,193.09,725.5714285714286,654.0,210.09,951.0,960.5,73.09,1159.22825,1085.15,318.43,884.4,722.0,465.97,2020,11501340.0,Karlshorst Nord,,
,,577,536,444,10,17,23,399,4,161,3,701.295739348371,661.0,244.12,521.1111111111111,546.0,103.77,581.0,590.0,129.79,781.7142857142857,767.0,76.61,790.3549999999999,770.5165,93.13,792.3333333333334,658.0,362.42,2020,11501341.0,Karlshorst Süd,,
,,1324,1227,990,14,30,50,895,12,412,10,641.5039106145251,612.0,177.83,555.6,594.5,95.68,602.0,599.0,131.16,759.75,750.0,167.68,700.74025,714.7915,148.87,779.7,750.5,221.5,2020,12100101.0,Letteplatz,,
,,1154,1082,897,15,26,33,809,12,231,10,695.6971569839308,673.0,170.65,610.0833333333334,576.0,115.28,714.8636363636364,674.0,271.61,804.6875,761.5,150.93,779.0858333333334,747.8335,102.47,1006.44,935.0,355.13,2020,12100102.0,Hausotterplatz,,
,,1020,937,763,12,36,36,673,18,246,15,670.9762258543833,638.0,174.01,589.125,618.0,73.87,703.3461538461538,659.0,194.8,721.304347826087,687.0,112.89,781.32,774.2180000000001,103.69,753.074074074074,743.0,254.37,2020,12100103.0,Breitkopfbecken,,
,,1381,1282,1060,27,41,43,958,16,514,13,628.8820459290188,590.5,192.15,536.3333333333334,499.0,105.41,611.6071428571429,564.0,148.83,766.1818181818181,721.5,180.95,741.5903750000001,680.4165,122.57,866.5757575757576,762.0,329.55,2020,12100204.0,Schäfersee,,
,,2057,1894,1567,29,79,63,1418,35,745,33,623.5867418899859,588.5,178.7,524.04,526.0,98.17,584.7692307692307,554.0,107.72,705.1666666666666,693.0,148.9,760.7943428571427,752.517,100.67,794.6428571428571,689.5,368.79,2020,12100205.0,Teichstraße,,
,,569,537,431,6,9,19,386,3,180,2,641.9689119170985,610.0,159.07,528.0,518.0,94.95,635.5714285714286,607.0,128.5,842.75,799.0,148.73,767.7823333333332,655.86,222.21,738.3125,637.5,195.09,2020,12100206.0,Humboldtstraße,,
,,503,472,389,8,9,20,353,0,195,0,627.2237960339943,584.0,172.38,556.5,556.5,64.12,681.2,544.0,281.67,935.0,935.0,,,,,783.5625,718.5,246.58,2020,12200307.0,Reinickes Hof,,
,,621,583,475,9,16,10,435,6,161,4,665.6298850574713,635.0,160.99,612.3333333333334,605.0,73.66,725.7777777777778,700.0,149.92,740.7,645.0,343.21,843.0011666666666,763.77,177.44,837.8888888888889,895.0,174.09,2020,12200308.0,Mellerbogen,,
,,1552,1421,1160,26,58,61,1058,31,481,27,650.0141776937618,612.0,175.04,539.1111111111111,518.0,94.84,625.2162162162163,595.0,124.74,700.7777777777778,670.5,137.88,758.2452580645161,708.18,128.5,836.6603773584906,833.0,302.84,2020,12200309.0,Scharnweberstraße,,
,,1003,912,714,21,30,48,655,9,353,9,633.1206106870229,589.0,198.18,597.8333333333334,586.0,159.82,683.8,671.0,165.65,764.6666666666666,734.0,134.1,787.1274444444444,773.11,59.31,802.2857142857143,766.0,245.01,2020,12200310.0,Klixstraße,,
,,97,83,66,1,4,10,64,0,24,0,666.171875,627.5,177.95,578.0,578.0,,571.0,571.0,,,,,,,,874.4444444444445,931.0,182.09,2020,12200411.0,Schumacher-Quartier,,
,,881,792,678,29,40,44,616,8,345,6,615.3912337662338,567.0,217.78,492.85,456.0,93.79,559.6363636363636,508.0,109.39,757.7777777777778,750.0,254.5,871.903,822.0235,168.02,1050.6666666666667,1039.0,410.54,2020,12200412.0,Waldidyll/Flughafensee,,
,,907,842,671,18,18,43,602,6,351,2,608.6179401993355,555.5,219.82,516.125,487.5,139.77,753.4444444444445,806.0,246.95,716.7777777777778,752.0,169.69,929.205,988.2735,144.56,821.3611111111111,828.0,316.38,2020,12200413.0,Tegel Süd,,
,,534,471,424,5,11,37,376,4,221,4,494.9707446808511,536.5,326.66,598.4,625.0,52.61,552.0,445.0,329.75,838.75,882.0,463.71,831.4685000000001,830.9415,49.9,949.55,821.5,338.31,2020,12200414.0,TXL,,
,,2483,2214,1857,40,50,68,1651,12,1016,6,553.3101150817686,458.0,250.81,420.80555555555554,394.0,139.89,540.35,434.0,215.23,662.8125,703.5,264.69,914.2730833333334,896.4780000000001,132.98,820.6296296296297,905.0,372.39,2020,12200515.0,Alt-Tegel,,
,,511,488,412,8,3,16,320,1,215,0,576.696875,525.0,208.44,467.75,475.5,49.74,739.0,739.0,,962.5,962.5,99.7,1249.207,1249.207,,701.3,726.5,190.5,2020,12400616.0,Konradshöhe/Tegelort,,
,,533,492,434,12,11,22,371,4,28,0,814.2533692722373,766.0,215.6,790.3,764.0,142.6,902.1428571428572,917.0,94.13,938.6,877.0,180.92,1167.69775,1099.522,241.92,1196.75,1144.5,268.36,2020,12400617.0,Alt-Heiligensee,,
,,385,337,294,13,8,35,259,1,51,0,790.7683397683397,760.0,249.54,632.8,668.5,146.79,887.5,919.0,112.11,1049.5,1049.5,197.28,909.566,909.566,,1063.2916666666667,1034.5,295.75,2020,12400618.0,Heiligensee Nord,,
,,791,736,610,22,24,24,540,6,115,0,753.4351851851852,693.5,227.76,692.8421052631579,645.0,150.87,784.4375,792.0,168.75,1085.0,1068.0,222.16,1226.8616666666665,1325.025,230.52,1210.2,1221.0,381.37,2020,12400619.0,Heiligensee,,
,,823,770,654,18,19,31,517,2,192,0,702.3017408123791,654.0,224.76,573.8333333333334,576.5,69.41,761.0,710.0,161.53,955.25,917.5,133.46,1043.785,1043.785,23.48,995.2666666666668,983.0,258.6,2020,12400720.0,Frohnau West,,
,,746,690,583,13,14,37,453,4,221,1,664.6777041942605,614.0,243.93,715.25,675.0,160.66,733.125,729.0,107.9,962.75,945.0,47.44,969.23775,974.5105,64.8,1054.0833333333333,953.0,392.3,2020,12400721.0,Frohnau Ost,,
,,975,695,582,11,11,22,488,3,308,2,575.1024590163935,534.5,197.3,512.8,470.0,144.08,569.1,560.0,51.24,984.8571428571428,846.0,369.08,836.393,824.143,74.0,918.25,721.5,439.84,2020,12400722.0,Hermsdorf West,,
,,646,591,494,17,14,35,426,2,266,2,593.5657276995305,554.5,191.38,552.1538461538462,533.0,124.54,568.7777777777778,554.0,146.29,807.6,805.0,57.8,845.5585,845.5585,7.91,823.0,720.5,388.63,2020,12400723.0,Hermsdorf Ost/Waldsee,,
,,975,909,748,17,20,33,669,4,389,4,614.8385650224216,559.0,208.17,487.5384615384616,511.0,155.16,570.0,541.5,100.28,787.6666666666666,720.5,304.39,791.2149999999999,804.7335,63.61,830.7586206896551,775.0,237.19,2020,12500824.0,Ziekowstraße/Freie Scholle,,
,,837,766,638,10,36,29,577,20,339,17,623.0831889081455,558.0,213.71,510.875,531.0,112.28,613.7241379310345,561.0,140.99,734.65,682.0,159.56,790.8467,800.14,102.86,864.56,825.0,254.92,2020,12500825.0,Borsigwalde,,
,,1063,1008,861,28,20,33,759,13,500,9,567.627140974967,520.0,204.9,502.5833333333333,447.0,190.63,601.0,552.0,122.44,790.7142857142857,769.5,111.38,843.7552307692308,793.834,96.77,682.3461538461538,605.0,279.04,2020,12500926.0,Wittenau Süd,,
,,1192,803,659,11,19,24,583,6,297,6,650.7667238421956,598.0,220.55,509.3333333333333,487.0,118.51,758.0,748.0,263.57,788.2222222222222,708.0,223.63,754.3238333333334,741.093,65.9,818.5238095238095,720.0,310.08,2020,12500927.0,Wittenau Nord,,
,,558,516,431,5,10,25,380,3,235,1,608.9657894736843,563.0,204.68,492.6,446.0,252.7,632.4285714285714,623.0,136.6,771.2,708.0,136.05,970.3453333333332,957.06,382.23,826.0454545454545,853.5,287.71,2020,12500928.0,Waidmannslust,,
,,400,369,320,7,18,11,271,5,60,3,743.3874538745388,701.0,201.23,687.1428571428571,703.0,89.32,635.75,627.5,111.62,1157.6,914.0,450.55,922.62,760.577,324.23,947.7,961.5,184.25,2020,12500929.0,Lübars,,
,,1449,1357,1092,18,38,34,966,19,504,17,626.675983436853,589.0,217.38,498.7272727272728,467.0,139.41,674.0416666666666,672.5,171.28,733.1,706.0,184.0,756.1574736842106,764.973,113.93,643.52,613.0,221.15,2020,12500930.0,Wittenau Mitte,,
,,404,379,304,4,9,13,272,1,133,0,647.5294117647059,604.0,181.58,584.3333333333334,594.0,22.14,546.6,581.0,192.1,749.0,749.0,53.74,1016.337,1016.337,,905.0833333333334,820.5,393.88,2020,12601031.0,Lübarser Straße,,
,,782,712,542,13,22,40,484,3,195,0,681.6157024793389,633.5,209.98,667.5454545454545,608.0,204.13,602.9230769230769,621.0,75.08,846.75,741.0,272.4,1029.882,999.083,61.97,775.2903225806451,758.0,233.65,2020,12601032.0,Rollbergesiedlung,,
,,1598,1511,1219,28,46,22,1066,25,283,19,747.0018761726079,697.5,210.75,691.3636363636364,656.0,150.89,716.5263157894736,728.0,218.89,942.375,908.5,162.93,870.1474,841.6,197.74,820.9375,803.0,262.48,2020,12601133.0,Treuenbrietzener Straße,,
,,2235,2062,1658,38,78,45,1480,33,389,24,747.1337837837838,710.0,224.23,601.9090909090909,610.0,159.69,708.5681818181819,707.5,169.9,890.7,908.5,174.64,897.1266666666667,826.387,325.27,695.3571428571429,688.0,127.66,2020,12601134.0,Märkisches Zentrum,,
,,1157,1086,851,19,32,26,755,14,316,13,694.9245033112583,640.0,221.08,568.3333333333334,526.0,218.16,699.8666666666667,627.0,198.14,882.8333333333334,882.0,172.33,825.4673571428573,816.9185,52.44,748.35,721.0,209.35,2020,12601235.0,Dannenwalder Weg,,
,,356,330,282,3,8,12,249,2,133,2,629.570281124498,569.0,237.99,606.0,623.0,176.12,603.0,551.0,119.79,844.0,844.0,94.75,708.3145,708.3145,0.89,777.7,630.0,431.97,2020,12601236.0,Schorfheidestraße,,
,,20320,16865,14546,259,1298,772,13073,785,8574,667,575.65,542.0,188.43,491.01,471.0,127.86,585.68,572.0,135.43,714.06,695.0,141.26,794.71,741.13,700.57,894.0,811.5,383.66,2020,,,110.0,Zentrum
,,12000,10918,9083,171,528,432,8190,241,5084,209,584.79,552.0,188.78,496.62,470.5,128.04,549.1,524.0,154.46,682.09,657.0,150.61,770.33,724.5,325.24,768.2,673.0,333.24,2020,,,120.0,Moabit
,,10857,9806,8000,150,380,389,7286,141,4099,114,612.96,574.0,208.48,492.54,489.0,126.24,579.21,562.0,150.47,742.65,693.5,220.58,803.16,768.32,196.09,934.98,786.0,450.94,2020,,,130.0,Gesundbrunnen
,,15092,12644,10400,254,430,482,9433,159,5667,143,591.99,555.0,197.99,476.44,456.5,123.11,561.52,534.0,150.48,742.44,736.0,163.28,774.4,743.49,184.87,874.82,822.0,373.33,2020,,,140.0,Wedding
,,6570,5887,4880,115,345,263,4343,148,3165,134,545.57,513.0,170.01,456.71,444.0,112.16,553.02,524.5,169.53,701.54,659.0,195.48,728.41,709.77,162.36,757.54,659.0,338.91,2020,,,210.0,Kreuzberg Nord
,,7234,5995,5098,116,326,298,4592,160,3217,135,553.67,523.0,165.22,461.63,460.5,109.65,552.83,537.0,153.99,733.31,710.0,158.53,760.0,735.29,159.75,745.66,642.5,314.51,2020,,,220.0,Kreuzberg Süd
,,6092,5490,4581,92,300,224,3995,83,3035,73,525.72,487.0,177.64,410.34,411.5,92.27,513.3,463.5,178.76,631.65,614.0,205.63,689.73,639.29,186.64,780.16,690.0,364.38,2020,,,230.0,Kreuzberg Ost
,,7939,6965,5903,140,285,205,5268,133,3873,119,538.29,501.0,186.85,460.26,437.5,116.12,555.8,505.5,173.55,637.11,623.0,164.35,715.83,681.88,196.9,910.21,789.5,446.54,2020,,,240.0,Friedrichshain West
,,8075,7242,6182,119,423,294,5519,105,3577,89,582.39,549.0,186.66,480.23,465.0,118.12,586.52,550.0,158.53,692.86,658.0,177.74,741.18,723.81,171.71,947.21,838.0,420.98,2020,,,250.0,Friedrichshain Ost
,,2864,2418,1990,51,102,74,1597,36,800,12,653.82,600.0,222.41,571.68,561.0,108.5,782.87,746.0,235.04,828.74,811.5,171.01,944.2,934.01,136.03,935.83,882.0,286.41,2020,,,310.0,Buch
,,4457,4182,3430,73,79,148,3003,26,988,24,718.91,672.0,227.36,567.85,534.0,173.98,597.49,567.0,149.22,740.36,707.0,166.4,743.63,744.61,111.29,808.35,740.0,312.12,2020,,,320.0,Nördliches Pankow
,,3603,3341,2768,62,103,104,2362,34,1147,29,655.7,607.0,218.92,589.25,558.0,191.97,615.21,596.5,163.51,751.02,723.0,202.13,815.98,716.16,395.95,832.18,735.0,309.09,2020,,,330.0,Nördliches Weißensee
,,9633,8670,7157,140,289,298,6342,98,2726,81,665.99,630.0,209.14,547.54,540.0,121.18,619.81,585.0,196.73,753.53,718.0,184.05,783.51,749.05,225.42,862.73,786.0,370.31,2020,,,340.0,Südliches Pankow
,,6023,5020,4181,90,155,230,3741,64,2165,53,605.23,570.0,195.03,475.99,467.0,85.37,559.05,536.0,164.48,610.05,579.5,155.38,771.4,727.12,170.37,711.54,660.0,250.76,2020,,,350.0,Südliches Weißensee
,,10580,9607,8105,158,435,420,7249,151,3859,129,615.01,589.0,180.87,528.61,527.0,113.17,601.69,596.0,131.69,714.02,664.0,201.2,777.96,740.67,168.08,917.19,844.0,372.62,2020,,,360.0,Nördlicher Prenzlauer Berg
,,4128,3726,3061,50,167,169,2741,72,1716,70,583.63,555.0,177.63,506.15,503.0,110.02,558.76,544.0,106.41,681.39,630.0,197.64,694.52,675.59,92.34,957.35,943.0,403.18,2020,,,370.0,Südlicher Prenzlauer Berg
,,2930,2681,2171,43,95,113,1967,30,1116,21,608.85,571.0,203.59,493.21,450.0,113.49,609.58,596.5,164.13,846.35,823.0,191.55,840.74,816.06,119.01,735.17,652.5,342.32,2020,,,410.0,Charlottenburg Nord
,,6069,4989,4181,106,221,264,3790,86,1855,72,635.61,605.0,202.74,541.0,518.0,150.48,658.54,639.0,193.32,763.58,731.0,192.69,815.87,789.93,151.37,871.08,816.0,308.78,2020,,,420.0,Charlottenburg West
,,13196,11744,9813,213,516,592,8878,239,6397,219,546.55,510.0,183.94,438.84,436.0,85.11,565.98,540.0,155.08,681.15,655.0,172.07,717.38,696.94,144.96,768.65,719.0,307.88,2020,,,430.0,Charlottenburg Zentrum
,,6096,5436,4548,101,171,209,4101,54,1828,45,643.24,617.0,175.66,565.92,543.5,117.95,681.4,619.5,209.96,750.61,704.0,181.92,803.56,777.05,183.25,970.27,963.0,306.27,2020,,,440.0,Wilmersdorf Süd
,,15282,13637,11510,289,588,564,10254,333,7280,308,547.81,511.0,178.43,478.81,466.0,110.94,545.92,516.0,148.56,664.52,637.5,160.79,719.87,693.88,208.34,800.52,675.0,345.52,2020,,,450.0,Wilmersdorf Zentrum
,,14978,13230,11001,248,426,473,9950,178,5800,125,606.27,570.0,193.48,537.27,518.0,127.44,651.08,625.5,179.54,739.38,678.0,220.5,860.79,802.5,247.13,912.74,831.0,348.16,2020,,,510.0,Spandau Mitte / Nord
,,12118,11171,9252,200,358,461,8217,144,4204,105,624.32,595.0,198.55,538.48,527.0,143.47,671.11,671.0,148.15,747.13,730.0,158.3,850.01,811.36,192.41,935.1,865.5,343.49,2020,,,520.0,Wilhelmstadt / Staaken
,,3967,3579,2978,66,172,175,2697,81,1619,58,591.3,546.0,207.17,477.81,444.0,130.33,702.48,665.0,210.33,816.5,812.0,178.28,870.58,847.89,151.97,842.37,747.0,329.17,2020,,,530.0,Haselhorst / Siemensstadt
,,1867,1461,1213,32,58,78,937,21,480,4,647.89,596.0,230.69,587.39,556.0,178.77,694.88,734.0,176.17,1035.95,1079.0,129.82,1212.83,1076.45,689.91,1014.21,931.0,395.98,2020,,,540.0,Gatow / Kladow
,,7562,6998,5714,149,241,260,5070,78,3214,65,572.12,545.0,175.27,477.09,473.5,105.47,582.69,558.0,155.64,727.54,711.5,171.57,829.31,771.24,270.66,852.31,725.0,367.35,2020,,,610.0,Steglitz
,,8934,8088,6721,169,186,242,5925,54,3109,34,625.68,591.0,189.6,544.17,534.0,124.22,684.14,640.5,185.8,784.06,744.0,196.92,895.01,829.28,179.01,809.3,748.5,280.44,2020,,,620.0,Lankwitz/Lichterfelde Ost
,,8451,7203,6023,170,213,261,5339,85,2635,60,647.75,603.0,207.09,543.22,550.0,100.22,644.29,609.0,173.86,714.63,688.0,151.52,848.09,816.63,216.17,778.02,695.0,317.17,2020,,,630.0,Zehlendorf Süd/Lichterfelde West
,,7792,6592,5606,137,289,313,4914,81,2131,54,672.95,627.0,224.14,565.19,540.0,181.99,697.21,650.5,215.85,824.73,768.0,256.32,898.17,812.91,235.01,822.82,754.0,326.16,2020,,,640.0,Zehlendorf Nord/Wannsee
,,6260,5773,4772,109,195,226,4294,101,2997,97,563.51,530.0,165.34,488.3,470.0,83.05,572.21,544.0,135.45,699.75,679.0,185.46,736.13,702.16,269.18,793.23,723.0,280.38,2020,,,710.0,Schöneberg Nord
,,5532,5028,4208,83,190,247,3742,88,2822,78,531.58,498.0,174.63,472.28,452.5,139.76,559.18,525.0,168.71,661.51,638.0,156.85,729.67,676.21,179.58,827.39,762.0,350.07,2020,,,720.0,Schöneberg Süd
,,4428,3529,2892,68,140,176,2593,62,1725,59,571.25,538.0,179.43,500.32,493.0,113.35,594.5,582.0,124.18,680.16,645.0,155.09,717.78,690.34,102.42,850.38,779.0,328.49,2020,,,730.0,Friedenau
,,9070,7506,6220,147,285,328,5663,109,3751,88,564.88,529.0,188.78,463.44,452.0,107.87,612.88,581.0,148.15,723.95,715.0,154.76,799.2,751.0,231.14,936.82,843.5,393.54,2020,,,740.0,Tempelhof
,,6547,6135,5120,120,155,189,4630,36,2976,29,578.24,541.0,183.22,476.74,465.5,104.91,624.08,588.0,158.42,739.89,692.0,233.74,801.44,771.13,146.21,890.41,739.5,410.18,2020,,,750.0,Mariendorf
,,9387,8777,7214,182,256,258,6242,93,3095,26,643.47,602.0,202.62,572.25,561.5,145.58,724.45,702.0,208.06,882.97,853.5,171.96,1010.94,962.64,215.17,882.54,834.0,294.41,2020,,,760.0,Marienfelde / Lichtenrade
,,21462,19581,16075,355,854,786,14560,332,8856,297,587.72,557.0,193.02,459.31,452.0,106.72,558.15,540.0,142.06,627.29,599.5,180.81,738.56,708.74,158.35,873.23,789.0,362.99,2020,,,810.0,Neukölln
,,9073,8395,7000,175,298,274,6348,100,3245,80,630.7,596.0,188.02,516.11,508.5,126.82,626.34,600.0,166.16,749.31,686.0,238.99,803.58,800.42,155.92,887.56,782.0,357.19,2020,,,820.0,Britz/Buckow
,,5368,5049,4022,101,166,109,3604,50,2164,40,605.88,548.0,216.46,489.67,483.0,122.64,637.66,577.0,221.64,833.17,818.0,173.11,842.65,830.53,101.1,742.09,605.0,323.95,2020,,,830.0,Gropiusstadt
,,6664,5453,4420,133,161,143,3897,76,2263,63,602.15,566.0,203.18,506.17,503.5,123.8,615.75,600.5,161.81,749.94,698.5,157.74,787.34,770.83,135.22,794.89,765.0,331.0,2020,,,840.0,Buckow Nord/Rudow
,,8157,7534,6316,145,273,260,5761,107,2681,94,639.42,612.0,188.01,538.35,522.5,121.37,615.38,595.0,165.86,725.08,698.5,206.09,741.8,723.88,143.61,891.63,811.5,339.27,2020,,,910.0,Treptow-Köpenick 1
,,8991,8272,6861,132,282,327,6213,98,3116,82,629.78,600.0,185.71,538.92,527.0,137.69,624.41,606.0,169.11,700.14,667.0,165.6,767.46,741.08,157.67,781.43,728.0,256.48,2020,,,920.0,Treptow-Köpenick 2
,,5717,5069,4158,105,145,178,3567,50,1443,19,677.66,642.0,211.25,593.9,598.0,157.69,746.47,696.5,208.01,928.51,913.0,178.57,972.43,931.15,201.15,886.76,811.0,310.07,2020,,,930.0,Treptow-Köpenick 3
,,5009,4422,3688,76,95,134,3253,28,1404,11,662.99,633.0,209.55,575.3,562.5,141.39,779.18,742.0,183.98,831.73,757.5,235.58,1078.11,962.73,334.16,1000.85,907.5,391.75,2020,,,940.0,Treptow-Köpenick 4
,,6624,6205,5218,133,143,216,4430,31,1536,5,691.03,665.0,211.32,607.57,599.5,199.37,771.77,768.5,174.27,992.43,898.0,258.7,1205.09,1146.25,327.97,966.51,863.0,347.37,2020,,,950.0,Treptow-Köpenick 5
,,14844,13835,11331,256,431,432,10185,153,4443,110,654.99,623.0,196.92,554.2,540.5,135.56,634.33,617.0,148.17,723.97,688.0,191.92,856.39,802.77,307.84,876.1,793.0,362.22,2020,,,1010.0,Marzahn
,,10070,9401,7674,146,332,246,6720,130,3307,97,647.77,603.0,220.77,536.86,534.0,134.45,599.26,576.0,177.24,752.12,710.5,204.14,832.76,793.69,165.23,847.35,798.0,320.22,2020,,,1020.0,Hellersdorf
,,3654,3102,2579,62,91,89,2348,36,1059,28,648.84,621.0,215.44,579.04,562.0,160.66,659.39,664.0,205.7,803.17,767.0,167.72,1124.42,775.63,1929.48,801.95,678.0,305.27,2020,,,1030.0,Biesdorf
,,4154,3569,3005,53,87,147,2620,17,714,7,747.09,720.0,230.18,617.46,596.0,215.35,717.42,716.5,160.44,915.32,904.5,237.24,1013.69,1001.37,198.24,910.6,862.0,318.45,2020,,,1040.0,Kaulsdorf/Mahlsdorf
,,7726,7220,5837,115,243,179,5083,70,1896,42,681.23,646.0,196.7,588.91,555.5,140.32,724.46,732.0,141.15,855.8,842.5,137.39,883.14,870.7,123.24,961.16,901.0,324.3,2020,,,1110.0,Hohenschönhausen Nord
,,5858,5463,4423,78,163,172,3992,78,1944,71,637.05,605.0,192.92,551.74,545.0,117.65,640.84,626.5,142.54,745.29,727.0,139.33,778.04,742.62,138.78,874.33,845.0,289.68,2020,,,1120.0,Hohenschönhausen Süd
,,11102,9870,8382,192,446,263,7622,223,4322,187,609.59,575.0,187.82,512.25,494.0,145.78,620.73,600.5,162.73,743.75,721.0,179.58,812.75,772.62,222.73,889.12,749.0,386.83,2020,,,1130.0,Lichtenberg Nord
,,9043,8451,6934,146,266,229,6287,113,2316,86,679.49,651.0,202.02,597.7,601.0,138.87,712.45,679.0,170.67,841.5,813.0,156.91,857.47,816.2,185.33,939.43,822.5,382.72,2020,,,1140.0,Lichtenberg Mitte
,,2823,2595,2168,48,74,115,1915,20,870,7,664.01,629.0,227.34,539.02,544.0,133.19,701.85,654.0,216.6,946.0,926.0,174.51,1051.64,949.98,294.2,864.18,766.0,398.87,2020,,,1150.0,Lichtenberg Süd
,,7505,6959,5708,103,221,244,5139,96,2328,83,646.63,616.0,179.7,549.78,546.0,102.28,631.54,607.5,170.71,742.37,721.0,154.48,756.44,738.28,115.62,820.26,763.0,314.76,2020,,,1210.0,Reinickendorf Ost
,,8581,7790,6434,157,236,341,5810,76,3147,58,602.6,582.0,226.29,512.78,506.0,137.05,629.29,605.0,185.26,722.71,685.0,216.41,822.31,795.05,142.18,860.06,848.0,327.95,2020,,,1220.0,Tegel
,,5410,4799,4063,114,104,222,3374,23,1396,5,680.5,640.5,235.88,630.0,628.0,159.05,730.32,720.5,171.55,975.95,903.5,216.57,1058.94,1001.17,214.55,984.55,900.5,376.17,2020,,,1240.0,Grüner Norden
,,6474,5728,4749,96,161,189,4205,70,2324,57,622.9,575.0,215.17,517.27,487.0,164.21,640.18,591.0,161.85,783.41,725.0,221.81,805.25,788.36,148.9,787.18,725.0,271.12,2020,,,1250.0,Wittenau/Borsigwalde
,,6532,6080,4856,105,195,158,4306,78,1449,58,717.49,673.0,220.49,626.57,613.0,174.83,683.53,655.0,179.21,893.65,880.0,185.31,877.41,826.56,243.5,771.32,745.0,258.59,2020,,,1260.0,Märkisches Viertel
11001.0,Tiergarten Süd,3283,2473,2183,65,268,147,1920,181,1059,151,601.89,578.5,195.57,501.5,492.0,146.94,633.81,630.0,114.86,730.34,721.5,125.65,805.11,776.67,148.26,937.24,899.0,329.2,2021,,,,
11002.0,Regierungsviertel,3701,3231,2946,73,308,156,2634,214,1502,180,604.19,580.0,174.62,502.86,491.5,108.29,609.42,599.0,111.23,724.36,709.5,121.55,798.24,773.17,153.4,902.91,877.0,356.78,2021,,,,
11003.0,Alexanderplatz,12521,10396,9341,243,688,406,8375,418,5427,357,575.52,541.0,190.01,457.43,446.5,109.35,577.33,563.0,132.47,692.95,677.0,137.77,761.34,715.43,207.56,917.0,845.0,404.75,2021,,,,
11004.0,Brunnenstraße Süd,2326,2120,1831,37,117,89,1651,44,1037,43,586.17,546.0,198.69,484.42,480.5,83.64,558.42,537.0,110.56,642.69,613.5,143.77,725.13,710.06,146.44,889.27,706.0,449.48,2021,,,,
12005.0,Moabit West,5348,4829,4081,90,271,246,3622,108,2067,93,603.17,574.0,184.02,472.07,462.0,95.25,605.84,570.0,160.59,700.89,687.0,152.18,773.96,735.33,173.78,759.26,695.0,307.73,2021,,,,
12006.0,Moabit Ost,7381,6773,5955,153,349,258,5321,157,3379,119,579.24,541.0,192.7,458.62,439.0,102.04,565.31,529.0,161.25,689.48,674.0,172.83,815.17,791.41,154.07,787.74,710.5,326.61,2021,,,,
13007.0,Osloer Straße,5203,4601,3785,95,143,205,3408,57,1622,46,645.68,610.0,202.39,505.83,496.0,154.51,581.8,570.0,102.99,727.33,701.0,125.56,824.52,771.61,259.24,911.31,755.5,372.69,2021,,,,
13008.0,Brunnenstraße Nord,5976,5505,4590,98,229,240,4132,73,2682,63,571.24,530.0,199.87,458.64,443.0,100.76,554.15,533.0,154.13,676.86,667.0,122.8,769.32,741.75,163.49,895.19,759.0,422.21,2021,,,,
14009.0,Parkviertel,7990,6017,5037,155,211,240,4568,63,2572,54,601.86,573.0,189.55,469.07,460.0,91.33,590.09,571.0,161.15,713.35,721.0,154.11,789.0,775.56,150.1,855.1,828.0,318.29,2021,,,,
14010.0,Wedding Zentrum,8134,7336,6115,159,219,258,5483,68,3365,66,585.84,549.0,193.68,464.72,460.0,94.29,554.8,531.0,117.5,720.18,706.0,152.65,767.18,773.42,99.37,907.68,863.0,375.16,2021,,,,
21001.0,Südliche  Friedrichstadt,6397,5830,4927,118,302,264,4434,118,3146,106,550.06,512.0,180.61,422.29,416.0,103.26,548.53,520.0,150.77,667.62,655.0,138.02,718.11,704.97,137.98,754.73,651.0,326.99,2021,,,,
22002.0,Tempelhofer Vorstadt,7498,6259,5444,143,347,329,4853,126,3217,102,567.01,533.0,180.93,462.97,446.0,109.71,566.78,545.0,152.63,721.32,691.0,153.71,793.34,751.11,230.07,771.79,658.0,362.42,2021,,,,
23003.0,Nördliche Luisenstadt,3009,2751,2356,86,141,114,2073,34,1612,34,513.16,475.0,171.84,424.34,414.0,91.88,490.88,458.0,141.91,628.46,613.5,189.4,612.66,609.83,79.82,816.69,693.0,362.36,2021,,,,
23004.0,Südliche Luisenstadt,3184,2902,2526,65,150,130,2208,38,1542,34,546.15,499.0,197.53,427.08,424.5,94.84,542.61,493.0,165.1,685.75,656.0,162.01,704.97,638.66,194.7,758.15,641.0,372.36,2021,,,,
24005.0,Karl-Marx-Allee Nord,3813,2920,2520,72,109,122,2279,39,1529,37,565.49,531.0,181.58,457.76,450.5,112.19,558.29,559.0,109.69,683.86,661.0,128.16,703.73,684.05,113.43,1064.16,1149.5,445.01,2021,,,,
24006.0,Karl-Marx-Allee Süd,4669,4310,3741,85,224,134,3336,97,2412,82,535.2,495.5,188.21,408.23,397.0,89.14,531.23,496.0,162.04,652.59,612.5,207.68,755.31,683.09,367.38,852.02,754.0,413.44,2021,,,,
25007.0,Frankfurter Allee Nord,2752,2446,2092,46,168,137,1880,44,1105,37,600.52,570.0,183.57,498.18,489.5,100.89,570.41,538.0,115.86,678.25,629.0,199.94,741.28,701.17,162.04,940.56,807.0,408.58,2021,,,,
25008.0,Frankfurter Allee Süd FK,5768,5249,4605,111,254,264,4124,76,2505,60,593.18,556.0,194.24,488.71,475.5,150.63,577.79,548.5,156.77,688.78,674.0,181.97,759.71,732.88,159.82,956.73,842.5,434.23,2021,,,,
31001.0,Buch,2772,2296,1927,49,110,97,1510,30,762,3,671.22,599.0,243.3,608.37,564.5,191.89,739.89,738.0,174.86,839.14,820.5,188.02,990.12,979.11,108.48,891.22,877.5,210.31,2021,,,,
32002.0,Blankenfelde/Niederschönhausen,3002,2788,2368,56,66,143,2054,23,633,17,727.26,680.0,228.31,543.93,542.0,143.06,554.62,575.5,94.25,739.06,711.0,229.03,824.44,747.99,239.4,890.32,858.5,345.57,2021,,,,
32003.0,Buchholz,1723,1633,1325,33,34,55,1153,2,373,1,731.68,677.0,239.72,609.47,583.0,96.44,699.46,651.5,249.42,723.8,640.5,255.69,1010.79,1010.79,461.63,864.86,789.5,360.38,2021,,,,
33004.0,Karow,1732,1653,1395,43,29,49,1145,6,621,3,636.77,579.0,238.8,523.97,459.0,192.73,690.88,662.0,127.92,833.06,809.0,119.0,906.81,876.13,115.97,808.85,756.5,299.44,2021,,,,
33005.0,Blankenburg/Heinersdorf/Märchenland,2160,2034,1703,43,50,76,1536,19,644,14,674.39,631.5,203.98,579.53,544.0,156.39,676.58,664.0,185.36,763.17,720.5,190.63,792.0,773.93,198.14,826.15,753.0,311.5,2021,,,,
34006.0,Schönholz/Wilhelmsruh/Rosenthal,2066,1944,1662,35,48,74,1491,13,390,7,730.1,702.0,200.65,562.47,579.5,106.1,713.52,660.0,233.56,877.09,836.0,258.87,932.54,888.11,214.8,898.07,875.0,311.11,2021,,,,
34007.0,Pankow Zentrum,4394,3818,3226,75,97,171,2873,21,1450,16,650.22,599.0,228.3,486.27,476.0,129.0,586.94,545.5,184.99,731.63,654.0,215.62,806.38,710.69,253.04,796.31,642.0,417.83,2021,,,,
34008.0,Pankow Süd,3828,3584,3038,75,134,110,2725,47,1267,37,651.12,614.0,202.09,546.35,566.5,108.07,630.32,623.5,141.67,746.69,694.5,180.65,772.8,720.2,138.39,869.19,738.0,349.16,2021,,,,
35009.0,Weißensee,4191,3612,3095,67,119,168,2792,37,1526,27,618.42,579.0,204.0,497.16,476.0,117.12,570.8,531.0,153.57,600.29,584.0,131.54,791.22,734.16,190.23,702.09,648.0,270.43,2021,,,,
35010.0,Weißensee Ost,2330,1962,1650,38,81,48,1515,32,868,26,614.11,572.0,193.13,463.76,462.5,76.34,593.89,540.0,161.96,666.98,619.0,228.14,811.66,804.87,110.71,669.06,662.5,184.59,2021,,,,
36011.0,Prenzlauer Berg Nordwest,2589,2368,2071,48,100,116,1841,20,899,18,630.04,606.0,198.86,504.4,526.5,132.02,597.35,596.0,112.5,706.84,652.5,170.33,815.24,794.7,169.24,968.28,854.0,390.33,2021,,,,
36012.0,Prenzlauer Berg Nord,2620,2427,2094,44,101,92,1890,39,966,26,619.51,597.0,182.22,511.3,507.0,94.02,612.22,597.0,142.21,671.39,640.0,137.84,846.52,775.06,181.16,942.81,890.0,340.89,2021,,,,
36013.0,Helmholtzplatz,1413,1273,1072,16,68,72,953,23,538,23,602.28,575.0,196.18,496.71,470.0,154.12,544.72,531.0,92.12,638.4,580.5,179.21,714.16,715.29,86.15,922.47,871.5,377.17,2021,,,,
36014.0,Prenzlauer Berg Ost,4329,4073,3494,81,136,119,3172,69,1520,59,632.31,606.0,194.47,526.03,528.0,103.65,645.11,612.5,192.19,733.26,687.0,165.23,830.58,727.63,583.23,896.43,883.0,306.75,2021,,,,
37015.0,Prenzlauer Berg Südwest,2114,1931,1690,25,84,98,1499,35,897,28,583.0,558.0,190.94,482.11,461.0,119.72,542.19,504.0,183.53,622.47,583.0,222.44,760.79,739.98,156.26,969.41,906.0,460.57,2021,,,,
37016.0,Prenzlauer Berg Süd,2444,2242,1916,38,80,121,1746,27,998,26,603.58,578.0,186.54,518.44,521.0,117.97,603.61,590.0,106.56,707.8,697.5,165.05,722.1,744.99,107.84,935.01,908.0,336.49,2021,,,,
41001.0,Charlottenburg Nord,2954,2713,2240,62,106,124,2022,24,1077,19,619.88,581.0,210.62,495.96,462.5,133.43,634.31,603.0,200.86,818.68,773.0,227.92,837.24,789.72,183.3,759.88,690.0,293.6,2021,,,,
42002.0,Heerstraße,2015,1661,1461,38,62,110,1275,26,289,18,746.53,702.0,214.82,607.74,599.0,104.17,711.32,687.0,148.17,780.23,764.0,107.56,932.58,838.94,461.13,1042.9,958.5,325.39,2021,,,,
42003.0,Westend,4572,3700,3186,81,158,187,2839,70,1523,58,621.1,585.0,196.2,476.11,466.0,96.98,647.57,590.0,183.75,694.8,685.0,180.26,777.07,789.71,135.67,880.44,839.0,315.89,2021,,,,
43004.0,Schloss Charlottenburg,5253,4591,3888,96,156,255,3475,54,2304,45,558.35,516.0,203.4,410.9,402.0,91.13,529.03,498.5,158.18,662.7,640.0,180.45,715.85,674.35,163.18,802.61,761.0,349.9,2021,,,,
43005.0,Mierendorffplatz,1753,1597,1347,38,82,74,1225,36,797,29,582.11,543.0,175.77,459.42,459.5,81.16,600.39,574.0,137.68,660.25,648.0,141.07,827.98,776.36,346.17,847.83,708.5,327.54,2021,,,,
43006.0,Otto-Suhr-Allee/Kantstraße,6518,5902,5027,160,317,298,4510,168,3020,142,566.11,527.0,190.94,437.09,416.0,106.36,585.0,556.0,150.17,663.93,649.0,153.94,754.54,716.11,181.58,827.15,752.0,331.03,2021,,,,
44007.0,Grunewald,2571,2086,1784,60,58,122,1610,21,609,19,674.46,645.0,196.64,558.44,555.0,110.81,663.46,668.0,134.4,744.32,708.5,114.11,740.74,720.56,101.61,981.26,969.0,320.67,2021,,,,
44008.0,Schmargendorf,3679,3462,2905,65,92,125,2635,34,1102,28,659.55,633.0,183.45,553.81,563.5,105.0,633.64,610.0,118.68,708.64,700.0,157.45,807.51,743.81,177.67,930.66,876.0,342.37,2021,,,,
45009.0,Halensee,3313,3064,2595,80,125,124,2340,58,1499,51,580.39,543.0,180.89,457.72,444.0,93.05,563.75,533.0,125.25,643.18,631.5,134.57,721.82,704.77,150.08,869.2,820.0,329.06,2021,,,,
45010.0,Lietzenburger Straße,6736,6062,5348,140,397,277,4696,256,2859,238,593.49,561.0,183.15,465.69,466.0,103.08,590.9,576.0,113.07,652.31,648.0,112.43,710.14,685.83,119.17,815.11,745.5,284.55,2021,,,,
45011.0,Volkspark Wilmersdorf,5995,5103,4265,125,200,248,3794,80,2481,70,570.07,534.0,179.66,450.69,444.0,86.39,543.6,517.0,139.88,620.5,608.0,162.14,724.52,687.58,163.44,888.26,797.0,386.5,2021,,,,
51001.0,Hakenfelde,3648,3363,2838,58,93,119,2500,36,954,22,691.39,649.0,208.62,586.02,549.0,155.5,700.11,658.0,156.45,819.14,724.0,236.84,899.23,876.76,152.56,1087.05,995.0,381.93,2021,,,,
51002.0,Falkenhagener Feld,5934,5097,4212,99,132,197,3618,53,1692,42,648.99,612.0,189.7,570.55,550.0,115.03,718.08,710.5,125.01,813.86,792.5,142.04,888.39,820.9,258.21,994.23,965.0,344.83,2021,,,,
51003.0,Spandau Mitte,6251,5458,4645,122,193,248,4139,69,2485,54,591.92,560.0,195.29,473.4,454.0,129.5,623.59,598.0,163.91,678.88,611.0,198.94,798.15,765.97,152.79,907.08,812.0,381.53,2021,,,,
52004.0,Brunsbütteler Damm,2637,2451,2007,51,92,94,1698,49,555,23,699.36,672.0,206.12,643.39,643.0,117.43,758.65,743.0,149.09,913.6,885.0,204.66,967.51,928.03,242.44,1044.52,997.0,343.82,2021,,,,
52005.0,Heerstraße,4105,3758,3056,70,173,173,2667,76,724,50,710.99,678.0,185.98,594.62,580.5,96.21,729.87,705.0,146.38,788.06,752.0,157.96,908.96,854.0,179.61,1008.85,928.0,309.36,2021,,,,
52006.0,Wilhelmstadt,5258,4887,4135,99,138,227,3601,46,2253,37,601.04,552.0,206.92,470.62,469.5,96.55,591.15,563.0,140.95,678.93,624.0,191.03,795.15,756.67,184.97,868.6,762.5,370.78,2021,,,,
53007.0,Haselhorst,2312,2110,1801,39,88,113,1600,44,714,28,643.22,626.0,208.62,540.03,534.5,177.43,714.44,691.0,140.35,784.39,747.5,161.46,900.29,810.03,274.86,1009.63,987.5,345.69,2021,,,,
53008.0,Siemensstadt,1737,1592,1340,33,81,64,1212,33,724,23,606.19,555.5,206.12,471.27,456.0,113.16,659.27,628.0,200.53,813.0,778.0,190.16,892.13,842.45,159.85,807.29,728.0,351.45,2021,,,,
54009.0,Gatow/Kladow,2088,1625,1382,43,36,129,1058,14,464,0,689.8,629.0,255.03,635.38,648.0,161.01,787.23,787.0,151.06,1126.89,1078.0,223.44,1213.87,1221.79,222.2,1053.6,980.0,327.83,2021,,,,
61001.0,Schloßstraße,2815,2577,2190,55,114,124,1933,52,1018,50,609.5,588.0,188.01,483.06,462.0,111.2,629.04,603.5,152.4,769.77,754.0,146.93,776.79,782.37,82.91,890.76,767.5,387.14,2021,,,,
61002.0,Albrechtstraße,5053,4745,3981,101,106,201,3547,28,2197,22,579.27,548.0,183.92,471.9,476.0,103.33,555.12,523.0,112.86,731.05,707.0,143.62,836.16,802.95,209.27,942.56,804.0,454.46,2021,,,,
62003.0,Lankwitz,5277,4851,4029,120,113,165,3586,35,1967,24,615.02,584.0,178.4,522.76,521.0,88.72,643.45,637.5,126.2,758.42,735.0,156.99,860.69,784.91,259.99,839.72,764.0,288.29,2021,,,,
62004.0,Ostpreußendamm,4383,3967,3347,114,81,165,2894,24,1205,18,669.57,639.5,208.83,527.66,522.5,132.88,722.45,712.5,191.02,798.0,777.0,201.4,878.03,860.26,110.03,790.45,737.0,282.02,2021,,,,
63005.0,Teltower Damm,4031,3532,2976,77,76,143,2603,23,1064,9,687.1,647.0,236.69,544.0,508.0,193.09,677.13,653.0,171.19,749.03,683.0,212.27,971.03,961.24,173.46,783.24,704.5,272.54,2021,,,,
63006.0,Drakestraße,5011,4278,3638,88,146,162,3259,63,1545,41,654.64,610.0,201.73,504.46,508.0,99.13,687.5,646.0,194.17,775.85,722.0,192.87,865.32,841.54,160.7,928.28,797.5,381.9,2021,,,,
64007.0,Zehlendorf Südwest,3651,3012,2601,89,94,198,2176,14,813,5,701.01,647.0,236.22,579.28,585.0,117.61,727.3,725.0,171.12,1029.7,995.0,242.06,1046.34,1025.16,306.73,885.0,811.0,310.12,2021,,,,
64008.0,Zehlendorf Nord,4628,4093,3543,103,139,182,3187,40,1374,27,671.72,630.0,218.83,541.47,525.0,117.53,680.6,655.0,174.61,761.27,727.0,197.87,892.13,850.68,207.47,848.96,772.0,325.96,2021,,,,
71001.0,Schöneberg Nordwest,3842,3543,3033,84,124,175,2711,61,1532,55,605.57,580.0,170.61,519.21,525.0,97.15,641.25,618.0,120.36,703.73,681.0,161.07,752.09,734.03,108.64,970.37,952.0,324.12,2021,,,,
71002.0,Schöneberg Nordost,2481,2262,1927,45,96,123,1740,37,1094,33,590.87,556.0,168.62,514.26,485.0,102.07,608.71,586.0,123.05,716.71,711.5,153.05,762.49,746.61,119.34,904.69,919.0,319.27,2021,,,,
72003.0,Schöneberg Südwest,2121,1946,1648,39,69,105,1470,26,1012,24,571.57,537.0,171.74,467.3,456.0,64.78,578.69,539.0,141.8,647.59,602.5,163.07,718.89,692.62,129.7,846.22,765.0,347.06,2021,,,,
72004.0,Schöneberg Südost,3695,3404,2920,65,135,151,2626,57,1804,47,557.11,513.0,193.28,399.15,402.5,87.28,568.56,553.0,158.22,673.52,659.0,181.21,749.65,706.64,147.42,888.56,867.0,371.59,2021,,,,
73005.0,Friedenau West,2036,1859,1605,41,83,93,1424,38,878,33,584.25,550.0,193.06,488.83,461.0,125.21,594.63,592.0,133.19,699.62,683.5,117.56,796.96,714.26,306.31,947.57,911.0,365.61,2021,,,,
73006.0,Friedenau Ost,2802,1866,1553,33,90,126,1399,39,844,31,596.8,567.0,177.92,485.38,477.0,91.04,580.66,549.5,137.01,722.34,676.5,180.81,784.38,756.2,148.44,989.13,887.0,392.45,2021,,,,
74007.0,Tempelhof Nord,2999,2105,1793,36,94,96,1629,30,907,24,622.07,572.0,224.23,472.79,473.0,124.78,650.89,612.5,183.1,749.2,707.0,182.71,800.39,762.81,177.89,956.86,830.0,376.11,2021,,,,
74008.0,Tempelhof Südwest,3853,3598,3031,87,107,148,2750,26,1779,22,568.69,536.0,192.6,468.26,468.0,114.84,610.22,570.0,194.2,711.43,726.0,149.55,791.67,798.04,134.34,936.31,791.0,423.27,2021,,,,
74009.0,Tempelhof Südost,2502,2023,1702,42,107,115,1541,54,922,41,584.05,553.0,196.47,449.28,431.0,122.34,643.8,627.0,179.93,731.15,718.0,169.94,825.32,787.14,162.51,952.88,812.0,427.11,2021,,,,
75010.0,Mariendorf Nord,3719,3507,2949,81,94,117,2693,30,1691,27,585.44,550.0,188.15,466.25,452.5,111.77,613.32,586.0,114.27,735.33,708.0,153.94,772.99,762.01,168.52,891.23,758.5,397.58,2021,,,,
75011.0,Mariendorf Süd,2898,2709,2320,54,96,90,2111,34,1322,21,589.67,547.0,190.68,474.8,476.0,98.78,605.96,540.0,200.42,764.21,786.0,176.34,868.31,851.51,130.18,908.43,727.0,446.21,2021,,,,
76012.0,Marienfelde Nord,2102,1968,1622,39,71,63,1447,24,784,8,633.33,582.0,200.96,485.62,482.0,104.12,699.05,656.0,161.89,910.36,892.5,215.42,984.43,985.53,189.1,896.53,814.0,364.62,2021,,,,
76013.0,Marienfelde Süd,2182,2026,1690,45,87,69,1525,30,566,10,678.5,640.0,198.89,572.94,580.5,137.76,795.26,757.5,171.44,885.53,858.0,162.2,1024.79,993.19,206.65,870.46,857.0,228.74,2021,,,,
76014.0,Lichtenrade Nord,2024,1922,1580,42,41,61,1393,11,578,3,662.34,637.0,195.67,549.61,542.0,111.13,767.35,762.0,140.41,877.16,850.0,184.46,1012.05,976.78,189.52,1043.52,966.0,330.26,2021,,,,
76015.0,Lichtenrade Süd,3561,3358,2788,62,99,103,2341,25,927,7,698.66,671.0,232.98,581.89,516.0,195.07,788.25,771.0,224.87,975.97,945.0,181.93,1087.04,1026.44,284.88,1059.62,947.0,368.07,2021,,,,
81001.0,Schillerpromenade,4336,4050,3464,98,150,135,3117,49,1854,43,595.01,563.0,189.21,452.46,436.5,86.19,580.47,528.0,163.58,612.83,576.0,153.6,762.32,713.73,310.51,939.95,867.0,368.38,2021,,,,
81002.0,Neuköllner Mitte/Zentrum,5011,4626,3877,94,187,198,3483,71,2030,58,587.62,563.0,198.24,461.35,426.0,142.4,545.98,522.0,129.9,602.83,554.0,185.51,779.98,766.19,128.82,855.48,758.5,384.14,2021,,,,
81003.0,Reuterstraße,4541,4200,3558,73,148,193,3167,29,1939,28,597.45,564.0,182.14,457.38,474.5,89.09,568.45,544.0,155.08,669.68,662.0,154.48,689.52,668.16,138.29,920.09,862.0,354.7,2021,,,,
81004.0,Rixdorf,4702,4374,3700,114,158,170,3322,50,1691,43,621.84,597.0,189.37,480.42,472.0,109.4,593.73,573.5,172.91,639.11,620.0,163.42,773.62,729.95,208.82,925.08,847.0,382.45,2021,,,,
81005.0,Köllnische Heide,2348,2159,1793,36,86,103,1654,39,613,31,685.87,649.0,191.0,538.1,562.5,118.06,623.67,616.0,115.24,738.9,719.5,160.83,804.51,798.73,121.49,918.36,856.0,308.58,2021,,,,
82006.0,Britz Nord,2951,2703,2265,63,104,143,2070,41,1116,33,620.8,584.0,187.59,490.06,454.0,126.76,574.73,560.0,104.98,640.42,609.5,125.84,777.73,764.48,151.18,909.72,849.5,323.43,2021,,,,
82007.0,Britz,3261,3077,2619,77,78,106,2356,17,1116,13,652.97,610.5,205.53,512.51,493.0,116.19,601.37,568.5,142.91,772.19,741.5,158.33,816.0,833.39,113.88,961.14,901.5,399.04,2021,,,,
82008.0,Buckow,3078,2896,2403,69,78,104,2152,23,700,11,695.18,657.0,178.02,563.79,559.0,86.68,673.43,670.0,169.77,877.24,845.0,175.8,918.85,906.06,107.66,918.32,810.5,322.88,2021,,,,
83009.0,Gropiusstadt West,3057,2897,2340,45,87,70,2068,28,1207,19,615.18,549.0,226.37,475.89,453.0,112.51,644.27,675.0,209.06,814.69,842.0,176.23,865.01,825.73,164.12,925.46,844.5,409.16,2021,,,,
83010.0,Gropiusstadt Ost,2808,2653,2128,63,86,69,1896,29,1070,20,628.88,573.5,200.28,494.16,470.5,109.26,657.23,614.0,178.04,838.21,840.0,174.82,905.81,861.8,223.16,937.36,968.0,311.63,2021,,,,
84011.0,Buckow Nord,2403,1207,1032,36,57,34,931,32,588,27,573.86,526.0,205.61,445.93,437.5,67.8,614.14,546.0,204.97,758.69,732.0,152.04,807.95,825.99,88.87,821.14,768.0,373.54,2021,,,,
84012.0,Rudow,4851,4570,3815,119,108,170,3301,25,1668,19,633.6,598.0,210.39,526.55,508.0,157.75,604.23,614.0,127.9,775.89,748.0,181.08,815.1,794.76,206.89,876.85,825.5,312.74,2021,,,,
91001.0,Alt-Treptow,1764,1613,1407,32,56,95,1294,17,535,12,669.29,631.0,198.92,496.58,483.0,111.36,621.43,595.0,82.63,720.37,704.5,205.74,829.83,755.43,218.52,1001.49,898.5,363.76,2021,,,,
91002.0,Plänterwald,1476,1362,1128,22,48,62,1029,21,166,19,735.95,708.0,172.05,653.6,652.0,131.75,688.86,673.0,107.56,752.73,693.0,234.25,803.78,762.97,221.84,1046.02,1021.0,294.19,2021,,,,
91003.0,Baumschulenweg,2753,2580,2205,53,74,98,2002,17,790,12,664.21,638.0,175.79,564.43,562.5,133.95,634.95,625.0,88.59,691.27,669.0,125.13,768.81,816.58,141.57,825.75,767.0,303.98,2021,,,,
91004.0,Johannisthal,2716,2514,2059,48,84,115,1871,18,1074,14,604.88,571.0,204.66,479.23,455.0,114.1,586.93,550.0,167.36,689.67,678.0,204.78,815.8,773.03,250.34,673.55,669.5,221.04,2021,,,,
92005.0,Oberschöneweide,3007,2791,2313,63,83,131,2110,24,921,18,657.13,622.0,185.66,539.64,524.0,117.74,586.11,583.0,132.97,760.34,727.0,162.06,781.69,742.13,153.27,881.49,797.5,313.72,2021,,,,
92006.0,Niederschöneweide,2295,2171,1860,38,53,71,1691,18,841,16,629.36,601.0,194.03,522.36,514.5,115.14,547.21,530.5,97.67,689.53,638.5,207.62,741.33,734.41,155.27,831.89,784.0,307.19,2021,,,,
92007.0,Adlershof,2606,2376,1987,29,128,100,1769,51,750,38,643.14,625.0,181.92,518.79,489.0,125.66,636.98,617.5,158.49,739.62,694.0,166.22,820.46,748.21,219.65,862.25,790.0,284.97,2021,,,,
92008.0,Köllnische Vorstadt/Spindlersfeld,1307,1232,1029,23,35,40,916,9,495,6,620.76,589.5,188.79,458.47,441.0,131.52,625.14,598.5,119.63,755.0,705.5,172.1,948.41,792.74,285.4,970.11,812.0,454.71,2021,,,,
93009.0,Altglienicke,2975,2807,2278,42,55,113,2000,17,569,8,720.44,694.0,213.59,595.51,620.0,136.16,682.2,676.0,134.55,927.32,906.0,147.7,967.71,932.13,301.2,981.49,909.0,310.46,2021,,,,
93010.0,Bohnsdorf,1903,1412,1170,24,71,68,978,23,411,6,686.25,641.0,234.95,536.19,558.0,124.11,830.81,824.0,201.28,1005.88,978.0,136.41,994.74,962.04,146.1,980.56,895.0,401.15,2021,,,,
93011.0,Grünau,944,871,747,22,22,51,647,7,242,5,690.99,657.0,206.79,647.65,642.0,127.18,814.14,779.5,214.52,790.06,804.5,137.14,1001.74,850.49,322.08,1009.0,929.5,298.27,2021,,,,
93012.0,Schmöckwitz,523,462,393,6,15,46,322,2,28,0,909.48,873.0,263.61,669.2,714.0,238.81,857.5,877.0,103.19,1116.0,1181.0,136.63,1138.35,1138.35,29.06,1051.58,931.5,413.82,2021,,,,
94013.0,Köpenick Süd,1397,1316,1095,31,29,51,962,5,265,3,717.92,685.0,200.84,596.42,587.0,107.96,742.44,716.5,152.43,752.93,751.0,87.52,1014.93,888.33,241.52,1043.25,915.5,387.75,2021,,,,
94014.0,Allende-Viertel,2103,1658,1394,34,36,54,1223,17,655,5,617.73,587.0,192.44,529.41,510.0,101.03,760.53,683.0,216.55,785.59,668.0,221.31,983.88,981.91,200.45,881.44,807.0,361.26,2021,,,,
94015.0,Altstadt Köpenick,1061,983,843,19,28,50,756,13,480,5,583.15,543.0,184.65,499.83,488.0,132.56,634.37,560.0,195.98,686.2,607.0,216.81,980.79,1051.48,248.73,976.9,1128.0,393.17,2021,,,,
94016.0,Müggelheim,607,567,467,15,7,33,394,5,119,0,767.92,730.0,257.55,600.7,532.0,187.81,747.6,759.0,158.79,1202.25,1207.0,83.4,1245.99,1264.45,187.94,1019.85,952.0,404.84,2021,,,,
95017.0,Friedrichshagen,2611,2497,2139,47,31,83,1786,3,802,0,648.87,626.5,225.09,576.28,584.0,110.39,666.56,687.5,182.0,871.55,859.0,114.64,1281.07,944.2,621.1,906.42,829.5,292.31,2021,,,,
95018.0,Rahnsdorf,1132,1043,885,27,21,68,710,2,325,0,695.33,620.5,276.51,614.88,608.0,195.95,785.29,765.0,138.02,1266.0,1266.0,,1589.28,1589.28,457.18,762.85,776.0,209.18,2021,,,,
95019.0,Dammvorstadt,1657,1525,1307,28,52,80,1175,8,632,3,618.3,585.0,185.53,495.89,470.0,159.41,639.05,622.0,112.65,805.71,748.0,218.25,1054.98,931.85,252.49,862.64,723.0,416.37,2021,,,,
95020.0,Köpenick Nord,1591,1523,1242,25,20,48,1128,5,315,1,711.0,681.5,193.83,575.05,577.0,129.27,766.0,745.0,97.79,916.75,841.5,250.24,994.5,996.35,156.95,1048.81,1019.0,357.7,2021,,,,
101001.0,Marzahn Nord,3431,3247,2676,69,91,91,2457,26,686,13,712.87,683.0,202.49,567.35,542.5,144.97,751.04,742.0,140.67,893.79,832.0,196.6,960.01,909.55,247.3,967.44,916.0,291.37,2021,,,,
101002.0,Marzahn Mitte,6978,6589,5505,125,185,204,5015,70,2136,45,651.53,623.0,180.67,549.71,542.5,112.24,674.62,651.0,178.53,750.46,722.0,188.39,875.07,841.73,213.07,848.29,742.5,321.53,2021,,,,
101003.0,Marzahn Süd,5724,5344,4479,104,183,197,4086,61,2421,46,597.58,566.5,188.04,513.01,504.0,123.77,641.45,606.0,197.05,720.76,676.0,205.84,810.33,789.92,159.52,793.17,662.0,350.36,2021,,,,
102004.0,Hellersdorf Nord,4905,4572,3726,74,163,167,3302,69,1093,51,704.95,664.0,210.63,588.32,573.0,116.43,660.85,651.0,139.53,795.43,772.5,206.48,846.35,823.93,176.39,870.42,867.0,254.02,2021,,,,
102005.0,Hellersdorf Ost,2497,2355,1911,43,64,78,1697,16,484,11,721.31,673.0,214.26,582.95,563.0,89.8,653.8,642.0,150.89,847.27,809.5,207.88,900.37,841.24,237.67,930.79,922.0,263.67,2021,,,,
102006.0,Hellersdorf Süd,3262,3101,2614,57,77,84,2312,24,1594,18,571.04,511.0,217.92,465.05,455.0,100.2,562.7,548.0,134.65,827.67,799.0,265.69,830.11,794.7,135.44,700.12,610.5,266.22,2021,,,,
103007.0,Biesdorf,4030,3355,2811,77,93,134,2562,31,1160,23,648.62,620.0,211.42,528.72,519.0,119.06,698.65,663.0,244.0,778.0,740.5,158.94,834.46,752.93,228.4,830.71,748.0,309.72,2021,,,,
104008.0,Kaulsdorf,1969,1538,1329,52,56,110,1194,22,502,12,686.8,635.0,239.61,559.84,547.0,166.56,597.7,589.0,127.57,793.07,832.0,146.02,983.64,895.44,349.26,869.2,774.0,278.72,2021,,,,
104009.0,Mahlsdorf,2312,2172,1833,53,44,96,1609,13,249,7,787.25,754.0,207.56,663.37,648.0,166.22,687.48,699.0,112.59,1009.4,916.0,214.64,965.97,898.55,201.46,995.95,963.0,315.22,2021,,,,
111001.0,"Malchow, Wartenberg und Falkenberg",651,606,497,15,18,27,449,2,164,0,693.52,669.0,238.34,470.38,454.0,125.39,775.11,708.0,260.7,851.5,784.0,265.06,1102.63,1102.63,166.76,908.67,896.5,301.3,2021,,,,
111002.0,Neu-Hohenschönhausen Nord,3873,3694,3011,61,87,92,2693,28,1251,16,656.5,618.0,209.79,544.62,529.0,129.37,702.68,717.0,194.48,881.72,853.0,147.61,943.33,876.11,182.83,981.07,1015.0,317.84,2021,,,,
111003.0,Neu-Hohenschönhausen Süd,3673,3494,2850,57,107,72,2591,32,812,18,692.81,659.0,186.52,591.28,594.5,104.58,712.9,702.0,190.66,874.63,853.0,157.65,904.22,885.66,150.9,908.41,887.5,238.77,2021,,,,
112004.0,Alt-Hohenschönhausen Nord,2446,2300,1925,37,85,59,1726,37,744,28,646.29,630.0,206.23,541.27,534.5,107.89,685.98,687.5,124.96,798.51,768.0,166.37,824.98,808.67,116.25,911.27,908.0,310.34,2021,,,,
112005.0,Alt-Hohenschönhausen Süd,4184,3939,3242,63,133,112,2945,66,1357,55,650.09,615.0,193.27,524.45,520.0,93.15,642.18,616.0,158.73,768.95,739.0,210.22,796.89,766.8,189.38,904.94,812.0,340.74,2021,,,,
113006.0,Fennpfuhl,4715,4439,3675,91,141,135,3391,49,1909,38,610.53,573.0,183.99,521.53,500.5,105.64,634.14,621.0,161.92,748.4,730.0,142.89,786.16,768.48,118.46,866.3,804.0,332.69,2021,,,,
113007.0,Alt-Lichtenberg,5465,4258,3682,111,367,167,3355,174,1949,136,603.79,565.0,202.26,483.5,468.0,110.59,623.46,601.0,163.24,757.22,736.5,194.59,826.88,797.31,165.07,928.24,734.0,444.73,2021,,,,
113008.0,Frankfurter Allee Süd,1594,1474,1262,32,60,60,1145,20,558,16,640.27,603.0,195.29,620.48,572.0,262.9,705.77,640.5,144.87,815.14,756.5,179.87,800.33,765.43,110.69,907.7,848.0,350.51,2021,,,,
114009.0,Neu-Lichtenberg,3388,3113,2584,43,131,143,2335,59,851,46,676.99,656.0,215.61,637.3,620.0,187.23,692.15,710.0,143.75,771.1,775.0,161.27,841.43,832.47,121.59,1069.6,1002.0,417.33,2021,,,,
114010.0,Friedrichsfelde Nord,2151,1998,1663,40,70,83,1505,20,470,17,695.41,674.0,200.5,589.78,597.0,125.0,694.02,703.5,96.1,811.09,805.5,107.7,802.18,781.04,94.47,969.83,844.0,372.95,2021,,,,
114011.0,Friedrichsfelde Süd,3975,3742,3036,72,117,115,2715,28,1123,15,675.92,634.0,201.51,575.88,566.5,129.27,698.63,683.0,152.04,879.6,845.0,127.17,912.47,886.91,112.51,922.26,879.0,298.0,2021,,,,
115012.0,Rummelsburger Bucht,505,435,374,6,26,44,330,7,117,0,703.38,673.5,206.63,776.5,776.5,137.89,823.0,834.0,178.82,866.6,831.5,140.23,1083.83,1073.35,122.56,1010.24,895.0,427.77,2021,,,,
115013.0,Karlshorst,2477,2307,1918,54,60,109,1668,12,804,6,657.78,613.0,236.35,525.6,492.0,139.74,606.97,586.0,159.46,888.0,880.0,139.84,1142.29,915.75,713.85,841.72,744.0,364.83,2021,,,,
121001.0,Ost 1 - Reginhardstraße,3483,3258,2653,63,95,130,2385,23,874,20,677.57,645.0,189.3,565.55,549.0,110.57,642.43,634.0,129.45,734.04,726.0,131.64,818.6,779.87,214.91,842.0,822.0,239.22,2021,,,,
121002.0,Ost 2 - Alt-Reinickendorf,4133,3821,3175,86,146,164,2846,53,1386,44,641.41,606.0,189.65,531.34,519.0,137.74,629.27,617.5,148.17,762.45,734.5,181.31,791.59,749.23,158.66,789.13,736.0,276.83,2021,,,,
122003.0,West 4 - Auguste-Viktoria-Allee,3699,3472,2845,51,90,137,2591,42,1103,37,655.35,625.0,181.05,541.54,510.0,119.44,655.76,628.0,116.16,736.52,710.0,139.47,783.34,720.88,237.72,899.61,843.5,279.69,2021,,,,
122004.0,West 1 - Tegel-Süd/Flughafensee,2125,1924,1639,50,81,119,1447,19,677,6,657.01,614.0,226.49,540.76,516.0,155.69,701.75,641.5,182.41,863.57,849.5,200.51,1008.31,959.36,166.37,929.18,904.0,304.79,2021,,,,
122005.0,West 5 - Tegel,2296,2091,1849,51,56,67,1649,15,952,14,581.24,504.0,254.35,415.88,376.0,136.63,582.92,509.5,211.93,708.04,728.5,205.69,803.51,803.45,124.06,886.81,923.5,374.52,2021,,,,
124006.0,West 2 - Heiligensee/Konradshöhe,2261,2120,1773,66,42,99,1502,10,438,0,746.61,708.0,251.56,606.7,598.0,144.01,764.4,760.5,168.65,1074.47,962.0,307.62,1222.14,1196.6,130.97,1031.0,904.0,403.1,2021,,,,
124007.0,Nord 1 - Frohnau/Hermsdorf,3447,2920,2481,74,56,209,2094,9,1085,3,645.6,592.0,240.83,538.56,536.0,132.02,694.08,688.0,204.72,941.33,907.0,178.1,1057.62,930.21,296.14,998.9,955.0,396.71,2021,,,,
125008.0,West 3 - Borsigwalde/Freie Scholle,2101,1967,1674,51,63,71,1510,23,843,14,620.96,576.0,211.15,490.42,487.0,110.89,635.59,564.5,166.44,781.69,721.0,218.76,922.16,849.27,262.33,918.96,884.0,267.52,2021,,,,
125009.0,Nord 2 - Waidmannslust/Wittenau/Lübars,5565,4799,4077,110,123,191,3603,44,1795,36,644.56,601.0,225.62,524.35,487.0,144.18,648.48,658.0,163.92,772.19,798.0,190.34,808.12,769.79,158.91,771.37,694.0,301.13,2021,,,,
126010.0,Rollbergesiedlung,1319,1236,1009,21,27,56,918,10,420,7,662.52,613.5,206.27,603.81,583.0,121.12,606.88,611.5,64.23,783.0,759.0,175.08,801.71,705.5,201.51,833.63,754.0,248.27,2021,,,,
126011.0,MV Nord,4079,3818,3110,74,85,99,2735,41,669,22,752.4,714.0,216.18,623.65,644.0,133.59,767.26,758.0,203.49,875.06,889.0,125.85,880.65,878.43,118.21,879.14,845.0,246.69,2021,,,,
126012.0,MV Süd,1717,1639,1320,33,24,52,1154,8,448,6,691.14,654.0,218.02,541.25,533.0,90.49,663.64,652.5,136.02,916.45,928.0,204.59,829.42,811.31,98.67,752.72,704.0,239.46,2021,,,,
,,674,402,333,7,42,32,293,30,159,30,595.0102389078498,584.0,161.94,474.6,459.0,46.51,646.0645161290323,654.0,100.98,714.7647058823529,699.0,108.85,728.5478333333335,724.338,79.93,953.0,869.0,329.24,2021,1100101.0,Stülerstraße,,
,,1179,941,882,26,174,64,774,122,391,95,630.204134366925,599.0,210.29,537.421052631579,530.0,184.48,621.418918918919,618.0,109.7,740.0370370370371,734.0,125.16,830.2894590163932,804.9005,157.15,971.2830188679244,942.0,346.51,2021,1100102.0,Großer Tiergarten,,
,,1024,772,677,27,26,29,591,19,348,16,574.3434856175973,565.0,182.18,502.9565217391304,506.0,123.38,696.8095238095239,688.0,142.18,730.45,716.0,133.67,802.9387368421052,765.81,153.17,813.4230769230769,733.5,289.46,2021,1100103.0,Lützowstraße,,
,,406,358,291,5,26,22,262,10,161,10,588.087786259542,559.5,203.83,385.2,364.0,110.95,640.4,661.5,125.29,689.2105263157895,684.0,146.34,731.8114,759.3605,77.36,999.1176470588236,953.0,309.62,2021,1100104.0,Körnerstraße,,
,,671,590,535,10,62,19,481,36,262,29,617.014553014553,590.0,174.95,514.7777777777778,502.0,53.18,600.2083333333334,597.5,86.06,743.14,733.0,135.71,822.0056388888888,803.45,139.35,896.625,945.5,257.87,2021,1100205.0,Wilhelmstraße,,
,,1814,1566,1472,39,172,72,1301,131,730,111,607.531898539585,582.0,188.66,512.7777777777778,494.0,130.07,613.9383561643835,609.0,118.18,723.7074829931972,711.0,115.07,802.5616335877864,767.63,163.44,933.9830508474575,903.0,392.02,2021,1100206.0,Unter den Linden,,
,,1216,1075,939,24,74,65,852,47,510,40,591.8462441314554,573.5,149.81,485.8181818181818,472.5,96.52,605.728813559322,583.0,112.69,709.561403508772,703.0,124.78,768.0076808510639,764.536,131.43,866.0425531914893,844.0,341.66,2021,1100207.0,Leipziger Straße,,
,,2105,1004,903,23,140,64,782,108,498,85,575.1227621483376,528.0,217.96,441.2,448.0,112.85,596.0555555555555,585.0,107.87,727.0076923076923,698.5,161.44,825.0353981481481,769.395,284.13,909.6458333333334,898.5,360.44,2021,1100308.0,Charitéviertel,,
,,1813,1481,1350,31,141,60,1212,83,714,72,593.9009900990098,571.0,183.36,524.1578947368421,536.0,112.01,582.7787610619469,567.0,121.88,705.1363636363636,691.0,137.86,753.6348554216869,707.966,146.6,1033.560975609756,1055.0,423.27,2021,1100309.0,Oranienburger Straße,,
,,4623,4292,4013,116,200,129,3565,129,2274,115,575.9946704067321,541.0,192.36,444.06666666666666,432.0,100.94,575.0066666666667,556.5,131.27,696.6666666666666,688.0,120.09,733.4937829457363,707.647,131.74,923.2970297029703,899.0,421.59,2021,1100310.0,Alexanderplatzviertel,,
,,1626,1476,1260,38,87,62,1159,46,783,41,566.2467644521139,526.0,194.91,440.21875,431.5,106.51,514.4035087719299,483.0,168.3,637.9333333333333,632.0,106.35,718.0337608695651,671.5564999999999,187.6,859.75,685.5,416.06,2021,1100311.0,Karl-Marx-Allee,,
,,1192,1088,911,21,58,46,826,27,540,21,577.1404358353511,541.5,171.51,518.0666666666667,498.0,122.13,623.5,613.5,120.42,661.060606060606,656.0,72.83,817.2302222222221,746.523,276.12,881.1111111111111,753.5,375.11,2021,1100312.0,Heine-Viertel West,,
,,1162,1055,904,14,62,45,831,25,618,23,558.4139590854393,525.0,168.74,430.2142857142857,432.0,98.13,559.3846153846154,531.0,160.79,642.3333333333334,618.0,161.01,674.8166400000002,605.78,191.0,883.1891891891892,820.0,405.52,2021,1100313.0,Heine-Viertel Ost,,
,,363,335,274,3,19,9,252,12,145,12,612.8174603174604,556.5,230.6,431.0,431.0,,553.8235294117648,534.0,80.14,662.9230769230769,658.0,73.47,705.07125,697.155,80.14,953.125,861.5,446.5,2021,1100414.0,Nordbahnhof,,
,,1022,923,815,24,58,41,729,25,476,24,575.3566529492456,543.0,174.48,490.5263157894737,482.0,84.72,578.0232558139535,563.0,127.47,663.2093023255813,614.0,168.42,732.8233600000001,709.383,181.9,873.0322580645161,679.0,412.62,2021,1100415.0,Invalidenstraße,,
,,941,862,742,10,40,39,670,7,416,7,587.9134328358209,542.5,209.49,474.0,447.0,91.07,531.1071428571429,504.0,94.35,590.6363636363636,565.5,109.62,732.0332857142857,714.66,91.9,889.0,648.5,501.48,2021,1100416.0,Arkonaplatz,,
,,786,648,577,15,74,64,507,51,280,45,614.4635108481262,580.0,188.37,471.5,456.5,97.44,626.8333333333334,611.0,126.97,716.7741935483871,691.5,152.83,763.668274509804,735.867,137.99,841.6595744680851,754.0,304.0,2021,1200517.0,Huttenkiez,,
,,826,765,632,11,32,29,580,11,330,9,605.4931034482759,577.5,178.85,492.8888888888889,491.0,59.3,630.2272727272727,606.5,212.25,660.5,646.5,147.53,735.5420909090908,650.773,232.27,787.55,728.5,352.55,2021,1200518.0,Beusselkiez,,
,,988,903,765,14,41,44,684,17,339,15,632.8406432748538,603.5,174.91,490.27272727272725,512.0,74.42,646.1304347826087,563.0,219.04,709.8275862068965,703.0,122.22,774.658176470588,736.956,158.86,786.1142857142858,709.0,252.94,2021,1200519.0,Emdener Straße,,
,,1016,892,756,23,78,46,670,20,392,15,609.8268656716418,575.0,179.33,510.1875,538.5,108.95,591.675,544.5,155.51,731.3030303030303,724.0,182.81,855.1707000000002,802.9485,234.97,795.0769230769231,703.0,340.47,2021,1200520.0,Bremer Straße,,
,,570,519,428,8,24,27,378,5,233,5,575.2248677248677,554.5,168.35,442.0,438.5,54.8,499.3571428571428,485.5,94.61,561.75,574.5,66.43,636.568,621.307,84.6,664.695652173913,619.0,230.08,2021,1200521.0,Zwinglistraße,,
,,1162,1102,923,19,22,36,803,4,493,4,576.706102117061,550.0,198.17,427.0,405.5,106.06,550.4166666666666,553.5,91.17,682.5555555555555,725.0,116.44,773.5815,765.1995,59.26,605.9333333333333,493.5,299.31,2021,1200522.0,Elberfelder Straße,,
,,1266,1154,1010,16,53,59,919,22,546,16,603.892274211099,569.0,185.37,499.84615384615387,532.0,118.7,604.5,577.0,128.1,700.6969696969697,677.0,174.43,802.4409999999999,781.7365,134.82,814.5,782.0,320.3,2021,1200623.0,Stephankiez,,
,,618,555,472,16,22,41,424,8,276,5,569.3985849056604,537.5,181.83,427.7,417.5,93.79,564.3571428571429,515.5,140.19,734.2142857142857,714.0,187.7,892.2816249999998,847.0419999999999,215.54,790.09375,682.0,322.04,2021,1200624.0,Heidestraße,,
,,991,922,781,27,35,34,709,15,439,9,600.1763046544429,555.0,191.77,486.6,443.0,100.91,630.047619047619,574.0,161.07,699.4583333333334,656.0,169.27,860.5352000000001,857.483,127.04,701.0,626.0,272.92,2021,1200625.0,Lübecker Straße,,
,,739,679,583,9,27,33,522,7,351,6,567.2758620689655,528.0,184.96,452.2,441.0,81.56,574.375,512.0,143.91,626.4615384615385,559.0,199.72,771.6142857142856,742.017,102.72,832.92,732.0,338.01,2021,1200626.0,Thomasiusstraße,,
,,828,790,668,18,27,11,597,12,372,11,584.7705192629816,543.0,187.81,434.0,432.0,81.32,587.6428571428571,529.0,135.36,716.4666666666667,612.0,226.3,752.9886666666666,702.23,192.15,649.3,716.5,270.52,2021,1200627.0,Zillesiedlung,,
,,2137,1952,1813,49,133,51,1605,77,1065,60,555.6922118380062,505.0,206.24,409.5357142857143,407.5,80.48,527.4134615384615,475.5,178.42,694.5142857142857,695.0,171.05,812.0964545454544,791.406,148.31,863.1621621621622,764.0,393.47,2021,1200628.0,Lüneburger Straße,,
,,802,721,628,18,52,29,545,16,330,12,592.8752293577982,559.0,176.27,525.3333333333334,519.5,112.63,597.48,601.0,134.61,633.2083333333334,610.0,109.47,832.106625,836.325,179.24,720.84,620.0,277.5,2021,1200629.0,Hansaviertel,,
,,1395,1065,902,27,29,48,799,11,398,10,637.8660826032541,601.0,192.27,532.2941176470588,541.0,102.32,562.3809523809524,544.0,106.75,746.6666666666666,730.0,91.63,797.4045454545453,716.983,232.76,876.7906976744187,743.0,359.91,2021,1300730.0,Drontheimer Straße,,
,,1126,1048,843,24,35,43,762,16,294,12,673.1850393700787,641.5,196.14,529.578947368421,491.0,224.24,574.3684210526316,582.0,72.2,741.2777777777778,693.5,120.74,849.9465625,767.7170000000001,367.84,918.125,787.0,342.85,2021,1300731.0,Koloniestraße,,
,,1053,986,791,15,23,43,721,9,319,6,669.8613037447989,617.0,222.27,530.1818181818181,516.0,154.85,627.9333333333333,630.0,78.82,770.0,726.0,167.89,894.4475555555556,762.63,296.35,992.9032258064516,941.0,418.88,2021,1300732.0,Soldiner Straße,,
,,1629,1502,1249,29,56,71,1126,21,611,18,617.1181172291297,580.5,196.06,452.6818181818182,486.5,102.28,578.4651162790698,559.0,117.39,693.8529411764706,679.5,117.64,789.3841428571429,804.657,141.63,888.7678571428571,739.5,374.82,2021,1300733.0,Gesundbrunnen,,
,,2065,1913,1634,39,67,85,1470,23,952,19,577.0489795918368,534.0,187.13,448.4642857142857,442.0,68.6,559.7906976744187,539.0,162.37,641.4358974358975,612.0,143.2,823.7636086956525,791.477,208.97,922.6478873239436,741.0,404.85,2021,1300834.0,Brunnenstraße,,
,,1516,1425,1171,21,50,41,1055,14,653,13,593.6369668246446,542.0,206.33,492.0,481.0,124.46,547.6857142857143,545.0,98.45,657.6153846153846,641.5,125.8,705.5755,679.95,122.74,1082.0967741935483,1084.0,436.7,2021,1300835.0,Humboldthain Süd,,
,,2395,2167,1785,38,112,114,1607,36,1077,31,551.2184194150591,514.0,204.99,447.3571428571428,439.0,109.58,553.9295774647887,507.0,172.21,707.2096774193549,693.5,99.95,759.318916666667,736.2185,135.13,813.6736842105263,637.0,412.27,2021,1300836.0,Humboldthain Nordwest,,
,,1614,1505,1243,41,52,57,1131,8,568,7,628.7382847038019,599.0,193.64,476.6111111111111,451.0,89.28,629.3684210526316,614.0,122.75,727.3684210526316,740.0,102.66,843.60325,762.72,189.1,947.0454545454544,960.0,300.68,2021,1400937.0,Afrikanische Straße,,
,,2809,1184,997,38,48,56,896,22,540,20,581.859375,555.0,188.81,458.1290322580645,450.0,97.52,598.3142857142857,571.0,137.39,697.9375,700.0,126.3,773.0582727272729,772.9035,108.84,873.2916666666666,810.0,341.38,2021,1400938.0,Kameruner Straße,,
,,785,723,600,10,33,29,549,10,330,6,577.7377049180328,551.0,194.22,445.875,462.5,74.66,523.1111111111111,470.0,166.92,719.4736842105264,728.0,208.76,818.4933000000001,808.9205,212.29,790.0,590.0,414.95,2021,1400939.0,Glasgower Straße,,
,,1040,983,822,17,26,31,754,2,408,2,619.2970822281167,574.0,193.64,479.26666666666665,473.0,66.88,576.9230769230769,594.0,125.44,730.6363636363636,735.0,183.8,784.9865,784.9865,1.33,819.75,814.5,296.1,2021,1400940.0,Schillerpark,,
,,585,560,449,16,7,18,416,3,194,3,632.3293269230769,614.0,161.58,517.3076923076923,487.0,122.36,845.4,638.0,398.01,808.0,809.0,48.38,801.2246666666666,787.834,50.69,718.9230769230769,679.0,227.74,2021,1400941.0,Londoner Straße,,
,,1157,1062,926,33,45,49,822,18,532,16,571.4002433090025,531.0,182.03,448.8076923076923,439.5,82.34,557.8965517241379,552.0,117.21,698.5806451612904,687.0,169.27,766.2530555555555,740.4035,160.71,837.7857142857143,845.5,275.7,2021,1400942.0,Westliche Müllerstraße,,
,,1099,1048,872,24,20,31,780,7,494,7,579.0320512820513,532.0,222.05,411.5,381.5,107.65,513.8888888888889,477.0,105.59,687.5454545454545,634.0,159.63,757.107857142857,762.204,33.18,764.074074074074,633.0,345.6,2021,1401043.0,Antonstraße,,
,,1177,1102,907,26,33,42,794,8,515,8,563.2544080604534,536.0,188.84,420.42105263157896,426.0,99.65,508.2380952380952,489.0,85.78,771.25,741.5,177.46,775.549625,778.0235,63.84,971.9333333333332,987.5,375.12,2021,1401044.0,Uferstraße,,
,,1020,948,823,24,33,39,738,9,418,9,597.9430894308944,572.0,184.0,491.0,507.0,87.98,546.4,546.5,71.12,760.1333333333333,745.0,126.95,698.0390000000001,665.043,105.0,986.6176470588236,931.5,364.87,2021,1401045.0,Schwedenstraße,,
,,843,780,653,16,27,36,595,9,339,8,603.7529411764706,579.0,183.19,507.7857142857143,507.5,91.59,586.4444444444445,543.5,118.03,709.0,671.0,131.75,772.5072222222221,718.407,131.34,820.36,770.0,296.4,2021,1401046.0,Nordufer,,
,,1007,957,807,20,22,28,712,6,474,6,566.306179775281,529.5,188.47,473.52941176470586,482.0,71.99,569.5833333333334,538.0,126.23,698.1666666666666,695.0,76.8,777.0889999999999,804.315,95.84,983.08,943.0,450.57,2021,1401047.0,Sparrplatz,,
,,1173,1089,901,15,45,39,818,16,504,15,590.083129584352,543.0,182.44,462.57142857142856,453.0,25.99,543.5,515.5,120.99,744.2307692307693,756.0,183.89,785.5061874999999,836.6015,121.21,850.8,748.0,364.61,2021,1401048.0,Leopoldplatz,,
,,1815,1412,1152,34,39,43,1046,13,621,13,599.2906309751434,558.0,196.61,488.9032258064516,470.0,86.18,597.3461538461538,564.0,149.83,666.7692307692307,631.0,142.5,784.4874615384615,788.64,81.41,952.1142857142858,1060.0,386.14,2021,1401049.0,Schulstraße,,
,,1169,1051,884,23,66,52,802,32,487,24,595.1546134663341,573.0,173.14,425.88235294117646,442.0,62.94,603.5294117647059,581.0,149.39,717.28,725.0,111.43,804.2728750000001,790.5715,146.29,802.0238095238095,760.5,207.31,2021,2100101.0,Askanischer Platz,,
,,1397,1264,1057,23,90,43,956,37,632,35,572.2343096234309,538.0,182.13,460.15,415.5,155.53,580.84375,553.5,153.38,695.4032258064516,665.5,130.98,725.3125405405405,717.857,116.5,829.3142857142857,708.0,328.63,2021,2100102.0,Mehringplatz,,
,,570,523,432,2,22,25,396,8,285,8,560.1287878787879,518.5,172.48,430.5,430.5,120.92,534.7142857142857,521.5,68.38,698.1538461538462,661.0,123.73,688.9780000000001,639.4704999999999,127.66,707.375,595.0,317.75,2021,2100103.0,Am Berlin Museum,,
,,873,806,683,21,36,30,604,17,453,16,537.2384105960265,496.5,174.95,399.3333333333333,432.0,116.21,550.5714285714286,541.0,99.06,590.8846153846154,585.5,131.36,652.5324117647059,647.68,110.88,824.0384615384615,647.5,443.42,2021,2100104.0,Moritzplatz,,
,,1201,1099,905,17,39,63,816,14,617,14,520.0477941176471,474.0,168.39,426.6,414.0,98.12,465.4242424242424,467.0,134.14,595.95,558.0,89.45,630.4188571428573,628.8685,96.59,699.1454545454545,614.0,289.06,2021,2100105.0,Prinzenstraße,,
,,1187,1087,966,32,49,51,860,10,672,9,516.1790697674419,466.5,191.9,398.1739130434783,396.0,51.49,486.625,443.5,166.48,589.3333333333334,592.0,202.01,673.2976,647.1565,147.65,690.125,583.0,379.35,2021,2100106.0,Wassertorplatz,,
,,436,372,336,5,47,16,294,26,133,17,661.5102040816327,627.0,185.03,601.0,601.0,50.91,649.1142857142858,637.0,91.73,727.90625,702.0,120.24,906.7095384615384,813.332,382.77,1109.357142857143,1120.0,458.34,2021,2200207.0,Gleisdreieck,,
,,856,785,694,16,40,31,628,13,403,11,576.9171974522293,535.5,194.44,417.5,380.0,95.38,586.3333333333334,570.0,139.34,736.5555555555555,754.0,83.82,781.3326153846155,757.62,138.28,788.6785714285714,797.0,258.75,2021,2200208.0,Rathaus Yorckstraße,,
,,818,742,646,20,27,49,580,9,388,9,569.7137931034483,542.0,156.19,488.6428571428572,479.5,133.57,572.8,565.0,117.69,741.0,697.0,150.51,740.8651111111111,727.04,77.97,799.4,746.0,263.88,2021,2200209.0,Viktoriapark,,
,,1307,1179,1014,29,52,75,908,12,674,12,511.9019823788546,471.5,177.07,429.69565217391306,434.0,105.76,515.6857142857143,444.0,185.21,686.65,642.5,141.59,694.723,704.09,128.56,620.6865671641791,526.0,323.36,2021,2200210.0,Urbanstraße,,
,,1290,1198,1032,28,48,44,930,19,595,15,578.7139784946237,542.0,173.4,466.35,473.0,83.84,570.7428571428571,546.0,99.05,723.1428571428571,693.0,131.14,815.7069473684211,738.54,217.1,781.65625,706.5,344.18,2021,2200211.0,Chamissokiez,,
,,923,844,720,17,52,27,644,14,425,11,575.9006211180124,537.5,188.03,492.0,471.0,82.31,518.5428571428571,493.0,112.43,684.3076923076923,627.5,164.62,748.3711428571429,710.7055,132.09,726.3478260869565,642.0,321.77,2021,2200212.0,Graefekiez Süd,,
,,1868,1139,1002,28,81,87,869,33,599,27,564.560414269275,528.0,173.85,476.52941176470586,419.0,136.05,563.1320754716982,503.0,203.89,742.925,678.0,209.21,765.1050606060605,729.73,165.53,840.7121212121212,667.0,424.24,2021,2200213.0,Graefekiez Nord,,
,,1211,1112,991,35,53,46,875,10,691,10,511.1154285714286,471.0,165.15,444.5,413.5,109.29,500.3928571428572,464.0,138.65,668.55,627.0,175.65,593.6162000000002,612.675,65.36,788.35,690.0,320.38,2021,2300314.0,Oranienplatz,,
,,1047,960,794,31,51,35,694,14,536,14,505.2319884726225,463.0,188.31,394.8571428571428,374.0,91.52,475.28125,425.0,164.44,579.9655172413793,588.0,164.62,611.0660714285714,616.4715,69.84,678.0,580.0,296.47,2021,2300315.0,Lausitzer Platz,,
,,751,679,571,20,37,33,504,10,385,10,527.6448412698413,491.0,158.39,435.3125,441.5,52.98,501.45454545454544,470.0,111.51,654.7391304347826,598.0,222.16,633.9339,595.0045,105.53,1028.7826086956522,1019.0,416.25,2021,2300316.0,Köpenicker Straße,,
,,1043,951,808,23,46,45,716,15,555,13,501.1480446927374,461.5,185.01,421.1428571428572,414.0,92.75,518.1724137931035,488.0,149.9,718.6818181818181,699.0,164.57,702.0194666666665,644.003,156.83,663.2631578947369,545.5,349.82,2021,2300417.0,Reichenberger Straße West,,
,,916,811,716,17,53,51,618,9,393,9,565.1440129449838,518.0,205.45,399.44444444444446,431.0,63.99,597.8461538461538,514.5,222.74,696.2941176470588,708.0,123.54,670.9055555555556,651.047,98.1,857.0555555555555,639.5,444.55,2021,2300418.0,Reichenberger Straße Ost,,
,,1225,1140,1002,25,51,34,874,14,594,12,569.578947368421,518.5,195.73,452.61538461538464,427.0,113.43,516.6428571428571,500.0,96.23,642.7142857142857,591.0,183.16,730.0260714285714,590.4135000000001,272.02,759.6666666666666,735.5,271.79,2021,2300419.0,Wrangelkiez,,
,,1714,969,832,29,49,35,756,26,482,24,586.2857142857143,545.5,205.85,500.0769230769231,469.0,144.67,588.5,582.5,91.91,655.5555555555555,629.5,129.96,717.5063461538462,701.707,119.06,1120.655172413793,1197.0,471.21,2021,2400520.0,Barnimkiez,,
,,972,901,789,16,26,44,708,6,502,6,551.3333333333334,522.0,173.33,445.4285714285714,455.0,48.86,506.6470588235294,505.0,71.81,679.2307692307693,666.0,90.19,661.6121666666667,628.85,98.91,1013.5428571428572,1130.0,478.64,2021,2400521.0,Friedenstraße,,
,,1127,1050,899,27,34,43,815,7,545,7,558.4907975460122,526.0,162.02,415.59090909090907,435.5,77.35,545.9411764705883,535.0,152.32,760.9285714285714,754.0,129.29,688.6387142857142,640.537,106.81,1068.3125,1175.5,386.23,2021,2400522.0,Richard-Sorge-Viertel,,
,,2800,2608,2268,56,116,76,2033,45,1497,39,534.5086079685194,497.0,176.86,426.4090909090909,418.5,90.02,512.9761904761905,489.0,139.52,654.5,608.5,240.85,775.7237111111111,663.613,513.23,829.0172413793103,666.5,415.2,2021,2400623.0,Andreasviertel,,
,,1216,1121,933,20,56,39,829,17,590,14,523.7551266586248,481.0,198.57,361.1875,344.5,66.58,544.5882352941177,439.5,216.54,660.2777777777778,642.5,186.82,728.0271764705883,678.514,179.32,911.125,783.0,419.32,2021,2400624.0,Weberwiese,,
,,653,581,540,9,52,19,474,35,325,29,558.1856540084389,507.0,213.54,400.3333333333333,398.0,101.21,559.6315789473684,527.0,150.89,642.25,595.0,159.63,742.3071428571428,723.943,154.84,809.1538461538462,795.0,407.43,2021,2400625.0,Wriezener Bahnhof,,
,,686,603,511,9,33,50,464,9,282,7,588.0560344827586,552.5,177.96,510.25,480.5,83.33,567.9545454545455,540.5,118.27,655.3636363636364,629.0,156.99,746.6042222222221,701.014,153.93,851.5869565217391,713.0,376.12,2021,2500726.0,Hausburgviertel,,
,,653,565,494,14,52,35,441,12,288,11,569.0929705215419,543.0,170.18,471.7692307692308,474.0,81.8,558.5416666666666,522.5,115.27,759.0,624.5,351.0,720.2876666666667,702.7370000000001,105.29,1038.5833333333333,1017.5,457.73,2021,2500727.0,Forckenbeckplatz,,
,,778,700,586,8,44,34,528,10,304,8,616.4166666666666,575.0,209.64,484.6666666666667,472.0,89.52,563.952380952381,542.0,76.34,670.8235294117648,617.0,143.8,751.6495,755.418,167.52,989.4137931034484,863.0,426.95,2021,2500728.0,Samariterviertel,,
,,635,578,501,15,39,18,447,13,231,11,625.6845637583892,597.0,162.85,523.3846153846154,501.0,131.78,594.15,564.5,149.17,645.15,635.5,80.5,748.987923076923,672.65,215.57,967.5,866.0,356.89,2021,2500729.0,Pettenkofer Straße,,
,,410,363,316,3,27,20,293,5,196,5,569.8191126279863,540.0,178.67,359.0,356.0,10.82,539.0,518.0,93.53,656.9473684210526,655.0,179.37,695.6836000000001,717.354,119.55,895.9333333333333,764.0,417.54,2021,2500830.0,Niederbarnimstraße,,
,,675,610,505,11,41,24,463,10,290,9,593.6306695464363,554.0,184.38,480.8,494.5,86.08,551.7368421052631,539.0,88.77,678.0,656.0,126.78,709.4879,682.012,142.5,937.842105263158,881.0,399.96,2021,2500831.0,Wismarplatz,,
,,808,727,615,17,45,36,548,13,325,8,609.4726277372263,566.0,193.97,471.1666666666667,490.5,137.51,602.8095238095239,570.0,125.09,695.5652173913044,671.0,103.57,832.411,853.997,175.36,992.2,878.0,428.84,2021,2500832.0,Traveplatz,,
,,850,764,650,18,39,47,579,9,390,8,554.6355785837651,505.0,189.54,442.1,450.5,37.93,498.4782608695652,506.0,109.15,625.4090909090909,626.5,164.29,715.3076666666667,694.897,123.89,912.5,782.0,450.33,2021,2500833.0,Boxhagener Platz,,
,,1103,1027,928,22,35,41,817,13,542,10,570.0709914320686,532.0,195.28,485.06666666666666,443.0,230.45,599.55,577.0,235.96,686.125,704.5,142.55,746.6141538461538,680.094,155.48,952.8235294117648,712.0,513.14,2021,2500834.0,Revaler Straße,,
,,1523,1399,1287,29,59,65,1147,20,664,16,607.0697471665213,566.0,202.53,491.3043478260869,480.0,148.02,605.1764705882352,563.5,175.26,740.6774193548387,678.0,268.35,754.3978999999999,702.87,179.96,886.7592592592592,817.0,372.75,2021,2500835.0,Stralauer Kiez,,
,,399,359,304,11,8,31,277,6,98,4,676.0505415162455,641.0,162.98,592.3636363636364,587.0,132.17,738.5714285714286,691.0,138.23,774.3333333333334,800.0,171.14,851.9208333333332,845.578,136.01,1242.2,1222.0,407.88,2021,2500836.0,Stralauer Halbinsel,,
,,658,586,493,18,29,43,411,8,131,0,751.2238442822385,682.0,248.52,639.0833333333334,610.5,202.46,812.6153846153846,853.0,293.07,971.4166666666666,908.0,268.6,1030.663375,988.92,110.76,947.9333333333332,920.0,158.55,2021,3100101.0,Bucher Forst,,
,,829,514,443,15,30,18,347,12,162,2,675.5936599423632,613.0,262.97,649.0833333333334,702.5,195.64,669.9285714285714,669.5,143.45,751.0,778.0,145.14,975.4810833333332,984.945,97.73,928.0,814.5,301.81,2021,3100102.0,Klinikum Buch,,
,,1285,1196,991,16,51,36,752,10,469,1,625.4667553191489,566.5,218.53,465.5,487.0,91.84,741.1071428571429,737.5,89.35,843.7368421052631,833.0,105.77,975.2616,973.883,121.28,832.5294117647059,865.0,225.08,2021,3100103.0,Karower Chaussee,,
,,388,362,302,6,9,16,262,2,78,1,799.2022900763359,760.0,301.54,485.0,532.0,200.17,607.0,607.0,,745.0,745.0,,1257.698,1257.698,517.73,913.3333333333334,876.0,302.35,2021,3200204.0,Blankenfelde,,
,,873,820,696,18,14,39,598,4,124,3,746.747491638796,705.0,204.73,590.4375,546.0,136.3,587.6666666666666,599.0,60.91,739.4444444444445,741.0,99.49,803.38675,780.8615,92.16,812.8,824.0,273.36,2021,3200205.0,Uhlandstraße,,
,,750,693,588,17,18,35,517,9,184,8,694.2707930367504,652.0,196.86,499.4666666666666,508.0,89.33,544.3125,543.5,92.96,724.0,645.5,333.76,747.8968888888888,699.943,170.74,929.904761904762,889.0,320.88,2021,3200206.0,Pastor-Niemöller-Platz,,
,,991,913,782,15,25,53,677,8,247,5,707.4047267355983,659.0,230.3,568.1111111111111,593.0,181.3,543.0625,588.0,112.11,754.6363636363636,705.0,191.96,812.7775000000001,846.0205000000001,208.09,894.3225806451613,770.0,407.9,2021,3200207.0,Herthaplatz,,
,,401,385,316,9,3,13,270,0,106,0,698.8851851851852,640.5,237.58,625.5,614.0,109.6,623.0,623.0,,637.0,637.0,,,,,884.625,838.5,299.22,2021,3200308.0,Nisbléstraße,,
,,561,522,425,9,17,21,386,2,130,1,714.5181347150259,678.5,234.55,589.25,565.0,84.56,645.2,626.5,213.65,767.4285714285714,645.0,300.62,1010.7945,1010.7945,461.63,941.818181818182,706.0,500.07,2021,3200309.0,Eddastraße,,
,,761,726,584,15,14,21,497,0,137,0,762.8229376257545,702.0,241.58,611.8571428571429,605.0,100.07,747.0769230769231,669.0,282.15,614.5,614.5,37.48,,,,753.2222222222222,753.0,157.59,2021,3200310.0,Krugpfuhl,,
,,1076,1030,861,21,15,30,702,3,385,3,640.2920227920227,578.0,236.81,588.0666666666667,504.0,218.48,676.7,656.5,123.44,795.8,763.0,95.44,832.9943333333334,828.424,12.68,811.3846153846154,748.0,266.54,2021,3300411.0,Karow Nord,,
,,405,383,330,10,9,13,267,3,139,0,648.0224719101124,594.0,252.42,454.1428571428572,400.0,88.03,712.5,683.5,173.94,923.5,919.0,167.04,980.6343333333332,905.287,130.81,666.2222222222222,733.0,232.38,2021,3300412.0,Karow Bahnhof,,
,,251,240,204,12,5,6,176,0,97,0,605.6363636363636,559.5,223.83,471.44444444444446,393.0,186.75,709.3333333333334,709.0,120.5,838.5,838.5,9.19,,,,1121.5,1103.5,357.23,2021,3300413.0,Karow Ost,,
,,769,724,611,11,15,30,546,5,201,3,692.2710622710623,654.0,197.57,726.375,725.5,213.42,632.3333333333334,584.0,101.87,852.5555555555555,715.0,269.17,939.9272,840.473,277.97,866.1333333333333,753.0,324.55,2021,3300514.0,Blankenburg,,
,,16,14,13,0,1,1,10,0,2,0,778.5,761.5,216.0,,,,692.0,692.0,,,,,,,,845.0,845.0,,2021,3300515.0,Blankenburger Süden,,
,,1142,1079,885,26,29,34,817,13,371,10,665.2399020807834,618.0,210.74,517.9,489.5,91.75,680.1111111111111,672.0,229.0,721.5,717.5,138.94,735.9073076923077,734.616,143.52,798.3,706.0,347.75,2021,3300516.0,Heinersdorf,,
,,233,217,194,6,5,11,163,1,70,1,653.9815950920246,616.0,184.54,589.1666666666666,597.0,125.94,783.0,761.0,45.21,792.0,792.0,,781.577,781.577,,813.8,843.0,130.7,2021,3300517.0,Märchenland,,
,,436,412,349,6,9,15,307,3,39,2,781.0260586319218,750.0,193.75,627.6,644.0,80.04,743.8333333333334,648.5,257.42,750.75,738.0,99.6,933.3513333333334,833.837,293.17,1097.0,987.0,331.32,2021,3400618.0,Rosenthal,,
,,1118,1060,888,18,28,30,805,6,244,3,719.9577639751553,696.0,199.54,528.5882352941177,511.0,111.44,729.9333333333333,665.0,240.74,920.7142857142856,875.5,313.65,980.4783333333334,910.065,225.54,818.4761904761905,792.0,289.81,2021,3400619.0,Wilhelmsruh,,
,,512,472,425,11,11,29,379,4,107,2,710.4010554089709,670.0,202.25,593.75,598.0,87.46,660.0,584.5,224.3,856.0,836.0,135.06,860.01325,896.12,175.67,916.6666666666666,904.0,306.08,2021,3400620.0,Schönholz,,
,,895,849,730,14,15,31,646,1,315,1,657.6919504643963,605.5,208.86,541.25,550.5,150.58,633.5454545454545,636.0,137.34,712.25,670.5,139.52,686.02,686.02,,823.7777777777778,840.5,334.59,2021,3400721.0,Florakiez,,
,,557,533,471,9,11,13,421,4,199,2,643.4180522565321,609.0,197.46,508.77777777777777,474.0,94.62,593.0,566.5,107.9,706.3333333333334,649.5,218.93,876.1032499999999,863.577,220.05,888.5555555555555,683.0,488.96,2021,3400722.0,Parkstraße,,
,,1111,721,622,20,33,49,538,7,294,7,621.2100371747212,571.5,229.72,479.9333333333333,458.0,193.69,502.3809523809524,498.0,133.88,646.8333333333334,561.5,198.34,674.4951428571429,696.02,102.1,705.2941176470588,593.0,332.65,2021,3400723.0,Garbátyplatz,,
,,859,804,655,13,15,40,597,3,336,2,629.6834170854271,562.0,240.05,447.54545454545456,419.0,74.46,695.0,553.0,348.37,928.6666666666666,985.0,127.23,961.019,761.157,478.37,762.375,600.0,454.76,2021,3400724.0,Wolfshagener Straße,,
,,972,911,748,19,23,38,671,6,306,4,688.8211624441133,628.0,246.56,478.6875,495.5,84.6,605.5384615384615,616.0,130.41,853.8333333333334,907.5,296.8,856.5055000000001,750.3515,272.99,915.2916666666666,698.0,494.51,2021,3400725.0,Schlosspark,,
,,963,911,792,18,29,23,688,8,321,4,646.1555232558139,615.0,198.56,590.5,595.0,102.19,585.5263157894736,595.0,164.66,766.0,697.5,199.81,839.5388750000001,841.645,155.63,1074.0625,942.5,483.19,2021,3400826.0,Tiroler Viertel,,
,,1065,1007,850,24,39,19,764,25,343,21,659.1740837696335,618.0,195.87,535.0,561.0,113.59,639.40625,633.5,97.13,716.0882352941177,685.0,132.98,755.8988800000001,706.073,119.79,836.0714285714286,681.5,359.93,2021,3400827.0,Trelleborger Viertel,,
,,405,378,325,7,17,10,299,6,121,5,655.695652173913,628.0,181.62,524.8333333333334,520.0,50.38,734.0,676.0,177.81,786.4,750.5,162.36,802.3275,770.662,99.66,1009.2857142857144,1095.0,384.06,2021,3400828.0,Spiekermann Straße,,
,,534,495,416,12,14,25,382,3,169,3,662.7853403141361,620.0,206.21,595.1666666666666,601.0,110.16,572.125,547.5,102.63,732.375,700.5,95.23,728.332,750.18,69.3,805.5,753.0,210.33,2021,3400829.0,Arnold-Zweig-Straße,,
,,782,735,598,13,25,22,542,4,283,3,637.7269372693727,595.5,216.55,491.6,479.0,102.56,597.0625,555.5,129.64,813.5,752.0,282.73,777.6685,671.017,272.81,800.1875,772.0,223.95,2021,3400830.0,Kissingenviertel,,
,,79,58,57,1,10,11,50,1,30,1,625.04,535.0,256.86,434.0,434.0,,839.0,839.0,181.02,542.0,542.0,124.45,598.336,598.336,,611.8333333333334,524.0,252.48,2021,3400831.0,Pankower Tor,,
,,656,612,504,11,21,23,469,8,231,4,650.1130063965885,604.0,204.09,515.5555555555555,470.0,123.57,604.0666666666667,547.0,167.79,576.3333333333334,553.0,60.31,898.2702499999999,857.053,255.74,773.3181818181819,736.5,252.01,2021,3500932.0,Bühringstraße,,
,,1244,872,769,17,39,41,670,10,419,8,580.631343283582,519.5,229.05,461.77777777777777,448.0,118.68,566.2222222222222,477.0,201.6,542.9047619047619,493.0,157.01,805.6313,791.865,172.83,589.5806451612904,582.0,206.68,2021,3500933.0,Weißer See,,
,,881,822,713,15,21,38,663,9,347,8,628.7601809954751,592.0,191.26,502.1428571428572,515.0,73.08,540.2857142857143,529.0,89.89,647.2142857142857,651.5,53.37,672.8137777777779,659.43,104.98,715.2424242424242,654.0,264.91,2021,3500934.0,Weißenseer Spitze,,
,,523,483,418,12,19,21,372,4,206,3,606.3870967741935,574.5,185.56,529.25,436.0,196.86,481.25,461.5,91.85,574.7,576.5,132.36,748.41725,698.643,103.82,776.6666666666666,665.0,327.23,2021,3500935.0,Behaimstraße,,
,,887,823,691,12,19,45,618,6,323,4,631.4822006472492,593.5,192.72,477.8888888888889,482.0,84.11,661.25,683.0,114.18,685.25,643.0,138.0,830.6211666666667,816.3545,209.28,706.4545454545455,648.0,288.0,2021,3500936.0,Komponistenviertel Weißensee,,
,,1130,1054,890,23,50,26,815,21,502,17,594.8208588957056,548.0,195.02,451.3,440.5,87.69,574.5757575757576,513.0,168.81,659.5526315789474,612.0,207.05,809.7600952380953,792.653,120.81,654.3333333333334,606.0,187.33,2021,3501037.0,Rathaus Weißensee,,
,,1200,908,760,15,31,22,700,11,366,9,636.5657142857143,594.0,188.56,481.57142857142856,494.0,54.53,639.4285714285714,609.5,139.59,682.6666666666666,655.0,273.32,815.2830909090909,806.153,93.73,689.6666666666666,715.0,185.13,2021,3501038.0,Hansastraße,,
,,338,312,262,5,15,11,231,6,94,6,663.060606060606,626.0,200.17,473.2,589.0,205.16,658.2727272727273,603.0,144.53,668.1,622.5,130.12,797.7231666666667,827.225,71.73,1084.0,1088.0,370.42,2021,3601139.0,Norweger Viertel,,
,,434,389,325,9,20,25,289,4,116,4,665.5570934256056,627.0,191.76,542.2222222222222,537.0,69.92,623.9285714285714,615.0,96.71,729.0833333333334,689.0,115.37,738.7397500000001,733.028,80.14,993.5217391304348,854.0,445.6,2021,3601140.0,Malmöer Straße,,
,,610,552,490,13,19,34,435,1,208,0,636.7770114942529,607.0,188.05,520.8181818181819,545.0,145.15,565.75,590.0,115.19,666.0,651.0,60.71,1305.914,1305.914,,926.551724137931,840.0,379.93,2021,3601141.0,Arnimplatz,,
,,1207,1115,994,21,46,46,886,9,481,8,606.5372460496613,580.0,203.05,480.06666666666666,474.0,128.73,576.625,574.0,99.63,724.0384615384615,659.5,221.73,806.392111111111,781.693,170.48,951.258064516129,914.0,372.56,2021,3601142.0,Falkplatz,,
,,688,618,541,10,42,28,481,19,227,9,632.960498960499,614.0,193.79,545.5,551.0,72.89,611.5333333333333,600.0,135.33,654.8823529411765,633.0,134.25,918.0676842105264,907.036,158.25,990.1875,830.0,367.29,2021,3601243.0,Rodenbergstraße,,
,,560,515,442,5,18,27,390,0,202,0,625.1564102564103,596.0,169.35,470.6666666666667,496.0,96.53,617.7,596.5,102.78,707.3846153846154,674.0,114.16,,,,951.0434782608696,954.0,355.72,2021,3601244.0,Humannplatz,,
,,1372,1294,1111,29,41,37,1019,20,537,17,610.9990186457311,592.0,181.05,505.46153846153845,505.5,99.44,611.0344827586207,606.0,163.52,674.2121212121212,641.0,150.36,778.5437999999999,717.047,178.7,914.9411764705884,868.5,325.47,2021,3601245.0,Ostseestraße,,
,,377,333,286,5,20,24,250,10,132,10,618.48,587.5,216.78,470.0,470.0,,522.9285714285714,508.0,99.64,700.0769230769231,571.0,268.63,750.3825999999999,772.6034999999999,93.27,932.375,792.0,421.41,2021,3601346.0,Gethsemanekirche,,
,,566,513,429,7,29,24,376,6,224,6,588.4787234042553,560.5,186.2,432.0,392.5,165.75,570.7647058823529,564.0,112.96,598.8,575.0,125.09,700.4688333333334,710.835,85.11,1003.5,947.5,411.65,2021,3601347.0,Helmholtzplatz,,
,,470,427,357,4,19,24,327,7,182,7,605.7706422018349,582.0,190.23,639.5,639.5,43.13,536.125,528.5,50.21,623.5714285714286,592.0,109.44,674.1454285714286,683.384,62.33,825.4,701.5,285.81,2021,3601348.0,Senefelderstraße,,
,,1611,1531,1285,31,48,32,1180,27,586,23,623.7898305084746,602.0,186.48,533.6666666666666,534.0,101.99,607.6333333333333,594.5,160.47,703.92,660.0,118.21,756.663,712.426,144.57,828.1923076923077,814.0,269.74,2021,3601449.0,Michelangelostraße,,
,,1117,1054,880,19,32,30,790,18,327,17,658.0835443037975,630.0,199.91,551.8125,561.0,67.72,643.5833333333334,615.0,233.92,678.6666666666666,672.5,72.67,739.3354444444444,733.62,83.62,956.8,998.5,298.75,2021,3601450.0,Volkspark Prenzlauer Berg,,
,,680,635,556,11,20,25,499,7,236,6,632.7735470941884,609.0,196.33,544.125,508.0,155.31,689.4666666666667,649.0,240.63,780.6428571428571,683.0,262.11,770.0262857142858,709.143,192.91,921.5416666666666,913.0,328.19,2021,3601451.0,Anton-Saefkow-Park,,
,,614,575,514,14,17,22,464,8,239,7,613.4698275862069,593.5,203.01,491.77777777777777,478.0,125.17,672.8333333333334,667.5,134.53,751.3846153846154,773.0,165.46,721.6355,739.8935,135.8,901.0555555555557,821.5,327.55,2021,3601452.0,Velodrom,,
,,307,278,259,6,19,10,239,9,132,6,624.7615062761506,581.0,186.98,450.1666666666667,454.5,31.73,659.9090909090909,659.0,162.15,807.5454545454545,810.0,191.24,1378.7373333333337,863.86,1540.86,879.4285714285714,654.0,369.13,2021,3601453.0,Alter Schlachthof,,
,,909,840,734,14,30,38,639,6,372,6,577.4866979655712,558.0,201.34,499.3636363636364,481.0,125.59,474.7142857142857,444.0,119.79,496.73333333333335,482.0,94.66,716.9145,712.1835000000001,87.51,957.3846153846154,926.0,512.07,2021,3701554.0,Teutoburger Platz,,
,,605,565,500,6,16,24,452,5,273,3,588.6592920353983,557.5,193.19,480.6,553.0,146.08,619.0714285714286,499.0,342.01,687.3076923076923,573.0,382.14,823.3046,753.473,240.86,910.6,742.0,433.76,2021,3701555.0,Sredzkistraße,,
,,600,526,456,5,38,36,408,24,252,19,585.3480392156863,557.5,170.87,421.3333333333333,418.0,16.26,552.5151515151515,537.0,91.41,656.1290322580645,624.0,148.89,758.7309166666665,762.7365,151.61,1017.2,981.0,432.32,2021,3701556.0,Kollwitzplatz,,
,,470,433,379,12,15,21,349,9,169,9,645.3065902578796,608.0,199.54,531.1818181818181,608.0,155.29,603.25,593.0,57.04,724.7272727272727,780.0,114.25,780.6823333333334,792.014,69.76,813.2222222222222,814.5,203.2,2021,3701657.0,Thälmannpark,,
,,406,374,319,3,12,20,293,2,176,2,584.4914675767918,568.0,200.44,480.0,441.0,92.86,598.1666666666666,567.5,129.92,801.8571428571429,678.0,401.0,609.673,609.673,10.77,951.5,906.0,430.23,2021,3701658.0,Christburger Straße,,
,,592,539,445,10,19,34,407,8,243,7,596.7886977886977,571.0,175.36,531.625,516.0,109.3,591.9285714285714,589.5,91.0,674.4,660.0,68.33,731.874875,720.3064999999999,121.18,893.75,763.5,388.07,2021,3701659.0,Immanuelkirchstraße,,
,,976,896,773,13,34,46,697,8,410,8,594.6671449067431,570.0,177.22,505.4,511.0,94.34,614.1578947368421,590.0,136.57,687.5882352941177,706.0,73.06,674.512625,656.3705,110.52,1014.0769230769232,1034.0,290.88,2021,3701660.0,Bötzowstraße,,
,,1907,1727,1440,47,83,86,1270,21,701,16,609.9314960629921,569.5,217.12,487.8,447.0,143.03,637.6153846153846,608.0,212.05,824.0769230769231,767.0,241.28,848.653142857143,797.463,191.98,759.8630136986301,677.0,303.63,2021,4100101.0,Jungfernheide/Plötzensee,,
,,1047,986,800,15,23,38,752,3,376,3,636.6715425531914,600.5,198.17,517.9230769230769,482.0,105.13,620.0,546.0,152.21,792.375,789.0,156.16,757.3556666666667,765.79,83.03,759.9333333333333,691.0,272.56,2021,4100102.0,Paul-Hertz-Siedlung,,
,,301,264,242,5,14,23,216,11,54,6,732.4629629629629,697.5,209.03,641.5,635.0,74.75,714.5454545454545,712.0,91.32,822.25,792.5,141.45,1081.8093636363635,884.164,690.59,1063.1052631578948,933.0,290.9,2021,4200203.0,Olympiagelände,,
,,415,393,331,9,4,18,300,2,58,2,724.82,683.0,177.33,677.0,671.5,102.15,712.25,711.0,51.15,738.0,717.0,37.24,819.9385,819.9385,104.3,1014.6,921.0,301.15,2021,4200204.0,Angerburger Allee,,
,,504,295,252,7,14,13,229,9,53,6,715.3362445414847,703.0,163.93,593.6,569.0,104.34,671.1,676.5,99.27,759.2727272727273,746.0,80.37,843.1226666666666,807.44,105.02,1112.1666666666667,1041.0,395.25,2021,4200205.0,Flatowallee,,
,,344,315,274,11,5,24,237,0,74,0,722.9746835443038,669.0,212.14,551.8333333333334,554.5,37.41,643.6666666666666,632.0,38.84,,,,,,,990.0,866.0,414.45,2021,4200206.0,Kranzallee,,
,,451,394,362,6,25,32,293,4,50,4,822.5699658703072,762.0,268.27,537.0,555.5,140.35,774.2222222222222,678.0,260.23,750.8,724.0,77.33,779.7864999999999,799.353,63.07,1043.0434782608695,1093.0,282.26,2021,4200207.0,Eichkamp,,
,,1544,944,819,19,25,51,731,11,393,9,626.172366621067,585.0,215.36,479.6428571428572,485.5,106.83,677.8125,668.5,113.36,759.1428571428571,786.0,162.05,806.3845454545454,810.34,102.21,943.7317073170732,862.0,320.24,2021,4200308.0,Branitzer Platz,,
,,658,622,537,7,13,23,486,2,198,2,655.9711934156379,631.0,167.78,480.0,441.0,87.66,659.5714285714286,598.0,116.77,749.5,745.5,91.62,677.803,677.803,46.89,958.3,903.5,364.93,2021,4200309.0,Neu Westend,,
,,1105,1029,884,27,29,47,798,11,437,10,622.81328320802,583.0,182.25,510.9047619047619,517.0,109.53,669.3125,576.0,244.56,682.5714285714286,698.0,110.86,802.0414545454547,808.323,86.46,833.7297297297297,763.0,288.78,2021,4200310.0,Fürstenplatz,,
,,1265,1105,946,28,91,66,824,46,495,37,594.3580097087379,546.0,203.45,438.04761904761904,451.0,66.77,631.2142857142857,556.0,188.96,678.015873015873,653.0,200.01,768.3985869565219,774.3705,152.69,836.3818181818182,820.0,306.11,2021,4200311.0,Königin-Elisabeth-Straße,,
,,920,596,510,20,39,34,470,18,264,13,617.4340425531915,574.0,221.9,493.6666666666667,510.0,81.13,626.92,586.0,141.74,632.1612903225806,602.0,132.22,761.2520555555556,736.347,171.86,779.4642857142857,757.5,289.81,2021,4300412.0,Schlossgarten,,
,,1050,977,807,15,19,54,718,6,515,5,556.4192200557103,505.5,175.7,420.9285714285714,436.0,63.64,616.3333333333334,494.0,230.44,650.6666666666666,627.5,159.24,788.5685,782.64,204.58,825.7659574468086,741.0,323.06,2021,4300413.0,Klausenerplatz,,
,,1129,1034,881,17,33,62,773,9,541,9,532.3699870633894,488.0,200.23,346.9166666666667,336.0,79.99,481.8666666666667,470.0,121.31,646.3684210526316,629.0,203.73,628.8184444444444,645.07,123.44,786.8,774.0,340.89,2021,4300414.0,Schloßstraße,,
,,829,769,653,17,22,38,587,7,353,6,586.6047700170358,548.0,198.76,442.9166666666667,432.5,124.3,490.07142857142856,494.5,151.01,725.5454545454545,709.0,182.8,771.353142857143,769.367,111.69,792.8275862068965,728.0,387.84,2021,4300415.0,Lietzensee,,
,,1325,1215,1037,27,43,67,927,14,631,12,533.6472491909385,481.0,210.93,369.2916666666667,370.0,41.12,449.84,441.0,101.6,688.0714285714286,671.5,217.24,654.5203571428572,616.9749999999999,149.85,816.0566037735849,809.0,397.38,2021,4300416.0,Amtsgerichtsplatz,,
,,1009,942,778,20,32,35,724,8,488,7,574.1008287292817,529.5,175.73,460.6666666666667,460.0,47.72,543.9545454545455,491.0,126.08,617.5882352941177,619.0,134.99,762.1481249999999,756.1355,196.98,811.5454545454545,669.0,333.61,2021,4300517.0,Tegeler Weg,,
,,744,655,569,18,50,39,501,28,309,22,593.6786427145709,565.0,175.34,457.7272727272728,458.0,115.21,635.8571428571429,596.0,134.33,678.375,655.0,141.31,846.7906785714287,782.6335,378.98,884.1212121212121,770.0,322.35,2021,4300518.0,Kaiserin-Augusta-Allee,,
,,1021,944,783,24,32,44,711,11,491,9,560.985935302391,522.0,203.51,446.9090909090909,442.0,114.78,577.3157894736842,547.0,126.13,670.7058823529412,647.0,146.19,753.2490909090909,734.373,132.82,849.3243243243244,782.0,283.78,2021,4300619.0,Alt-Lietzow,,
,,516,434,353,6,49,33,318,32,214,29,565.8930817610063,526.0,181.82,441.6,405.0,101.56,583.6756756756756,523.0,142.32,620.8378378378378,618.0,115.58,723.8342187500001,727.015,127.37,794.4285714285714,662.0,351.39,2021,4300620.0,Spreestadt,,
,,1368,1247,1064,44,53,68,941,26,676,21,539.489904357067,492.0,187.53,416.3225806451613,403.0,131.58,583.4571428571429,530.0,220.27,704.025,679.5,185.92,763.4425769230768,722.8,221.23,783.3620689655172,663.0,363.39,2021,4300621.0,Richard-Wagner-Straße,,
,,1038,912,799,19,81,45,712,51,437,47,585.2654494382023,554.0,182.35,491.2,479.0,89.22,593.0819672131148,585.0,110.06,673.28125,656.5,122.69,730.1885294117646,713.353,120.37,796.780487804878,751.0,231.08,2021,4300622.0,Ernst-Reuter-Platz,,
,,1501,1379,1195,42,65,57,1064,31,697,23,571.8684210526316,517.0,206.08,412.3870967741936,405.0,65.43,583.046511627907,565.0,152.49,640.2826086956521,613.0,194.98,824.9130322580646,741.757,248.76,806.68,728.5,352.77,2021,4300623.0,Karl-August-Platz,,
,,1074,986,833,25,37,51,764,17,505,13,577.8573298429319,545.0,168.15,468.6,449.0,106.08,578.8076923076923,538.0,153.16,677.4444444444445,657.0,131.61,744.3215882352941,672.45,224.28,941.2093023255812,869.0,354.63,2021,4300624.0,Savignyplatz,,
,,35,29,28,0,3,3,25,0,8,0,767.96,744.0,270.91,,,,771.0,771.0,,,,,,,,613.5,613.5,86.97,2021,4400725.0,Güterbahnhof Grunewald,,
,,685,627,540,15,14,44,489,4,226,3,640.8364008179959,614.0,174.98,534.4615384615385,513.0,141.83,640.1428571428571,693.0,195.01,706.4,691.0,38.97,757.896,702.972,146.68,976.2222222222222,924.5,307.04,2021,4400726.0,Bismarckallee,,
,,1043,683,567,24,20,35,511,8,259,8,634.0998043052838,598.0,198.79,518.05,545.0,86.63,610.5263157894736,624.0,92.19,697.125,693.5,98.93,685.8368750000001,677.6705,68.67,925.7777777777778,855.0,356.07,2021,4400727.0,Flinsberger Platz,,
,,413,378,330,12,11,24,293,7,67,7,721.481228668942,691.0,185.83,620.4444444444445,637.0,78.32,724.0,706.0,66.53,755.7777777777778,743.0,61.93,779.5557142857143,775.753,60.19,1055.611111111111,1087.5,280.95,2021,4400728.0,Hagenplatz,,
,,395,369,319,9,10,16,292,2,49,1,746.195205479452,713.0,198.98,628.625,624.0,88.23,759.6666666666666,747.5,177.12,954.75,950.5,91.3,790.2265,790.2265,215.54,1115.875,1119.0,318.47,2021,4400729.0,Hundekehle,,
,,898,841,703,14,30,27,641,12,221,10,685.5553822152887,663.0,182.0,570.6363636363636,612.0,121.03,627.0869565217391,601.0,110.62,694.625,707.0,91.86,791.1803333333334,720.1099999999999,205.83,923.6,841.0,332.46,2021,4400830.0,Forckenbeckstraße,,
,,196,181,150,6,5,10,134,1,33,1,695.0970149253732,681.5,158.94,601.0,577.0,115.57,720.0,718.0,111.01,703.3333333333334,750.0,88.74,831.83,831.83,,882.6,712.0,300.05,2021,4400831.0,Messelpark,,
,,736,698,564,11,11,27,512,1,170,1,685.181640625,657.5,179.14,571.375,578.0,82.39,684.6,681.5,84.45,704.1,700.0,91.38,802.727,802.727,,929.1052631578948,876.0,282.41,2021,4400832.0,Breite Straße,,
,,505,469,406,14,19,17,373,8,148,7,681.0616621983914,649.0,199.79,515.4545454545455,486.0,88.61,662.8571428571429,685.0,131.08,715.9090909090909,687.0,156.53,787.203,749.4485,147.83,883.25,857.5,360.26,2021,4400833.0,Schlangenbader Straße,,
,,350,322,277,3,14,14,248,8,141,5,611.7096774193549,578.5,171.35,438.5,438.5,57.28,597.3333333333334,589.0,147.53,641.8181818181819,635.0,143.32,890.757375,850.988,214.46,1015.0,946.5,447.23,2021,4400834.0,Binger Straße,,
,,994,951,805,17,13,30,727,4,389,4,617.3149931224209,588.0,176.46,556.9285714285714,565.5,110.2,574.5,544.0,86.32,802.7,723.0,274.46,725.7024999999999,739.325,61.55,952.1739130434784,960.0,380.83,2021,4400835.0,Rüdesheimer Platz,,
,,626,568,491,16,22,36,440,8,304,8,565.7568181818182,525.5,185.81,470.5384615384616,451.0,87.43,585.8666666666667,538.0,145.68,599.1875,568.0,146.48,654.8965,617.0465,146.53,883.7666666666667,909.5,297.96,2021,4500936.0,Droysenstraße,,
,,992,917,779,27,39,36,714,23,449,18,582.0532212885154,554.0,177.84,455.7142857142857,442.0,90.33,596.0370370370371,577.0,125.26,711.8064516129032,689.0,122.23,793.4487826086956,781.16,167.82,926.1785714285714,877.5,318.78,2021,4500937.0,Halensee,,
,,922,862,730,22,34,26,661,12,415,11,584.0151285930408,546.0,180.15,457.22222222222223,442.5,116.16,557.0,520.0,138.29,628.2916666666666,626.0,104.91,701.6005833333332,710.5764999999999,119.51,920.1739130434784,820.0,369.68,2021,4500938.0,Hochmeisterplatz,,
,,773,717,595,15,30,26,525,15,331,14,585.807619047619,546.0,181.65,448.84615384615387,434.0,74.49,511.35,513.0,72.71,592.4285714285714,553.0,139.35,663.8560666666667,615.5799999999999,102.72,723.5454545454545,614.0,315.93,2021,4500939.0,Eisenzahnstraße,,
,,643,605,511,10,14,24,454,5,286,4,588.7995594713657,547.0,192.9,408.8333333333333,414.5,103.41,611.5555555555555,618.0,115.07,667.1,641.0,115.58,712.4558,716.987,124.08,773.4736842105264,724.0,269.79,2021,4501040.0,Hindemithplatz,,
,,743,641,548,8,59,43,475,39,273,34,604.9642105263158,574.0,179.35,520.5,506.0,65.02,591.5111111111111,572.0,104.22,649.4666666666667,619.0,116.24,704.6631282051279,673.744,142.37,853.15625,865.5,316.62,2021,4501041.0,George-Grosz-Platz,,
,,2437,2195,2052,63,161,81,1768,116,1022,106,606.6928733031674,574.0,188.14,501.6216216216216,510.0,93.31,634.3893129770993,633.0,108.73,684.9166666666666,678.0,114.01,738.0356465517237,707.345,117.77,817.9230769230769,751.0,235.78,2021,4501042.0,Breitscheidplatz,,
,,1157,1051,898,29,52,54,798,15,512,14,584.3107769423559,547.0,191.85,409.2083333333333,420.5,90.73,545.1142857142858,523.0,83.11,614.6785714285714,593.0,100.25,659.4442666666669,647.83,125.12,821.7297297297297,784.0,340.21,2021,4501043.0,Preußenpark,,
,,678,598,512,9,55,25,454,38,302,37,566.1189427312776,534.5,160.53,449.2857142857143,459.0,32.16,532.8235294117648,509.0,119.42,592.4222222222222,578.0,104.28,665.0038421052634,648.7384999999999,102.36,744.1111111111111,677.0,252.1,2021,4501044.0,Ludwigkirchplatz,,
,,1078,972,827,21,56,50,747,43,464,43,584.2382864792503,557.0,167.68,481.1764705882353,460.0,127.96,563.96,541.0,99.89,638.9069767441861,649.0,84.29,697.1273953488372,673.134,94.25,824.1489361702128,826.0,301.14,2021,4501045.0,Schaperstraße,,
,,517,462,363,11,28,27,325,11,206,10,574.9107692307692,545.0,190.67,453.6,450.0,67.86,479.69565217391306,463.0,74.05,601.3888888888889,573.5,157.08,771.3655454545456,683.307,263.46,764.0,618.5,363.08,2021,4501146.0,Barstraße,,
,,572,529,460,10,19,22,409,3,277,3,545.7408312958436,517.0,190.89,393.3333333333333,392.0,49.39,536.5,473.5,129.63,510.9166666666667,498.0,138.65,593.189,616.177,40.91,773.421052631579,688.0,359.53,2021,4501147.0,Leon-Jessel-Platz,,
,,918,473,399,16,20,33,349,7,222,5,573.189111747851,535.0,174.29,492.75,470.5,127.75,652.1,579.5,202.75,628.0,655.0,97.06,749.6077142857145,757.733,139.94,884.5416666666666,796.0,429.76,2021,4501148.0,Brabanter Platz,,
,,1088,942,777,25,51,46,695,26,456,23,561.7395683453237,531.0,161.14,445.95,447.5,67.24,505.9473684210527,502.5,85.13,615.0526315789474,603.5,139.89,741.3855769230769,696.5165,132.31,942.125,990.0,418.93,2021,4501149.0,Nikolsburger Platz,,
,,628,600,525,13,16,12,463,5,311,5,567.9654427645788,518.0,204.71,441.8181818181818,429.0,97.35,542.5,509.5,141.93,733.0,640.0,305.87,702.7806,718.44,88.88,726.3333333333334,587.0,325.3,2021,4501150.0,Wilhelmsaue,,
,,605,571,452,6,14,20,410,3,251,3,593.0292682926829,549.0,189.61,476.5,511.0,75.12,644.9166666666666,547.0,251.69,609.6666666666666,617.0,76.05,646.6856666666666,697.997,114.62,891.75,900.0,337.66,2021,4501151.0,Hildegardstraße,,
,,732,664,551,22,30,38,473,15,307,11,579.5835095137421,547.0,157.7,464.3571428571428,455.5,73.93,562.1818181818181,545.0,90.24,660.8,623.0,172.6,771.414,698.14,185.75,936.6666666666666,748.5,405.38,2021,4501152.0,Prager Platz,,
,,935,862,738,22,22,50,670,10,451,10,570.2731343283582,531.5,176.41,444.05555555555554,439.5,95.93,560.6875,528.0,158.87,611.5384615384615,595.0,130.54,614.8747,608.1665,78.42,931.5,900.0,361.7,2021,4501153.0,Babelsberger Straße,,
,,878,748,642,21,24,34,569,11,109,6,782.9297012302285,752.0,220.44,655.9444444444445,655.5,189.42,763.3529411764706,676.0,192.34,873.1764705882352,790.0,254.32,929.2497272727272,889.427,227.54,1192.2608695652175,1264.0,374.75,2021,5100101.0,Hakenfelde Nord,,
,,477,458,376,6,9,10,334,4,122,1,691.7754491017964,648.5,216.1,481.0,471.0,23.64,768.0,681.0,242.98,929.75,928.0,237.69,979.56925,974.642,98.87,1165.5,1115.5,433.78,2021,5100102.0,Am Forstacker,,
,,606,556,456,3,25,24,398,10,164,8,683.2889447236181,640.0,188.93,497.0,519.0,50.71,670.9230769230769,652.0,91.48,814.0666666666667,717.0,255.03,867.9225,844.5805,93.52,1044.952380952381,976.0,348.28,2021,5100103.0,Mertensstraße,,
,,914,870,749,15,23,21,664,7,306,4,650.7093373493976,611.0,181.89,597.8333333333334,609.5,102.5,636.4615384615385,595.0,138.47,688.8,678.5,151.58,884.4515714285715,858.363,140.69,1097.75,1064.5,445.02,2021,5100104.0,Maselake,,
,,773,731,615,13,12,30,535,4,253,3,650.3252336448598,609.0,206.2,511.6363636363636,524.0,131.57,676.8333333333334,646.0,62.91,822.8,728.0,231.28,840.49,823.4115,55.47,993.68,921.0,356.83,2021,5100105.0,Amorbacher Weg,,
,,1064,518,435,16,22,17,368,9,181,1,658.7690217391304,606.0,226.18,582.1111111111111,550.0,205.14,809.5454545454545,824.0,62.7,887.2666666666667,852.0,136.78,1189.6911111111112,1032.097,354.88,1195.6666666666667,1076.0,269.67,2021,5100206.0,Griesingerstraße,,
,,205,200,177,1,1,4,148,0,50,0,677.918918918919,659.5,181.69,536.0,536.0,,631.0,631.0,,,,,,,,841.6666666666666,697.0,388.74,2021,5100207.0,An der Tränke,,
,,1549,1459,1222,28,34,56,1052,17,509,16,655.3431558935362,610.0,202.85,573.7826086956521,575.0,99.76,728.0,696.0,174.29,791.625,782.5,91.71,799.3079411764706,809.856,90.53,1005.3846153846154,936.0,341.33,2021,5100208.0,Im Spektefeld,,
,,1443,1340,1084,19,39,63,931,16,382,15,656.8539205155746,628.0,173.95,579.8125,547.0,98.54,662.0,664.0,98.05,772.7777777777778,742.0,125.33,818.9570625000001,793.75,122.02,1039.5686274509803,1010.0,351.12,2021,5100209.0,Westerwaldstraße,,
,,954,899,727,15,23,32,641,6,332,6,623.4742589703588,595.0,174.19,587.1666666666666,548.0,99.39,720.5333333333333,717.0,94.54,818.2666666666667,765.0,184.27,805.2571666666668,823.5785,53.0,886.0769230769231,771.5,331.24,2021,5100210.0,Germersheimer Platz,,
,,719,681,567,20,13,25,478,5,238,4,637.4372384937238,601.0,177.28,521.4,540.0,97.06,754.8571428571429,720.0,109.23,909.0,901.0,219.02,970.8752,744.077,496.6,922.5555555555557,985.0,349.98,2021,5100211.0,An der Kappe,,
,,451,416,334,6,11,23,300,2,164,2,613.6533333333333,580.5,207.68,401.8,382.0,123.47,752.8333333333334,725.0,173.03,790.8,743.0,267.89,733.27,733.27,10.08,870.1764705882352,749.0,352.17,2021,5100312.0,Eckschanze,,
,,1160,1067,908,30,45,45,800,18,484,11,574.885,524.5,205.66,421.04,412.0,125.23,627.6666666666666,616.5,142.72,708.2608695652174,618.0,217.61,852.3631111111113,868.4235,127.05,941.3142857142856,852.0,469.49,2021,5100313.0,Eiswerder,,
,,1123,701,579,17,34,41,522,15,337,13,548.883141762452,516.5,194.66,435.54545454545456,404.0,153.25,573.95,529.0,121.88,695.4583333333334,638.0,203.55,815.3602,790.586,153.96,871.4117647058823,855.0,335.35,2021,5100314.0,Kurstraße,,
,,709,662,548,7,20,27,479,6,293,4,583.400835073069,548.0,199.19,425.4,446.0,130.85,615.3,576.5,130.44,644.6,611.5,125.45,839.4145,722.5065,260.36,995.608695652174,1014.0,362.59,2021,5100315.0,Ackerstraße,,
,,2088,1963,1724,48,43,81,1533,7,908,6,606.4285714285714,571.0,186.76,527.4333333333333,491.0,110.97,672.7037037037037,625.0,228.57,726.047619047619,630.0,257.64,743.3295714285715,727.294,170.24,906.9852941176472,789.5,372.48,2021,5100316.0,Carl-Schurz-Straße,,
,,720,649,552,14,40,31,505,21,299,18,614.4950495049505,572.0,183.8,527.4615384615385,501.0,104.47,583.4642857142857,562.5,120.21,594.4074074074074,574.0,92.52,752.0535238095238,717.54,127.79,849.2916666666666,755.5,382.56,2021,5100317.0,Freiheit,,
,,242,227,184,9,6,9,154,3,40,0,737.7727272727273,711.5,218.5,720.875,691.0,71.8,922.0,922.0,118.79,1145.0,1100.0,199.29,1340.598,1268.207,271.95,817.1666666666666,890.0,338.59,2021,5200418.0,Isenburger Weg,,
,,184,180,156,2,1,3,124,0,65,0,606.4354838709677,576.0,211.04,672.0,672.0,,557.0,557.0,,,,,,,,878.5,878.5,248.19,2021,5200419.0,Am Heideberg,,
,,695,628,522,15,35,32,453,25,177,14,663.2958057395143,634.0,192.89,579.5833333333334,577.5,89.62,720.7307692307693,717.5,91.82,845.7241379310345,781.0,218.6,879.6672,807.997,176.9,1138.65,1129.0,346.91,2021,5200420.0,Staakener Straße,,
,,463,435,344,8,19,9,285,13,76,6,748.3508771929825,741.0,203.85,646.2857142857143,643.0,103.85,779.1666666666666,787.5,74.66,977.5714285714286,908.5,203.8,1045.8763846153847,911.32,300.68,1015.4,949.0,523.23,2021,5200421.0,Spandauer Straße,,
,,116,90,72,2,15,11,63,2,13,0,766.3968253968254,779.0,187.51,638.0,638.0,165.46,891.3333333333334,793.0,295.06,933.0,903.0,108.11,1077.1,1077.1,145.65,1101.75,1037.5,269.43,2021,5200422.0,Werkstraße,,
,,937,891,729,15,16,30,619,6,184,3,705.4281098546041,686.0,203.68,653.1818181818181,630.0,153.7,736.0,741.5,182.28,898.5,886.0,110.36,940.6913333333332,929.282,139.77,1019.6,956.0,323.06,2021,5200423.0,Magistratsweg,,
,,317,294,253,10,4,19,220,1,42,0,761.4727272727273,734.0,186.2,612.0,598.5,107.57,868.0,844.0,97.17,916.0,916.0,,1063.59,1063.59,,1237.5454545454545,1275.0,345.99,2021,5200524.0,Döberitzer Weg,,
,,310,281,222,4,12,17,197,2,20,0,783.0355329949239,751.0,192.64,745.3333333333334,775.0,145.78,958.25,1031.5,173.99,1013.5,1013.5,16.26,1083.3745,1083.3745,171.43,979.7272727272727,915.0,138.36,2021,5200525.0,Pillnitzer Weg,,
,,776,703,552,8,37,36,484,21,93,16,716.2892561983471,686.0,170.0,626.0,593.0,68.3,735.3333333333334,706.5,117.48,801.125,771.0,178.12,874.7231904761904,854.55,109.74,1094.3225806451612,972.0,368.33,2021,5200526.0,Rudolf-Wissell-Großsiedlung,,
,,1824,1644,1329,30,102,77,1165,50,378,34,693.1751072961373,659.0,188.19,572.24,552.0,93.55,704.4615384615385,694.0,148.23,774.5652173913044,724.0,150.69,902.53362,847.2515000000001,195.88,963.6031746031746,900.0,290.87,2021,5200527.0,Maulbeerallee,,
,,878,836,700,18,18,24,601,2,191,0,699.1680532445923,663.0,183.11,575.3076923076923,580.0,66.26,736.625,758.5,90.69,795.8,767.0,146.72,1177.255,1177.255,117.26,922.1304347826087,890.0,251.4,2021,5200528.0,Weinmeisterhornweg,,
,,1714,1621,1434,39,38,55,1277,16,785,16,611.3406421299921,565.0,196.0,495.1333333333333,481.5,80.64,599.4615384615385,585.0,75.92,660.32,630.0,178.48,701.8571250000001,658.4185,90.74,914.4761904761904,785.0,366.38,2021,5200629.0,Borkumer Straße,,
,,1174,1111,914,27,22,41,786,5,526,4,580.1628498727736,526.0,192.14,455.0434782608696,458.0,104.37,573.9375,531.0,143.38,673.8,582.0,176.99,751.6566,655.78,151.33,843.0,678.5,375.79,2021,5200630.0,Wilhelmstadt West,,
,,928,877,716,11,14,37,620,3,431,2,553.4661290322581,477.0,233.05,398.4,391.5,49.14,534.4,480.0,196.49,607.2727272727273,521.0,181.44,839.1813333333333,695.794,273.32,794.75,708.0,362.54,2021,5200631.0,Wilhelmstadt Ost,,
,,536,474,387,6,24,38,348,12,218,9,611.8649425287356,551.5,205.5,471.0,467.0,76.11,578.1,549.5,106.48,705.1875,658.5,244.1,838.0012500000001,772.0255,175.47,889.3529411764706,845.5,394.6,2021,5200632.0,Tiefwerder,,
,,351,325,273,4,14,12,235,4,138,4,623.1361702127659,571.0,183.96,482.5,482.5,24.75,579.1666666666666,568.5,62.44,653.25,649.0,80.75,753.5885000000001,760.8505,59.15,785.25,655.0,425.71,2021,5200633.0,Graetschelsteig,,
,,555,479,411,12,26,44,335,6,155,2,672.0597014925373,613.0,220.4,506.1111111111111,481.0,145.57,697.7777777777778,668.0,256.99,763.3333333333334,751.0,186.35,1000.1953333333336,930.008,279.38,897.6,815.0,352.21,2021,5200634.0,Börnicker Straße,,
,,185,157,142,4,9,18,129,4,42,4,700.4728682170543,667.0,185.31,703.5,650.0,162.42,714.25,697.0,55.22,709.3333333333334,775.0,118.97,767.6047500000001,795.3315,66.37,918.9375,829.0,287.58,2021,5300735.0,Haveleck,,
,,648,560,496,11,42,46,444,26,189,16,660.4211711711712,630.0,188.41,561.125,488.5,231.0,712.6969696969697,691.0,129.9,723.9375,697.0,91.32,877.3952307692307,808.4905,186.04,1047.2777777777778,1002.5,344.1,2021,5300736.0,Zitadellenweg,,
,,1479,1393,1163,24,37,49,1027,14,483,8,628.5968841285297,616.0,217.86,498.9,476.5,141.24,716.6923076923077,653.5,163.95,887.2380952380952,869.0,198.86,980.7251428571428,835.658,410.94,1012.025,1018.0,368.9,2021,5300737.0,Gartenfelder Straße,,
,,46,37,37,1,5,4,34,5,11,3,703.9411764705883,679.5,242.23,532.0,532.0,,793.2,789.0,184.39,963.8,917.0,221.6,919.5574,851.734,117.03,904.0,904.0,,2021,5300838.0,Gartenfeld,,
,,836,788,639,21,22,26,590,3,348,1,612.6322033898305,563.5,193.96,483.8421052631579,467.0,117.86,643.2222222222222,628.0,117.9,751.3636363636364,764.0,170.97,929.1776666666666,926.686,48.43,851.3076923076923,749.5,350.63,2021,5300839.0,Rohrdamm,,
,,313,267,239,3,30,16,217,13,122,10,611.1382488479263,564.0,219.84,403.6666666666667,387.0,65.61,678.6666666666666,650.5,233.03,837.7058823529412,773.0,213.26,922.690153846154,817.503,219.22,771.5714285714286,758.0,325.0,2021,5300840.0,Nonnendammallee,,
,,542,500,425,8,24,18,371,12,243,9,584.0970350404313,527.0,210.41,457.4285714285714,414.0,123.14,607.8235294117648,491.0,196.24,785.4444444444445,774.0,155.7,838.3368333333334,819.0835,107.35,754.3571428571429,578.5,402.53,2021,5300841.0,Siemensdamm,,
,,683,331,288,11,20,35,233,11,61,0,712.9785407725321,676.0,202.84,683.5714285714286,695.0,134.03,729.6,668.0,193.52,1107.857142857143,1044.5,233.65,1191.1273636363635,1218.51,239.09,990.1052631578948,967.0,387.43,2021,5400942.0,Alt-Gatow,,
,,708,650,553,15,7,51,414,0,187,0,707.9082125603865,622.5,270.14,608.0,596.5,216.36,823.75,809.5,160.35,1153.0,1153.0,11.31,,,,1148.08,1025.0,324.43,2021,5400943.0,Jägerallee,,
,,294,267,220,4,6,20,167,1,99,0,642.2335329341317,538.0,299.95,487.0,487.0,,847.0,816.0,80.13,1000.0,1000.0,,1467.253,1467.253,,891.3,812.5,266.18,2021,5400944.0,Kladower Damm,,
,,403,377,321,13,3,23,244,2,117,0,669.4795081967213,606.0,234.72,646.0,624.0,101.64,750.0,750.0,,1468.0,1468.0,,1212.2365,1212.2365,18.14,1087.0,1038.5,241.19,2021,5400945.0,Kafkastraße,,
,,909,863,714,17,19,27,632,7,292,7,625.0316455696203,618.5,179.85,467.0833333333333,454.0,116.19,626.4166666666666,595.0,140.72,804.0909090909091,802.0,78.06,783.9645714285714,789.36,60.11,893.3888888888889,735.5,396.84,2021,6100101.0,Fichtenberg,,
,,1076,966,833,17,52,58,732,20,432,20,580.422131147541,554.5,184.33,480.1666666666667,492.0,90.35,602.7142857142857,587.5,138.39,760.074074074074,778.0,166.81,778.0401499999999,802.4835,77.08,854.9285714285714,681.0,410.0,2021,6100102.0,Schloßstraße,,
,,830,748,643,21,43,39,569,25,294,23,629.6625659050967,594.0,196.98,498.0,473.5,120.19,651.6470588235294,629.0,167.3,766.15625,744.5,149.12,773.7822000000001,759.73,94.74,946.8076923076924,913.0,348.4,2021,6100103.0,Markelstraße,,
,,565,526,438,6,15,24,400,6,227,5,620.4225,575.0,186.54,618.25,554.0,190.02,588.6363636363636,594.0,111.06,823.1,835.5,213.63,881.8281666666667,859.3745,168.31,975.5625,810.0,504.78,2021,6100204.0,Munsterdamm,,
,,841,789,653,16,11,41,583,1,360,1,590.9742710120069,557.0,181.6,521.0714285714286,524.0,81.67,617.5,612.0,82.7,715.0,694.0,56.51,798.453,798.453,,841.6764705882352,699.0,351.75,2021,6100205.0,Südende,,
,,795,755,634,20,16,24,563,4,346,4,582.2646536412078,546.0,182.06,481.38461538461536,482.0,120.27,539.7,513.5,86.63,695.875,682.0,117.79,692.829,707.3315,91.53,790.6470588235294,607.0,395.16,2021,6100206.0,Stadtpark,,
,,734,687,587,13,19,28,512,4,315,3,563.5703125,548.0,173.84,467.27272727272725,494.0,53.71,528.8,501.0,122.91,711.7777777777778,695.0,123.21,825.859,787.1835000000001,151.27,902.2272727272727,666.0,441.22,2021,6100207.0,Mittelstraße,,
,,652,607,514,20,16,28,452,4,286,2,555.25,514.5,213.27,394.7272727272728,368.0,96.72,503.7,463.5,122.0,697.3333333333334,680.0,137.76,909.92925,866.8705,132.73,983.3636363636364,868.0,522.81,2021,6100208.0,Bergstraße,,
,,992,927,789,18,22,43,705,6,441,4,578.936170212766,544.0,173.06,460.75,455.0,79.06,573.1428571428571,546.5,130.72,729.3571428571429,705.0,150.18,898.7420000000001,731.7215,378.5,1112.529411764706,1140.0,496.36,2021,6100209.0,Feuerbachstraße,,
,,474,454,366,8,7,13,332,3,222,3,561.6746987951807,523.0,173.38,432.0,445.5,60.34,542.4,529.0,92.26,716.0,711.0,32.47,738.7570000000001,713.897,61.44,912.1,801.5,424.93,2021,6100210.0,Bismarckstraße,,
,,505,474,394,18,10,20,357,4,173,2,639.0532212885154,603.0,190.73,493.1333333333333,480.0,55.31,660.6,668.0,55.5,836.0,748.0,222.39,904.889,880.6195,239.13,925.3846153846154,771.0,354.7,2021,6200311.0,Alt-Lankwitz,,
,,740,689,580,15,25,26,524,10,269,8,626.2404580152672,596.0,171.54,521.4166666666666,510.5,88.62,679.75,615.0,184.87,716.1764705882352,672.0,156.54,911.3696,802.6614999999999,422.31,798.2272727272727,741.5,205.92,2021,6200312.0,Komponistenviertel Lankwitz,,
,,848,803,670,22,14,31,596,2,345,2,598.1140939597316,575.0,152.86,506.88235294117646,502.0,66.2,603.5,582.0,81.39,705.6,735.0,110.46,668.8535,668.8535,64.22,977.84,842.0,375.63,2021,6200313.0,Lankwitz Kirche,,
,,734,678,559,15,23,33,488,4,286,3,604.4200819672132,573.0,181.02,552.9,522.0,112.84,649.5833333333334,653.0,136.92,771.7142857142857,752.5,153.61,760.54375,770.518,127.18,800.0769230769231,721.0,270.95,2021,6200314.0,Kaiser-Wilhelm-Straße,,
,,1221,1036,843,19,14,24,740,5,391,4,617.4810810810811,582.0,211.06,561.2941176470588,551.0,123.5,646.5454545454545,669.0,73.06,780.0,779.0,155.57,816.2592,780.14,94.54,843.0625,780.0,255.95,2021,6200315.0,Gallwitzallee,,
,,656,624,529,18,19,13,484,9,289,4,606.2293388429752,571.5,142.61,519.0625,531.0,72.89,596.6666666666666,591.0,91.54,796.0,786.5,152.31,910.9416666666668,914.606,171.97,672.4,677.0,91.37,2021,6200316.0,Belßstraße,,
,,573,547,454,13,8,18,397,1,214,1,623.1687657430731,583.0,178.31,507.54545454545456,504.0,84.41,617.0,617.0,132.94,629.0,629.0,164.05,731.2,731.2,,748.5454545454545,714.0,209.02,2021,6200317.0,Lankwitz Süd,,
,,4,2,2,0,0,2,1,0,0,0,1627.0,1627.0,,,,,,,,,,,,,,794.0,794.0,25.46,2021,6200418.0,Landweg,,
,,566,540,432,14,8,18,370,1,117,1,736.9243243243243,707.0,211.26,549.6,566.0,94.42,775.0,692.0,272.88,887.75,839.0,210.63,800.21,800.21,,863.8235294117648,812.0,295.61,2021,6200419.0,Thermometersiedlung,,
,,854,794,675,21,13,47,596,3,213,1,696.8926174496644,672.0,201.83,542.4,556.0,139.92,654.0,560.0,205.34,820.0,889.0,199.65,958.0886666666668,915.72,96.66,816.0833333333334,793.5,248.72,2021,6200420.0,Lichterfelde Süd,,
,,1216,980,843,31,25,41,704,5,395,3,591.578125,560.0,206.12,425.95238095238096,421.0,89.63,716.3333333333334,730.0,184.26,658.75,645.5,214.52,885.7124,888.847,165.41,692.5833333333334,616.0,348.77,2021,6200421.0,Königsberger Straße,,
,,759,713,614,20,18,28,530,13,282,12,627.5358490566038,586.5,183.34,515.9333333333333,513.0,124.5,656.0,607.5,143.98,774.8461538461538,786.0,94.04,839.9733846153847,836.266,46.16,742.9090909090909,722.5,162.79,2021,6200422.0,Oberhofer Platz,,
,,984,938,781,28,17,29,693,2,198,1,720.0880230880231,679.0,200.35,616.7619047619048,603.0,123.32,935.4,919.0,63.99,996.0,1026.0,257.45,1025.066,1025.066,192.67,899.1818181818181,844.0,268.12,2021,6200423.0,Schütte-Lanz-Straße,,
,,593,561,449,15,6,26,401,2,139,1,727.7281795511221,664.0,233.26,592.4545454545455,579.0,98.43,651.0,647.0,23.57,759.3333333333334,694.0,191.55,1008.17,1008.17,174.5,1022.3125,1033.0,242.27,2021,6300524.0,Berlepschstraße,,
,,544,523,438,7,7,14,384,1,58,0,781.7421875,733.5,201.78,723.2,633.0,242.24,856.2,809.0,188.23,922.0,922.0,101.82,1375.143,1375.143,,880.9,869.5,281.2,2021,6300525.0,Zehlendorf Süd,,
,,680,643,576,15,13,24,493,2,274,0,615.7484787018255,553.0,242.88,423.5,361.0,258.81,635.375,600.0,237.8,679.2,607.0,251.58,1056.5115,1056.5115,93.07,680.9444444444445,597.5,243.03,2021,6300526.0,Zehlendorf Mitte,,
,,775,714,587,14,18,43,515,4,281,3,624.1572815533981,570.0,233.6,481.1818181818182,415.0,128.09,595.7857142857143,534.0,172.46,650.8888888888889,540.0,260.39,834.4940000000001,757.6345,235.37,659.6216216216217,611.0,231.12,2021,6300527.0,Sundgauer Straße,,
,,1439,1091,926,26,32,36,810,14,312,5,705.5777777777778,643.0,228.98,565.2272727272727,515.0,179.82,708.1363636363636,694.0,120.97,799.3529411764706,861.0,173.82,963.661785714286,952.5595,124.24,843.0,815.0,245.61,2021,6300528.0,Teltower Damm,,
,,634,580,503,14,22,32,455,4,238,2,639.8241758241758,593.0,199.88,509.75,509.5,64.99,612.6,563.0,131.77,777.5294117647059,770.0,119.48,858.28675,878.792,138.16,1094.16,1010.0,416.79,2021,6300629.0,Botanischer Garten,,
,,1013,536,442,17,30,22,394,17,213,13,619.3121827411168,583.0,181.29,479.3333333333333,491.0,106.84,629.6111111111111,576.5,128.01,676.4545454545455,617.0,172.27,810.4294705882353,829.294,135.19,857.8125,739.0,379.29,2021,6300630.0,Hindenburgdamm,,
,,418,371,324,6,27,20,292,17,102,8,710.277397260274,665.0,216.69,606.6,590.0,98.33,751.7142857142857,757.5,189.4,952.0,941.0,189.21,969.6488235294116,981.473,156.0,897.0588235294117,856.0,230.95,2021,6300631.0,Goerzwerke,,
,,1138,1069,886,23,38,31,803,20,351,15,667.4333748443338,621.0,202.88,510.05263157894734,507.0,73.81,724.6296296296297,643.0,258.07,774.7586206896551,719.0,186.7,838.7420000000002,794.2049999999999,156.93,948.8571428571428,751.0,441.33,2021,6300632.0,Schweizer Viertel,,
,,1028,972,835,19,20,36,735,3,366,1,640.0462585034013,602.0,190.4,509.8571428571428,509.5,126.53,676.3333333333334,715.0,150.45,675.2,666.5,140.39,871.3043333333334,923.66,222.2,869.5,788.0,357.52,2021,6300633.0,Augustaplatz,,
,,780,750,648,9,9,21,580,2,275,2,663.0206896551724,607.0,213.62,428.6666666666667,448.0,95.9,760.4,664.0,167.62,914.25,832.0,260.92,716.096,716.096,12.63,810.0,667.0,341.17,2021,6300634.0,Lichterfelde West,,
,,1418,1258,1101,48,39,85,890,2,306,0,710.9056179775281,661.5,241.0,602.0,601.5,115.65,733.2727272727273,730.0,215.63,1083.923076923077,1024.0,205.08,1393.355,1393.355,130.85,948.1774193548388,850.5,336.97,2021,6400735.0,Wannsee,,
,,728,562,495,16,15,29,443,4,106,1,737.4356659142212,687.0,219.05,592.1666666666666,605.5,79.02,694.625,705.5,95.48,1006.9,971.5,347.53,1163.735,1070.958,453.54,891.1904761904761,830.0,216.23,2021,6400736.0,Düppel,,
,,1505,1192,1005,25,40,84,843,8,401,4,671.4187425860024,609.0,236.52,535.2631578947369,517.0,133.15,738.1666666666666,707.0,173.93,982.0,975.5,155.32,900.897375,872.8050000000001,132.92,810.0555555555555,746.0,296.73,2021,6400737.0,Nikolassee,,
,,959,705,608,15,20,31,524,4,148,2,735.1545801526718,663.0,233.71,654.6923076923077,629.0,110.54,890.8,773.5,304.51,846.4444444444445,848.0,177.48,942.47775,952.879,201.17,1077.7727272727273,963.5,338.68,2021,6400838.0,Krumme Lanke,,
,,608,566,482,13,20,22,438,2,172,0,686.8584474885845,654.5,198.27,514.8888888888889,487.0,103.36,649.9230769230769,628.0,97.5,681.7142857142857,670.0,80.55,1420.6219999999998,1420.6219999999998,521.0,692.5714285714286,648.0,169.27,2021,6400839.0,Fischerhüttenstraße,,
,,581,559,474,12,10,12,438,1,173,0,704.0570776255707,654.5,225.41,576.8,551.5,120.69,756.3333333333334,763.5,170.46,936.4,991.0,384.26,968.15,968.15,,987.6666666666666,825.0,456.39,2021,6400840.0,Fischtal,,
,,662,614,533,13,20,27,474,6,297,6,578.5949367088608,502.5,234.43,391.2857142857143,408.0,51.31,523.625,478.0,133.76,578.1818181818181,491.0,169.15,800.6235,813.39,61.33,673.7272727272727,581.0,265.38,2021,6400841.0,Zehlendorf Eiche,,
,,578,530,465,10,13,26,426,4,176,2,691.612676056338,648.5,216.61,470.44444444444446,436.0,85.48,686.5555555555555,678.0,109.15,750.3333333333334,678.0,138.68,879.62025,903.3985,108.49,759.65,703.5,283.41,2021,6400842.0,Hüttenweg,,
,,485,421,366,13,33,31,343,16,184,12,633.2478134110787,594.0,195.62,542.5833333333334,507.5,115.7,678.4615384615385,659.0,125.89,802.2222222222222,752.0,190.69,861.9628125000002,838.6600000000001,157.03,888.4814814814815,788.0,330.63,2021,6400843.0,Thielallee,,
,,755,698,615,27,23,33,544,7,224,5,662.2242647058823,628.5,182.51,545.8095238095239,550.0,81.0,702.875,696.0,100.56,756.0,768.0,137.61,856.0432857142857,829.154,188.34,869.0416666666666,812.5,272.4,2021,6400844.0,Dahlem,,
,,1568,1465,1243,42,54,49,1122,30,600,26,615.5828877005348,592.0,168.04,527.8064516129032,534.0,106.5,669.9756097560976,648.0,147.27,733.7692307692307,701.0,196.35,760.9521333333334,741.682,126.5,1002.1951219512196,953.0,381.03,2021,7100101.0,Wittenbergplatz,,
,,1338,1208,1054,25,47,83,927,24,538,22,605.3128371089537,572.0,177.29,509.44444444444446,506.0,74.57,624.5588235294117,628.0,93.81,674.9428571428572,664.0,124.38,742.1257499999998,717.0535,94.77,957.4264705882352,898.5,318.09,2021,7100102.0,Kalckreuthstraße,,
,,936,870,736,17,23,43,662,7,394,7,588.9516616314199,561.0,164.21,512.2307692307693,490.0,106.56,594.3076923076923,589.0,50.32,690.0833333333334,665.0,115.86,748.313,727.277,73.73,957.4848484848484,1005.0,260.3,2021,7100103.0,Frobenstraße,,
,,814,745,620,11,32,37,564,17,366,15,583.8049645390071,554.0,154.72,524.875,491.5,78.27,617.32,592.0,115.36,651.04,679.0,103.23,749.566294117647,724.25,113.43,827.2173913043479,784.0,355.6,2021,7100204.0,Barbarossaplatz,,
,,775,710,602,19,25,40,530,8,330,7,583.8396226415094,554.0,163.42,534.7692307692307,476.0,134.25,570.3076923076923,547.0,80.71,780.3333333333334,785.0,105.61,772.2457499999999,776.1615,97.29,1022.8484848484848,1033.0,268.38,2021,7100205.0,Alvenslebenstraße,,
,,892,807,705,15,39,46,646,12,398,11,602.8003095975232,558.0,183.39,479.1,494.5,62.04,625.4117647058823,608.0,156.97,754.8888888888889,701.0,207.0,774.3015833333333,732.865,146.26,842.4117647058823,853.0,314.03,2021,7100206.0,Großgörschenstraße,,
,,987,917,769,15,32,38,685,9,446,9,596.0496350364964,548.0,183.79,488.61538461538464,503.0,49.56,556.6363636363636,528.0,125.41,658.8260869565217,586.0,195.9,673.4250000000001,663.21,89.44,765.0,694.5,283.57,2021,7200307.0,Bayerischer Platz,,
,,1134,1029,879,24,37,67,785,17,566,15,550.203821656051,525.0,157.52,451.0,430.0,71.51,596.6666666666666,560.0,153.85,636.3478260869565,612.0,125.49,742.9624705882352,735.143,143.2,892.6326530612245,779.0,373.4,2021,7200308.0,Volkspark (Rudolph-Wilde-Park),,
,,1055,969,815,15,36,45,716,17,497,12,556.072625698324,517.0,171.71,402.6666666666667,393.0,52.03,557.6521739130435,532.0,151.33,648.5,634.5,155.13,774.2651176470589,724.056,162.7,974.4571428571428,1040.0,326.35,2021,7200409.0,Belziger Straße,,
,,849,786,674,20,36,27,615,13,457,11,512.7349593495935,461.0,198.46,345.2857142857143,345.0,89.55,519.8095238095239,506.0,189.54,627.5384615384615,642.5,117.45,730.5396153846153,697.903,115.16,686.5454545454545,555.5,413.01,2021,7200410.0,Feurigstraße,,
,,333,309,269,10,9,15,240,4,164,3,567.1458333333334,476.5,237.67,394.625,373.0,54.28,619.5,620.0,141.58,807.7142857142857,736.0,253.0,844.463,785.173,186.76,1096.4444444444443,1149.0,242.9,2021,7200411.0,Julius-Leber-Brücke,,
,,204,177,149,2,16,11,135,10,81,8,608.0222222222222,569.0,198.03,362.0,362.0,,685.4166666666666,668.5,157.43,723.0909090909091,696.0,160.87,805.858,752.4214999999999,149.35,909.5,616.5,496.7,2021,7200412.0,Schöneberger Linse,,
,,968,900,811,15,27,41,737,10,484,10,579.359565807327,530.0,186.7,457.3571428571428,467.0,102.45,552.2941176470588,529.0,124.0,695.7857142857143,631.0,269.34,675.4196,688.2765,126.79,865.1379310344828,751.0,340.95,2021,7200413.0,Cheruskerstraße,,
,,286,263,202,3,11,12,183,3,121,3,570.0,530.0,187.69,389.3333333333333,368.0,60.87,542.5,551.5,64.83,680.5714285714286,724.0,178.61,626.6586666666667,637.99,23.55,898.375,883.0,371.52,2021,7200414.0,Hohenfriedbergstraße,,
,,441,404,346,12,14,22,303,5,195,3,578.006600660066,552.0,193.43,497.1,485.5,107.63,590.0,550.0,105.79,725.0,702.5,82.35,1069.6065999999998,731.867,769.35,902.8125,725.0,398.57,2021,7300515.0,Taunusstraße,,
,,833,768,658,19,37,28,590,18,361,15,584.9711864406779,552.5,190.66,471.75,441.0,115.36,604.0434782608696,594.0,148.22,682.0833333333334,652.5,125.58,781.9222777777779,742.0035,180.35,1009.95,1032.0,282.71,2021,7300516.0,Odenwaldstraße,,
,,762,687,601,10,32,43,531,15,322,15,587.0207156308851,547.0,195.77,504.125,459.5,168.17,585.4285714285714,592.0,126.38,713.05,698.5,118.26,724.1234000000001,701.047,82.66,931.4545454545456,905.0,398.03,2021,7300517.0,Perelsplatz,,
,,760,702,567,8,18,40,518,7,334,7,587.6351351351351,559.0,169.05,536.6666666666666,490.0,140.0,596.8181818181819,554.0,106.62,670.5,645.0,101.67,725.6918571428571,710.257,72.49,1065.032258064516,1019.0,398.8,2021,7300618.0,Ceciliengärten,,
,,2042,1164,986,25,72,86,881,32,510,24,602.1850170261067,569.0,182.81,470.0,477.0,68.33,576.8723404255319,549.0,143.92,742.0952380952381,692.0,200.54,797.2155937499999,768.1614999999999,158.26,950.5573770491804,807.0,386.77,2021,7300619.0,Grazer Platz,,
,,2239,1427,1186,29,45,63,1088,20,637,17,603.1737132352941,562.0,207.13,484.0,474.0,132.58,604.7037037037037,568.0,136.62,738.16,703.0,208.05,799.91815,762.807,198.85,921.6111111111112,815.0,364.09,2021,7400720.0,Gontermannstraße,,
,,760,678,607,7,49,33,541,10,270,7,660.0573012939002,602.0,251.1,419.0,386.0,59.54,716.5263157894736,704.0,221.6,766.4375,741.5,138.75,801.3307000000001,762.7465,135.96,1039.608695652174,986.0,398.89,2021,7400721.0,Paradestraße,,
,,478,424,384,17,32,22,343,17,200,15,604.533527696793,573.0,180.01,522.25,543.0,84.68,728.2,733.0,246.18,682.8235294117648,679.0,113.64,800.8551176470589,811.923,96.92,875.8823529411765,668.0,424.43,2021,7400822.0,Lindenhofsiedlung,,
,,1011,956,786,20,24,31,716,5,461,5,571.8966480446927,534.0,190.07,510.1428571428572,569.0,146.24,534.6666666666666,523.0,123.2,700.25,691.0,154.68,651.2286,652.92,27.41,950.9545454545456,785.5,448.78,2021,7400823.0,Wittekindstraße,,
,,1056,993,846,22,25,38,769,1,504,0,541.927178153446,497.0,208.51,412.27777777777777,370.5,113.99,543.4444444444445,585.0,153.3,642.5714285714286,703.0,166.48,1139.823,1139.823,,1008.6206896551724,991.0,463.15,2021,7400824.0,Bosepark,,
,,692,644,534,15,16,32,486,2,314,2,575.5884773662551,536.0,187.15,444.26666666666665,425.0,71.4,557.125,569.0,78.48,795.25,781.5,121.13,757.024,757.024,52.41,799.7692307692307,757.0,321.98,2021,7400825.0,Friedrich-Karl-Straße,,
,,616,581,481,13,10,25,436,1,300,0,574.7362385321101,538.5,177.12,459.1111111111111,414.0,123.26,543.3333333333334,549.0,24.99,855.3333333333334,873.0,247.97,1058.98,1058.98,,1026.2083333333333,877.0,435.14,2021,7400826.0,Marienhöhe,,
,,2050,1614,1369,34,89,90,1231,47,739,37,580.5207148659626,548.0,205.88,430.44827586206895,420.0,107.4,638.21875,629.0,165.61,740.7213114754098,726.0,166.56,820.181595744681,780.784,160.22,925.646153846154,766.0,435.97,2021,7400927.0,Rathaus Tempelhof,,
,,452,409,333,8,18,25,310,7,183,4,598.0451612903225,575.0,152.97,527.2857142857143,462.0,157.03,676.2727272727273,597.0,255.77,682.5,626.0,186.08,859.8018571428572,877.306,186.82,1057.0,1145.0,385.62,2021,7400928.0,Germaniagarten,,
,,927,851,692,19,26,50,639,12,443,12,560.018779342723,527.0,189.71,433.9285714285714,387.5,114.3,630.8571428571429,611.0,123.47,742.9333333333333,722.0,155.25,741.0629166666668,772.24,94.33,834.6857142857143,749.0,341.28,2021,7501029.0,Ringstraße,,
,,1221,1171,1003,26,23,26,897,4,628,3,554.2976588628762,519.0,180.86,437.04545454545456,436.5,117.89,569.5,534.0,122.6,746.3333333333334,718.0,194.11,885.835,744.7284999999999,374.98,810.6842105263158,666.0,351.31,2021,7501030.0,Machonstraße,,
,,975,918,774,25,35,22,720,12,451,11,593.6569444444444,554.5,180.83,478.42105263157896,454.0,91.89,631.6666666666666,608.0,102.15,710.7777777777778,703.0,113.57,759.7279166666667,781.1265,104.86,953.0,767.0,464.14,2021,7501031.0,Eisenacher Straße,,
,,596,567,480,11,10,19,437,2,169,1,672.9725400457666,635.0,184.5,562.2222222222222,586.0,82.29,609.0,587.0,113.17,778.6666666666666,760.0,139.94,818.4069999999999,818.4069999999999,336.97,1080.3846153846157,774.0,476.65,2021,7501032.0,Imbrosweg,,
,,1492,1379,1211,29,60,50,1096,23,758,16,559.8704379562043,508.0,197.64,435.5,428.5,83.28,567.4333333333333,504.5,184.13,730.8275862068965,714.0,186.38,837.2947391304348,825.47,122.79,902.2777777777778,742.0,463.58,2021,7501133.0,Fritz-Werner-Straße,,
,,1117,1056,893,18,29,32,821,8,451,3,625.8855054811206,586.0,181.59,544.2666666666667,507.0,82.76,624.421052631579,577.0,135.01,841.8,845.0,128.3,925.420875,946.7215,123.66,865.1739130434783,718.0,380.19,2021,7501134.0,Hundsteinweg,,
,,289,274,216,7,7,8,194,3,113,2,604.7731958762887,578.0,157.89,458.3333333333333,426.5,112.12,807.25,653.0,433.68,699.0,632.0,214.5,953.7823333333332,890.87,158.64,1111.1666666666667,815.5,591.57,2021,7501135.0,Birnhornweg,,
,,1182,1136,915,22,16,30,810,3,448,3,630.5604938271605,579.5,199.33,472.95,482.0,80.51,567.7142857142857,563.0,101.5,831.875,852.5,194.95,772.4369999999999,755.544,59.18,951.6296296296296,839.0,343.46,2021,7601236.0,Marienfelder Allee Nordwest,,
,,426,410,346,7,5,11,315,1,189,0,616.1555555555556,552.0,206.62,446.1428571428572,396.0,106.84,697.5,728.5,125.99,1038.0,1038.0,,1274.214,1274.214,,721.8,693.0,363.27,2021,7601237.0,Kirchstraße,,
,,494,422,361,10,50,22,322,20,147,5,657.1055900621118,622.0,197.85,561.2857142857143,535.0,136.54,734.6538461538462,742.0,164.97,925.5151515151516,900.0,221.04,1001.7346,992.415,176.32,922.5,835.0,403.72,2021,7601238.0,Marienfelde Nordost,,
,,750,708,567,21,22,20,508,6,155,6,681.5472440944882,651.5,171.07,612.1428571428571,599.0,152.44,771.9230769230769,762.0,102.46,804.3846153846154,800.0,97.85,808.1523333333333,814.5495,61.88,832.5882352941177,820.0,192.29,2021,7601339.0,Tirschenreuther Ring West,,
,,935,879,742,19,28,28,677,7,293,4,669.8803545051699,624.0,207.07,582.5333333333333,578.0,94.93,689.9166666666666,677.0,116.26,822.2857142857143,789.5,154.7,930.0817142857144,890.253,105.22,854.3636363636364,797.0,240.39,2021,7601340.0,Tirschenreuther Ring Ost,,
,,497,439,381,5,37,21,340,17,118,0,691.1264705882353,655.0,219.63,434.4,450.0,140.69,869.9047619047619,841.0,198.84,982.55,942.5,154.65,1140.2437647058823,1086.14,190.7,937.0,890.0,249.48,2021,7601341.0,Diedersdorfer Weg,,
,,1100,1042,847,18,22,36,758,7,297,1,669.6517150395779,637.0,190.61,570.0625,563.0,93.88,756.1666666666666,748.0,154.65,864.625,882.0,171.63,1029.939142857143,976.777,207.83,1091.1052631578948,1108.0,341.49,2021,7601442.0,Kettinger Straße,,
,,924,880,733,24,19,25,635,4,281,2,653.6204724409449,637.0,201.34,533.25,505.0,123.11,779.5454545454545,819.0,129.44,886.2727272727273,827.0,201.02,980.73225,934.6515,176.86,968.1666666666666,914.5,310.71,2021,7601443.0,Töpchiner Weg,,
,,1194,1125,938,9,35,34,785,13,326,5,688.6853503184714,652.0,226.75,466.25,476.5,78.64,768.1428571428571,773.0,174.88,877.0,873.0,112.9,974.7683846153844,939.08,180.99,1030.7619047619048,895.0,387.55,2021,7601544.0,John-Locke-Straße,,
,,1062,999,823,20,27,35,681,4,309,1,666.1027900146843,648.0,239.16,565.9375,482.0,253.06,683.0625,682.0,110.46,952.5555555555557,907.0,119.39,1066.1125,1100.387,190.17,1086.8461538461538,926.0,406.78,2021,7601545.0,Nahariyastraße,,
,,560,527,450,13,15,18,392,3,98,0,752.8979591836735,723.5,207.91,634.8333333333334,681.5,169.14,1037.875,806.5,410.69,1178.6666666666667,1129.0,244.59,1472.523,1232.923,502.58,1136.25,1049.0,262.05,2021,7601546.0,Franziusweg,,
,,465,437,358,12,16,12,301,5,116,1,723.3421926910299,697.0,256.66,594.8888888888889,603.0,193.57,804.7272727272727,796.0,176.66,1009.75,974.0,161.01,1164.3758,1090.633,273.73,975.1428571428572,936.0,354.69,2021,7601547.0,Horstwalder Straße,,
,,280,270,219,8,6,4,182,0,78,0,705.8681318681319,639.0,223.04,576.1666666666666,545.5,112.96,770.0,772.5,50.21,789.0,789.0,,,,,998.0,998.0,131.52,2021,7601548.0,Wittelsbacherstraße,,
,,670,616,519,15,26,27,468,6,251,5,621.8119658119658,590.0,197.29,552.25,579.5,97.58,693.5882352941177,601.0,255.6,705.6,650.5,179.1,761.9681666666667,678.0735,212.86,1001.2272727272727,868.0,355.57,2021,8100101.0,Hasenheide,,
,,962,886,760,19,34,42,692,11,390,10,611.0505780346821,580.0,176.54,463.7142857142857,445.0,68.3,613.85,601.0,112.34,697.4,645.0,159.97,769.1645454545454,771.13,122.69,852.2285714285714,775.0,343.65,2021,8100102.0,Schillerpromenade Nord,,
,,741,683,578,15,32,26,527,11,308,11,599.7874762808349,563.0,183.65,457.8181818181818,483.0,73.26,519.3636363636364,525.0,44.82,591.1428571428571,567.0,107.65,684.9057272727273,696.853,84.1,997.8695652173913,1046.0,340.86,2021,8100103.0,Schillerpromenade Süd,,
,,799,750,655,14,28,21,593,8,356,6,594.8516020236087,552.0,199.11,399.9230769230769,394.0,88.0,531.0588235294117,484.0,173.55,560.0,518.5,125.78,932.801125,651.895,712.11,1041.3684210526317,1213.0,453.89,2021,8100104.0,Wartheplatz,,
,,1164,1115,952,35,30,19,837,13,549,11,563.8626045400239,520.0,187.2,438.625,430.0,71.16,551.4285714285714,505.0,123.12,571.2631578947369,538.0,166.76,717.2827692307692,716.394,159.43,830.1428571428571,641.5,336.35,2021,8100105.0,Silbersteinstraße,,
,,1220,1124,957,12,48,48,874,23,490,19,616.0572082379863,584.0,182.36,534.4545454545455,549.0,69.47,623.7631578947369,574.5,137.76,669.3414634146342,637.0,127.03,812.5638260869564,787.42,123.13,860.05,823.0,253.57,2021,8100206.0,Flughafenstraße,,
,,1033,960,780,19,33,40,704,13,351,12,637.9431818181819,601.0,189.82,591.9285714285714,580.5,195.01,554.4782608695652,545.0,75.29,610.15,575.0,102.67,741.6127692307691,717.33,128.97,864.6944444444445,813.0,383.15,2021,8100207.0,Rollberg,,
,,1347,1249,1051,25,43,55,929,8,573,6,552.97308934338,505.0,209.63,409.0,387.0,117.5,512.6666666666666,458.0,135.04,548.7142857142857,458.0,272.84,746.22775,691.3865000000001,131.7,810.4634146341464,529.0,423.86,2021,8100208.0,Körnerpark,,
,,1411,1293,1089,38,63,55,976,27,616,21,558.8258196721312,517.0,195.55,394.34615384615387,383.0,73.31,491.0487804878049,462.0,108.81,571.9772727272727,519.5,179.17,780.7094444444444,777.863,132.2,886.4186046511628,657.0,449.93,2021,8100209.0,Glasower Straße,,
,,688,626,526,10,25,37,463,2,312,2,567.658747300216,523.0,192.88,419.0,405.0,44.92,579.7857142857143,538.0,193.59,747.75,715.0,254.5,645.005,645.005,294.03,948.56,862.0,407.41,2021,8100310.0,Maybachufer,,
,,837,769,655,14,27,41,587,6,408,6,574.3543441226576,525.0,189.85,458.0,477.5,74.14,563.0,541.5,99.11,625.4615384615385,607.0,144.93,678.1471666666666,656.3385,120.97,763.9375,716.5,347.27,2021,8100311.0,Reuterplatz,,
,,1252,1139,954,15,50,63,845,9,458,9,619.5881656804734,588.0,165.07,472.7,485.5,77.9,535.7941176470588,556.5,131.14,667.4285714285714,680.0,119.51,697.6894444444445,668.16,124.03,943.0566037735848,914.0,293.49,2021,8100312.0,Weichselplatz,,
,,354,332,250,7,6,16,227,3,111,3,629.0440528634361,602.0,181.73,538.3333333333334,522.0,87.8,667.6666666666666,634.5,89.44,747.0,742.0,144.88,689.8723333333334,666.67,56.01,1227.142857142857,1164.5,365.75,2021,8100313.0,Bouchéstraße,,
,,1410,1334,1173,27,40,36,1045,9,650,8,598.8535885167464,564.0,182.82,440.4,464.0,105.03,583.0,535.0,184.6,647.4761904761905,624.0,142.51,698.7143333333333,691.33,173.37,882.7878787878788,830.0,330.35,2021,8100314.0,Donaustraße,,
,,713,661,563,21,18,34,503,6,273,4,629.7753479125248,586.0,186.53,509.3529411764706,510.0,70.27,547.0714285714286,540.5,61.32,642.7,655.5,107.33,959.5828333333332,780.3979999999999,457.16,1021.1666666666666,937.0,347.41,2021,8100415.0,Ganghoferstraße,,
,,727,684,576,14,28,15,521,6,289,6,603.898272552783,565.0,196.26,485.2857142857143,466.0,94.28,589.3636363636364,570.0,96.85,580.4736842105264,546.0,98.92,750.4971666666667,735.1949999999999,113.98,837.2,814.5,405.43,2021,8100416.0,Alt-Rixdorf,,
,,1356,1273,1112,42,34,49,977,10,542,7,595.806550665302,559.0,206.73,426.03225806451616,415.0,115.81,558.695652173913,502.0,202.3,622.96,534.0,275.44,794.4085000000001,769.167,95.54,892.6444444444444,717.0,445.14,2021,8100417.0,Braunschweiger Straße,,
,,1041,949,780,16,49,43,703,19,323,18,642.1806543385491,610.0,174.81,515.75,507.0,87.45,627.9736842105264,584.0,236.74,662.8,657.0,107.08,723.7642105263158,681.507,148.8,945.2777777777778,862.0,354.73,2021,8100418.0,Hertzbergplatz,,
,,865,807,669,21,29,29,618,9,264,8,648.5388349514564,622.0,165.24,523.7058823529412,543.0,117.7,607.1052631578947,584.0,78.58,687.3125,677.0,75.18,747.2150000000001,729.31,186.25,872.0833333333334,768.0,328.13,2021,8100419.0,Treptower Straße Nord,,
,,866,796,641,15,29,41,605,14,200,12,708.1537190082645,671.0,203.73,517.3846153846154,560.0,110.77,654.35,633.0,89.84,752.9444444444445,723.5,110.05,793.0555,800.2,95.37,891.3529411764706,805.5,275.33,2021,8100520.0,Weiße Siedlung,,
,,1482,1363,1152,21,57,62,1049,25,413,19,673.0209723546235,640.0,182.12,553.9411764705883,565.0,124.28,607.081081081081,592.0,124.87,730.4666666666667,691.0,186.08,810.9313999999999,798.73,135.37,936.72,891.5,330.74,2021,8100521.0,Schulenburgpark,,
,,817,728,589,17,38,51,533,14,303,11,608.8348968105066,576.0,203.34,443.2142857142857,435.0,93.18,525.0714285714286,513.5,84.53,594.1481481481482,542.0,144.11,786.6934285714286,781.7365,168.45,920.25,901.0,306.26,2021,8200622.0,Jahnstraße,,
,,921,845,744,18,26,50,685,6,369,6,623.0773722627737,582.0,180.35,550.2666666666667,503.0,179.12,567.8421052631579,554.0,105.86,615.9,584.0,124.69,666.6211666666667,639.137,145.65,845.4285714285714,716.0,340.98,2021,8200623.0,Park am Buschkrug,,
,,1213,1130,932,28,40,42,852,21,444,16,626.462441314554,592.0,182.87,477.7,483.5,79.84,622.28125,604.5,102.02,683.1142857142858,681.0,96.52,803.4911904761902,779.36,132.32,975.529411764706,991.5,317.3,2021,8200624.0,Tempelhofer Weg,,
,,363,345,281,8,7,11,254,4,62,4,720.2086614173228,679.5,218.39,597.0,591.0,143.99,592.6666666666666,647.0,131.23,714.2,653.0,210.52,752.8575000000001,754.0865,85.89,1111.571428571429,899.0,528.1,2021,8200725.0,Mohriner Allee Nord,,
,,693,653,547,16,13,27,498,4,285,3,619.2510040160643,580.0,177.04,487.6363636363636,456.0,92.39,568.3333333333334,560.0,127.57,723.0,668.0,115.17,830.125,849.065,79.1,1018.5833333333334,1049.5,480.62,2021,8200726.0,Hufeisensiedlung,,
,,1060,1003,873,21,26,31,779,1,421,0,621.6084724005135,584.0,183.38,466.75,460.0,69.8,640.9090909090909,575.0,179.41,800.625,776.0,227.35,931.946,931.946,,925.818181818182,830.0,377.84,2021,8200727.0,Parchimer Allee Süd,,
,,305,290,243,8,8,7,222,2,119,2,647.6846846846847,578.5,229.61,555.3333333333334,565.0,167.86,557.2,569.0,60.17,686.0,669.0,46.04,651.085,651.085,25.66,780.0,785.0,255.89,2021,8200728.0,Ortolanweg,,
,,321,300,258,7,5,16,234,3,49,1,769.9316239316239,718.5,229.8,619.8333333333334,600.0,167.34,809.0,809.0,,834.6666666666666,852.0,85.33,953.6826666666666,965.06,93.12,1035.6363636363635,1016.0,267.33,2021,8200729.0,Britzer Garten,,
,,519,486,417,17,19,14,369,3,180,3,647.4173441734417,604.0,208.67,488.0769230769231,493.0,76.29,590.4444444444445,549.0,147.29,853.5,849.0,115.69,814.9656666666666,781.237,59.71,786.8888888888889,682.0,259.04,2021,8200730.0,Handwerker-Siedlung,,
,,837,794,663,17,17,26,597,4,171,1,694.8358458961474,659.0,164.12,568.4615384615385,542.0,110.97,655.0,679.0,209.82,867.2222222222222,767.0,292.2,936.11575,922.403,190.7,866.55,767.5,304.89,2021,8200831.0,Buckow West,,
,,1358,1280,1051,30,32,46,944,12,297,7,693.9088983050848,659.0,172.36,580.4074074074074,576.0,85.92,720.8888888888889,681.0,164.63,862.35,840.0,111.5,905.489,879.2270000000001,94.46,976.7,864.5,318.5,2021,8200832.0,Buckow Mitte,,
,,883,822,689,22,29,32,611,7,232,3,697.4648117839607,651.0,198.75,533.8235294117648,525.0,60.22,594.8888888888889,611.0,118.47,920.3333333333334,894.0,158.98,931.879,906.064,84.87,888.5,769.5,344.21,2021,8200833.0,Buckow Ost,,
,,1955,1841,1499,29,65,48,1323,26,784,19,603.1919879062737,537.0,225.45,489.25,452.5,130.91,622.0555555555555,586.5,208.0,811.2352941176471,835.5,169.95,860.8605,823.2165,169.8,834.8857142857142,720.0,374.81,2021,8300934.0,Gropiusstadt Nord-West,,
,,1102,1056,841,16,22,22,745,2,423,0,636.4697986577181,572.0,226.57,453.0,457.5,69.37,733.1111111111111,783.0,200.02,838.2,895.0,236.52,918.932,918.932,14.7,1092.3157894736842,1150.0,426.91,2021,8300935.0,Gropiusstadt Süd-West,,
,,1338,1281,1012,26,35,22,901,15,497,11,636.2352941176471,581.0,199.72,512.2272727272727,484.5,137.24,676.6363636363636,636.0,150.42,854.1176470588235,840.0,173.71,860.8969333333334,817.743,127.9,992.0,1051.0,312.01,2021,8301036.0,Gropiusstadt Mitte,,
,,1470,1372,1116,37,51,47,995,14,573,9,622.2241206030151,566.0,200.65,479.9642857142857,466.5,80.88,643.4516129032259,571.0,196.55,827.8076923076923,827.5,178.19,953.9307857142855,866.9849999999999,291.24,915.5,840.5,312.72,2021,8301037.0,Gropiusstadt Süd-Ost,,
,,380,362,302,10,7,11,282,2,152,1,617.081560283688,582.5,183.37,432.8888888888889,452.0,78.25,786.75,765.5,189.53,754.0,742.0,81.66,910.185,910.185,50.83,940.0,833.5,418.31,2021,8401138.0,Goldhähnchenweg,,
,,1801,636,550,23,44,16,488,30,324,26,558.014344262295,501.0,210.91,456.1111111111111,434.5,62.95,536.2,498.0,124.92,738.2916666666666,727.5,127.27,801.1309333333335,808.715,87.09,667.9285714285714,525.5,345.02,2021,8401139.0,Vogelviertel Süd,,
,,222,209,180,3,6,7,161,0,112,0,546.1925465838509,475.0,215.52,380.0,380.0,,853.5,853.5,434.87,1010.5,1010.5,352.85,,,,991.7142857142856,1098.0,285.5,2021,8401140.0,Vogelviertel Nord,,
,,825,769,630,19,17,39,550,2,353,2,580.8309090909091,532.0,203.99,411.75,393.5,70.39,575.8,583.0,172.17,677.2,684.0,49.63,653.654,653.654,53.73,790.8260869565217,719.0,269.62,2021,8401241.0,Blumenviertel,,
,,765,715,607,11,18,31,525,2,260,1,625.5180952380953,601.0,190.89,500.22222222222223,431.0,205.63,551.8888888888889,542.0,117.39,789.2,766.0,133.51,1082.5465,1082.5465,681.71,946.681818181818,931.0,243.9,2021,8401242.0,Zittauer Straße,,
,,1218,1136,940,33,31,50,830,10,449,9,625.122891566265,583.0,214.39,524.5833333333334,509.0,134.46,600.6111111111111,608.0,113.02,721.3571428571429,738.5,109.61,760.77,764.915,81.23,888.3142857142857,815.0,374.21,2021,8401243.0,Alt-Rudow,,
,,835,788,676,24,24,23,579,7,290,5,640.4248704663213,600.0,220.5,571.1764705882352,549.0,174.07,586.9285714285714,612.0,99.75,927.3333333333334,822.0,343.32,831.8907142857142,804.98,160.48,870.0,772.0,389.78,2021,8401244.0,Waßmannsdorfer Chaussee,,
,,470,452,380,15,4,14,320,1,114,0,688.3875,647.0,195.95,585.75,620.5,141.29,752.0,741.5,116.95,824.5,824.5,85.56,904.42,904.42,,794.6666666666666,816.0,89.75,2021,8401245.0,Frauenviertel,,
,,738,710,582,17,14,13,497,3,202,2,671.4466800804829,638.0,212.33,585.8181818181819,614.0,180.35,637.2,616.5,155.46,812.8,798.0,162.88,856.5893333333333,832.46,230.16,941.2,890.0,250.12,2021,8401246.0,Waltersdorfer Chaussee Ost,,
,,1764,1613,1407,32,56,95,1294,17,535,12,669.29057187017,631.0,198.92,496.5769230769231,483.0,111.36,621.4285714285714,595.0,82.63,720.3666666666667,704.5,205.74,829.8308823529412,755.433,218.52,1001.4852941176472,898.5,363.76,2021,9100101.0,Alt-Treptow,,
,,501,462,390,9,12,23,355,3,56,2,741.7802816901409,713.0,176.91,712.6666666666666,721.5,73.78,764.0,743.0,154.09,757.0,830.0,125.72,1039.0293333333332,841.66,589.82,1145.0,1096.0,296.37,2021,9100202.0,Plänterwald West,,
,,975,900,738,13,36,39,674,18,110,17,732.8857566765579,703.0,169.49,614.2222222222222,609.0,150.38,666.5925925925926,654.0,80.52,751.88,671.0,252.32,764.5669444444443,755.5515,74.67,967.6666666666666,955.0,273.5,2021,9100203.0,Plänterwald Ost,,
,,1834,1736,1484,39,48,50,1365,12,598,9,652.8637362637363,623.0,171.52,576.8571428571429,579.0,138.44,623.0333333333333,601.0,93.25,684.59375,636.5,132.14,741.7061666666667,688.2665,139.9,811.1666666666666,760.5,309.53,2021,9100304.0,Baumschulenweg West,,
,,573,526,451,10,17,29,402,4,106,3,694.6890547263681,669.0,165.34,516.75,541.0,123.9,662.8181818181819,645.0,79.38,689.3636363636364,669.0,103.86,816.65075,836.2235000000001,152.18,800.8095238095239,767.0,175.08,2021,9100305.0,Baumschulenweg Ost,,
,,346,318,270,4,9,19,235,1,86,0,677.936170212766,649.0,208.28,546.6666666666666,494.0,109.0,660.5,660.5,17.68,808.5,808.5,103.94,902.723,902.723,,906.9285714285714,779.5,426.72,2021,9100306.0,Späthsfelde,,
,,1220,1161,942,24,20,39,873,4,480,3,616.4982817869416,581.0,201.22,487.8,464.5,119.14,713.7272727272727,660.0,205.36,718.3636363636364,683.0,183.14,850.3225,817.37,169.47,689.3428571428572,647.0,273.7,2021,9100407.0,Johannisthal West,,
,,1043,959,773,16,29,54,683,5,424,4,584.5988286969254,537.0,224.97,428.45454545454544,423.0,114.92,541.5,520.5,103.92,641.5,536.5,194.75,742.1634,764.72,151.63,646.9772727272727,675.0,198.45,2021,9100408.0,Johannisthal Ost,,
,,453,394,344,8,35,22,315,9,170,7,616.6825396825396,593.0,160.18,527.625,490.5,79.62,547.6470588235294,520.0,155.05,709.6111111111111,740.0,228.05,841.356,705.754,325.86,714.6666666666666,709.0,130.44,2021,9100409.0,Landschaftspark Adlershof,,
,,1129,1047,872,20,31,51,802,9,388,8,649.2319201995012,607.5,193.3,548.5555555555555,533.0,122.19,562.3125,567.5,129.14,744.8125,698.0,156.81,712.4798888888888,717.967,119.57,777.8571428571429,746.0,262.83,2021,9200510.0,Helmholtz-Kiez,,
,,1398,1309,1072,38,37,50,974,9,436,6,650.2197125256673,615.5,174.98,527.4848484848485,511.0,107.88,573.0416666666666,569.5,136.06,733.8421052631579,667.0,174.8,801.7696666666667,806.67,185.09,856.6666666666666,745.0,328.33,2021,9200511.0,Griechischer Park,,
,,480,435,369,5,15,30,334,6,97,4,696.2215568862275,661.0,192.75,599.75,574.0,184.0,701.8333333333334,691.0,72.31,843.8888888888889,827.0,127.69,855.3928333333333,834.947,120.48,1062.32,990.0,289.59,2021,9200512.0,Wuhlheide,,
,,1758,1653,1425,27,43,62,1287,12,709,11,611.8080808080808,575.0,194.41,510.2631578947368,486.0,136.62,519.4285714285714,511.0,86.3,702.1923076923077,628.0,234.14,738.9034166666667,736.6255000000001,169.35,821.1538461538462,781.0,321.31,2021,9200613.0,Bahnhof Schöneweide,,
,,537,518,435,11,10,9,404,6,132,5,685.289603960396,655.0,182.08,547.8888888888889,545.0,40.82,630.5714285714286,627.0,85.39,648.375,647.0,69.97,746.1885000000001,710.0635,137.24,893.8888888888889,921.0,211.0,2021,9200614.0,Oberspree,,
,,656,551,473,6,68,37,403,31,206,21,622.789081885856,598.0,194.02,565.6,496.0,235.42,624.1702127659574,588.0,152.67,709.24,670.0,143.87,826.0762580645157,736.45,207.81,880.36,854.0,258.62,2021,9200715.0,Wista,,
,,907,840,715,16,37,30,640,15,281,12,636.4375,620.5,183.43,504.0769230769231,482.0,85.99,614.952380952381,631.0,108.32,744.9583333333334,707.0,143.38,819.6890000000001,723.484,278.89,867.4090909090909,826.0,318.15,2021,9200716.0,Dörpfeldstraße West,,
,,1043,985,799,7,23,33,726,5,263,5,660.33608815427,645.5,172.09,511.6666666666667,506.5,87.97,713.0,672.0,219.99,878.7,810.0,250.73,787.9943999999999,807.793,73.4,838.6666666666666,712.0,289.8,2021,9200717.0,Dörpfeldstraße Ost,,
,,314,303,251,8,4,7,224,0,120,0,624.4017857142857,593.5,192.19,453.0,441.0,52.92,605.3333333333334,577.0,66.21,662.3333333333334,684.0,73.92,,,,947.6,1042.0,348.97,2021,9200818.0,Spindlersfeld,,
,,993,929,778,15,31,33,692,9,375,6,619.5751445086705,589.0,187.8,461.6666666666667,432.5,163.55,628.2631578947369,607.0,127.02,771.3529411764706,715.0,180.54,948.4144444444446,792.737,285.4,975.2272727272727,770.5,482.33,2021,9200819.0,Köllnische Vorstadt,,
,,1162,1102,900,16,18,42,794,7,327,3,655.9659949622167,648.5,199.24,542.5714285714286,563.5,127.0,605.1666666666666,577.5,140.3,891.0,876.0,229.3,1035.5722857142855,947.78,452.21,950.8571428571428,931.0,304.39,2021,9300920.0,Dorf Altglienicke,,
,,238,220,184,6,4,14,162,1,47,0,746.395061728395,726.5,217.42,573.0,591.0,159.76,620.5,620.5,119.5,904.0,904.0,74.95,1197.317,1197.317,,1005.25,980.5,247.25,2021,9300921.0,Preußen Siedlung,,
,,839,785,636,10,17,37,562,4,143,3,735.2206405693951,703.5,197.55,605.7777777777778,586.0,138.62,714.3333333333334,696.0,100.05,922.2,903.0,119.86,860.6592499999999,821.0935,136.06,952.9230769230768,843.0,292.45,2021,9300922.0,Kosmos Viertel,,
,,736,700,558,10,16,20,482,5,52,2,800.6742738589212,757.5,221.38,675.1111111111111,693.0,121.01,790.5714285714286,742.0,85.47,986.0,965.5,91.58,912.4298,932.126,75.75,1142.875,941.0,407.83,2021,9300923.0,Kölner Viertel,,
,,708,304,255,4,28,24,201,7,95,1,667.2885572139304,611.0,260.51,405.0,405.0,,914.0833333333334,895.5,209.49,996.9166666666666,985.0,99.56,1021.5437142857144,1033.92,130.45,963.6666666666666,812.0,409.56,2021,9301024.0,Falkenberg,,
,,1195,1108,915,20,43,44,777,16,316,5,691.1505791505791,647.0,227.8,544.9333333333333,564.0,123.25,780.85,728.0,183.54,1014.48,962.0,166.0,983.0138749999998,957.105,154.98,988.074074074074,923.0,405.02,2021,9301025.0,Alt-Bohnsdorf,,
,,944,871,747,22,22,51,647,7,242,5,690.9938176197836,657.0,206.79,647.6470588235294,642.0,127.18,814.1428571428571,779.5,214.52,790.0625,804.5,137.14,1001.736,850.487,322.08,1009.0,929.5,298.27,2021,9301126.0,Grünau,,
,,212,199,168,3,4,9,147,1,7,0,864.6326530612245,818.0,229.44,487.5,487.5,320.32,867.5,867.5,13.44,1070.0,1070.0,156.98,1117.8,1117.8,,965.6666666666666,849.5,545.17,2021,9301227.0,Karolinenhof,,
,,311,263,225,3,11,37,175,1,21,0,947.1542857142856,925.0,284.44,790.3333333333334,805.0,87.92,854.1666666666666,906.5,121.73,1208.0,1208.0,,1158.893,1158.893,,1077.35,950.0,379.58,2021,9301228.0,Schmöckwitz/Rauchfangswerder,,
,,1248,1176,971,26,28,43,859,5,258,3,709.1792782305006,674.0,203.47,592.8333333333334,586.5,109.91,738.9333333333333,711.0,157.11,748.0,746.0,89.05,1014.9252,888.33,241.52,1056.6538461538462,915.5,416.79,2021,9401329.0,Kietzer Feld/Nachtheide,,
,,149,140,124,5,1,8,103,0,7,0,790.8446601941747,755.0,160.48,661.0,661.0,,795.0,795.0,,817.0,817.0,,,,,985.1666666666666,928.5,242.12,2021,9401330.0,Wendenschloß,,
,,903,859,709,17,19,24,616,10,368,4,604.7012987012987,566.0,175.58,514.6,473.0,78.34,658.4285714285714,669.0,83.24,732.7333333333333,646.0,211.41,946.2206000000002,958.748,221.98,937.470588235294,747.0,414.05,2021,9401431.0,Allende I,,
,,187,178,154,2,4,5,133,0,64,0,629.1127819548872,607.0,215.64,491.0,491.0,29.7,598.0,598.0,,659.0,659.0,,,,,1013.8,847.0,453.3,2021,9401432.0,Siedlung Kämmereiheide,,
,,1013,621,531,15,13,25,474,7,223,1,631.4599156118144,616.5,205.35,559.3,615.5,134.75,885.8571428571429,771.0,260.0,938.8333333333334,911.5,202.01,1037.6672857142855,981.907,165.8,804.5714285714286,807.0,287.34,2021,9401433.0,Allende II,,
,,1061,983,843,19,28,50,756,13,480,5,583.1468253968254,543.0,184.65,499.8333333333333,488.0,132.56,634.3684210526316,560.0,195.98,686.2,607.0,216.81,980.789,1051.483,248.73,976.9032258064516,1128.0,393.17,2021,9401534.0,Altstadt Köpenick,,
,,607,567,467,15,7,33,394,5,119,0,767.9238578680203,730.0,257.55,600.7,532.0,187.81,747.6,759.0,158.79,1202.25,1207.0,83.4,1245.9854,1264.447,187.94,1019.8461538461538,952.0,404.84,2021,9401635.0,Müggelheim,,
,,729,695,581,12,8,26,493,1,183,0,690.0831643002028,642.0,242.93,607.7777777777778,610.0,98.02,773.5,778.5,67.07,735.5,735.5,58.69,1997.817,1997.817,,907.2857142857144,778.0,298.59,2021,9501736.0,Hirschgarten,,
,,1882,1802,1558,35,23,57,1293,2,619,0,633.1508120649652,617.0,215.94,565.7777777777778,576.0,113.97,636.0,577.0,194.31,901.7777777777778,887.0,101.7,922.692,922.692,30.41,905.9615384615385,891.5,294.85,2021,9501737.0,Alt-Friedrichshagen,,
,,1132,1043,885,27,21,68,710,2,325,0,695.3338028169014,620.5,276.51,614.8823529411765,608.0,195.95,785.2857142857143,765.0,138.02,1266.0,1266.0,,1589.275,1589.275,457.18,762.8529411764706,776.0,209.18,2021,9501838.0,Rahnsdorf,,
,,917,841,730,16,30,46,667,4,359,1,619.0194902548726,586.0,195.07,446.09090909090907,462.0,82.38,684.4545454545455,680.0,118.35,870.2352941176471,850.0,220.39,1116.93275,1108.5705,277.86,885.081081081081,736.0,364.12,2021,9501939.0,Bahnhofstraße,,
,,383,357,303,7,10,16,271,1,139,1,637.7785977859778,595.0,187.59,646.8,654.0,236.77,566.0,542.0,78.53,686.1666666666666,693.5,83.77,874.727,874.727,,916.0,603.0,545.48,2021,9501940.0,Güterbahnhof Köpenick,,
,,357,327,274,5,12,18,237,3,134,1,593.9915611814346,565.0,150.16,427.0,435.0,70.34,616.6666666666666,622.0,99.37,758.25,633.0,251.35,1032.452,901.746,287.48,753.6153846153846,595.0,451.74,2021,9501941.0,Friedrichshagener Straße,,
,,402,385,322,2,3,14,307,0,95,0,696.771986970684,662.0,187.01,700.5,700.5,57.28,712.5,712.5,45.96,956.5,956.5,391.03,,,,940.9090909090908,763.0,442.84,2021,9502042.0,Mittelheide,,
,,1189,1138,920,23,17,34,821,5,220,1,716.3154689403167,687.0,196.17,561.8421052631579,556.0,128.27,781.2857142857143,793.0,105.7,908.8,841.5,243.16,994.504,996.353,156.95,1094.4615384615386,1038.0,313.87,2021,9502043.0,Dammheide,,
,,810,767,647,20,19,24,593,9,234,5,671.035413153457,654.0,203.17,537.4705882352941,476.0,148.24,716.75,701.5,185.45,914.8333333333334,926.0,142.84,875.5306666666667,891.08,142.96,899.6666666666666,916.0,276.81,2021,10100101.0,Marzahn West,,
,,507,494,410,17,6,6,378,1,106,0,714.6507936507936,695.5,185.58,587.5882352941177,565.0,124.21,765.6666666666666,731.0,139.27,864.6666666666666,799.0,152.5,978.523,978.523,,841.5,841.5,178.9,2021,10100102.0,Rosenbecker Straße,,
,,1260,1189,967,17,39,31,879,11,227,5,721.1854379977246,678.0,213.7,574.0,541.0,149.1,759.375,735.5,145.01,857.7619047619048,828.0,177.05,969.379818181818,928.023,251.26,1044.2083333333333,972.0,286.47,2021,10100103.0,Wittenberger Straße,,
,,854,797,652,15,27,30,607,5,119,3,740.5980230642504,713.0,188.87,572.1666666666666,553.0,172.38,765.0,775.5,79.74,947.5454545454544,819.0,285.15,1087.7666000000002,815.926,383.08,948.9,820.0,313.18,2021,10100104.0,Golliner Straße,,
,,608,550,481,8,35,23,439,15,163,8,684.8337129840546,643.0,195.28,580.1666666666666,514.5,242.54,628.7391304347826,622.0,125.49,737.1363636363636,701.0,166.6,895.2639999999999,896.33,169.84,934.529411764706,722.0,429.73,2021,10100205.0,Gewerbegebiet Bitterfelder Straße,,
,,1363,1302,1042,28,28,33,948,8,341,5,673.8839662447257,647.0,175.08,564.88,543.0,84.99,749.8666666666667,649.0,287.7,792.8,777.5,185.09,972.342125,848.8935,321.77,870.9230769230769,810.5,295.74,2021,10100206.0,Wuhletalstraße,,
,,956,892,736,13,37,27,671,10,202,6,673.381520119225,654.0,170.82,622.4,603.5,143.65,734.8181818181819,709.0,149.97,842.6666666666666,763.0,236.65,890.2513000000001,817.5219999999999,178.23,948.0,890.0,278.5,2021,10100207.0,Ahrensfelder Berge,,
,,1401,1317,1111,22,31,53,1020,8,476,5,646.5441176470588,610.0,172.21,544.45,538.5,59.99,730.0,683.0,180.8,771.5,741.5,180.0,975.9165,868.9055000000001,376.04,807.4090909090909,699.5,298.63,2021,10100208.0,Bürgerpark,,
,,1014,967,791,17,18,29,726,10,244,9,666.7520661157025,649.0,178.39,588.7142857142857,599.5,85.23,647.7,659.5,66.8,711.2727272727273,686.0,98.22,776.7009999999999,758.8699999999999,93.03,756.4583333333334,730.0,172.58,2021,10100209.0,Lea-Grundig-Straße,,
,,1636,1561,1344,37,36,39,1211,19,710,12,604.9058629232039,566.0,184.05,497.3030303030303,504.0,105.37,581.3333333333334,543.0,145.31,666.5454545454545,651.0,168.43,819.4813157894737,832.083,135.27,850.1,675.5,405.81,2021,10100210.0,Marzahner Promenade,,
,,863,728,672,18,76,59,603,29,302,17,617.7960199004975,600.0,189.51,535.875,534.5,89.0,648.8076923076923,615.5,143.74,691.375,669.0,148.71,886.6153448275863,844.27,175.14,889.9782608695652,733.0,375.59,2021,10100311.0,Marzahner Chaussee,,
,,2204,2090,1715,42,51,63,1559,15,1012,12,577.5984605516356,535.0,184.02,487.2058823529412,470.0,93.05,573.5,553.0,103.16,729.76,708.0,182.52,783.1110000000001,798.837,113.89,779.8863636363636,661.5,372.94,2021,10100312.0,Springpfuhl,,
,,597,558,460,6,12,27,419,1,296,1,561.5226730310262,516.0,184.56,490.3333333333333,469.0,75.49,741.75,515.0,415.87,777.875,573.5,444.31,785.07,785.07,,791.8095238095239,640.0,369.0,2021,10100313.0,Alt-Marzahn,,
,,714,685,578,14,14,15,538,5,319,5,598.0408921933085,570.5,179.64,470.1428571428572,451.5,127.08,656.375,568.0,178.48,785.0,660.0,326.98,657.598,644.23,75.34,622.9230769230769,615.0,100.83,2021,10100314.0,Auersbergstraße,,
,,808,772,620,12,13,23,566,2,315,2,610.3586572438163,586.0,180.19,520.3636363636364,507.0,94.0,742.0,627.0,387.88,810.5,729.5,247.09,630.5315,630.5315,18.54,685.0714285714286,581.5,296.84,2021,10100315.0,Bärenstein,,
,,538,511,434,12,17,10,401,9,177,9,663.8603491271821,624.0,205.43,610.25,571.0,214.08,610.8,636.0,121.81,686.2222222222222,660.0,100.5,737.4659999999999,737.01,81.89,774.3333333333334,773.5,224.66,2021,10100316.0,Landsberger Tor,,
,,920,836,684,12,34,49,623,18,138,13,723.5425361155699,691.0,191.71,578.6666666666666,591.5,78.2,654.3333333333334,661.5,108.04,852.9375,794.5,268.37,889.9909444444445,841.0135,248.39,908.7894736842104,905.5,263.51,2021,10200417.0,Zossener Straße,,
,,610,567,457,11,16,27,403,4,135,2,698.7543424317618,667.0,206.14,608.5,591.5,147.69,639.0909090909091,668.0,103.51,816.1,798.5,188.53,909.4875,880.665,204.74,881.1052631578947,856.0,225.53,2021,10200418.0,Kyritzer Straße,,
,,414,391,309,5,10,13,280,4,87,3,723.9,677.0,200.44,625.0,598.0,100.26,685.0,684.0,58.51,746.8,764.0,96.89,794.3567499999999,817.2315,131.38,829.5,853.0,379.68,2021,10200419.0,Havelländer Ring,,
,,919,864,684,9,27,28,610,7,333,6,630.7,585.5,192.43,479.2857142857143,488.0,33.07,569.3846153846154,542.0,92.29,753.8,733.5,118.84,756.7068571428572,744.666,115.92,755.5,778.5,176.6,2021,10200420.0,Gut Hellersdorf,,
,,528,474,413,11,43,9,357,24,176,19,670.0112044817927,603.0,224.98,566.2,545.5,168.81,664.8666666666667,613.0,175.91,744.6857142857143,753.0,185.38,813.228125,799.433,116.87,842.0,901.0,294.96,2021,10200421.0,Helle Mitte,,
,,815,782,647,13,17,16,562,8,156,5,728.1779359430604,664.5,220.91,630.4166666666666,618.0,109.59,699.0,666.0,95.83,873.0909090909091,776.0,286.89,893.110875,814.322,213.56,847.4444444444445,917.0,214.81,2021,10200422.0,Hellersdorfer Promenade,,
,,699,658,532,13,16,25,467,4,68,3,769.8693790149892,721.0,212.03,605.8333333333334,622.0,87.53,794.1428571428571,820.0,147.2,886.4,931.0,98.73,900.97075,895.598,28.2,905.1111111111112,961.5,265.06,2021,10200423.0,Böhlener Straße,,
,,1218,1160,965,24,22,36,853,3,194,1,743.0703399765533,700.0,215.72,594.7142857142857,574.0,102.16,653.0909090909091,637.0,129.84,833.0,914.0,183.44,910.9486666666668,919.883,20.51,934.7647058823528,943.0,233.44,2021,10200524.0,Adele-Sandrock-Straße,,
,,590,566,446,9,12,12,386,4,101,4,725.9507772020726,676.0,209.39,582.75,562.5,58.28,750.25,681.0,224.06,833.8,748.0,249.04,795.83925,813.6185,64.79,912.0,963.5,160.23,2021,10200525.0,Schleipfuhl,,
,,689,629,500,10,30,30,458,9,189,6,676.8777292576419,628.5,209.3,552.25,544.0,82.23,606.0625,581.0,97.72,855.1428571428571,862.5,212.98,943.2984444444446,819.284,310.89,933.05,876.5,317.65,2021,10200526.0,Boulevard Kastanienallee,,
,,365,331,276,4,17,17,250,3,188,3,518.348,456.0,219.58,427.6666666666667,397.0,72.07,495.4285714285714,476.0,166.59,642.4285714285714,557.0,215.88,805.7096666666666,824.37,55.8,801.6923076923077,607.0,369.26,2021,10200627.0,Am Kienberg,,
,,849,814,680,10,17,18,591,5,364,2,616.3401015228426,543.0,227.6,515.0,473.5,180.04,532.0,517.0,67.45,769.1428571428571,802.0,126.27,954.7834,1025.09,206.53,802.6428571428571,776.5,231.57,2021,10200628.0,Neue Grottkauer Straße,,
,,1176,1124,960,26,26,26,837,6,566,4,575.7383512544803,519.0,216.42,470.9473684210527,461.0,91.74,620.0,595.0,108.81,926.5714285714286,807.0,221.08,796.7648333333333,767.6479999999999,101.98,675.3809523809524,613.0,267.49,2021,10200629.0,Teterower Ring,,
,,872,832,698,17,17,23,634,10,476,9,543.3769716088328,492.0,201.17,449.6923076923077,443.0,93.33,602.1111111111111,566.0,116.06,940.3333333333334,817.0,341.27,795.0950999999999,768.168,102.53,588.3,561.5,152.18,2021,10200630.0,Cecilienplatz,,
,,790,747,639,22,15,28,581,3,337,3,613.2839931153184,578.0,197.95,480.6470588235294,493.0,102.51,582.7142857142857,550.0,73.94,721.25,667.5,178.55,668.3536666666666,659.337,43.9,791.2727272727273,695.0,296.37,2021,10300731.0,Oberfeldstraße,,
,,1510,989,805,21,42,31,733,13,481,12,578.8649386084584,524.0,211.29,470.9375,438.5,126.87,675.8421052631579,660.0,217.03,744.3684210526316,727.0,127.49,805.4753076923078,721.367,278.56,642.44,602.0,204.79,2021,10300732.0,Buckower Ring,,
,,756,698,586,12,17,41,548,9,203,6,668.771897810219,641.0,198.09,561.0,570.0,83.57,720.5454545454545,678.0,167.13,772.3333333333334,730.0,146.91,847.372888888889,780.587,188.02,924.71875,899.0,347.09,2021,10300733.0,Alt-Biesdorf,,
,,974,921,781,22,19,34,700,6,139,2,735.2071428571429,712.5,199.58,609.3333333333334,623.5,94.51,782.3333333333334,707.5,369.82,964.8,925.0,193.88,960.9583333333334,939.518,176.66,1014.0,1004.5,208.7,2021,10300734.0,Biesdorf Süd,,
,,551,498,425,13,11,42,379,3,209,2,644.1609498680739,583.0,238.24,595.9,595.5,229.39,693.3333333333334,687.0,24.13,848.6666666666666,939.0,223.63,1034.6536666666668,893.867,337.82,821.7096774193549,719.0,240.75,2021,10400835.0,Kaulsdorf Nord,,
,,778,455,393,14,31,27,350,16,186,8,620.3971428571429,587.0,225.01,443.7272727272728,426.0,105.81,569.7272727272727,554.5,114.04,772.1739130434783,813.0,136.01,995.0979999999998,902.864,389.36,877.4,733.0,346.84,2021,10400836.0,Alt-Kaulsdorf,,
,,640,585,511,25,14,41,465,3,107,2,771.5247311827957,755.0,226.48,598.0416666666666,555.5,138.13,663.4,661.0,181.24,950.0,950.0,12.73,871.4893333333333,860.946,76.5,940.2105263157896,885.0,277.09,2021,10400837.0,Kaulsdorf Süd,,
,,727,684,564,16,18,25,494,8,63,4,788.7246963562753,745.5,209.78,638.4285714285714,633.5,222.1,740.7777777777778,765.0,94.22,1083.142857142857,989.0,274.58,997.142,904.3115,232.69,946.1764705882352,884.0,336.58,2021,10400938.0,Mahlsdorf Nord,,
,,480,453,387,10,10,17,335,2,92,1,734.6865671641791,694.0,199.1,637.4444444444445,607.0,188.75,601.4,545.0,120.86,1003.75,988.0,144.78,935.6685,935.6685,167.64,1060.2857142857142,1081.0,357.97,2021,10400939.0,Alt-Mahlsdorf,,
,,509,459,395,15,13,37,340,2,57,2,779.0441176470588,746.5,211.31,680.5384615384615,659.0,94.44,631.8,621.0,70.05,886.6666666666666,834.0,123.71,804.7065,804.7065,20.46,1004.1363636363636,1007.5,324.95,2021,10400940.0,Elsensee,,
,,596,576,487,12,3,17,440,1,37,0,831.9431818181819,809.0,198.93,699.3,704.0,140.83,802.0,802.0,9.9,884.0,884.0,,1099.743,1099.743,,1019.8888888888888,924.0,247.25,2021,10400941.0,Pilgramer Straße,,
,,393,359,299,10,14,20,270,2,98,0,696.7407407407408,669.5,231.88,512.4444444444445,484.0,122.38,775.1111111111111,708.0,260.7,869.6666666666666,771.0,321.56,1102.627,1102.627,166.76,911.1,894.5,331.56,2021,11100101.0,Dörfer Malchow-Wartenberg,,
,,258,247,198,5,4,7,179,0,66,0,688.6536312849162,667.0,248.35,375.75,388.0,75.52,,,,797.0,797.0,,,,,896.5,896.5,94.05,2021,11100102.0,Dorf Falkenberg,,
,,1120,1063,881,20,32,25,794,14,412,9,645.1889168765744,592.0,209.41,502.3529411764706,494.0,126.79,714.2941176470588,639.0,210.5,893.875,859.5,150.59,879.7389285714288,872.6614999999999,105.31,1025.071428571429,1046.0,196.81,2021,11100203.0,Falkenberg Ost,,
,,903,851,693,8,18,34,624,3,311,1,644.9070512820513,601.0,205.46,537.0,517.5,60.44,706.3846153846154,742.0,124.59,845.125,830.0,96.23,1155.1126666666669,1244.084,238.94,923.45,924.5,317.87,2021,11100204.0,Falkenberg West,,
,,776,747,611,13,16,13,537,6,230,3,670.6145251396648,635.0,212.43,576.3333333333334,545.5,132.82,687.5,576.5,270.52,943.25,934.5,201.96,1006.1596666666668,914.595,280.32,1059.7777777777778,1018.0,525.76,2021,11100205.0,Wartenberg Süd,,
,,1074,1033,826,20,21,20,738,5,298,3,668.2140921409214,652.5,211.02,567.1764705882352,568.0,144.19,695.4615384615385,719.0,184.25,845.9090909090909,816.0,129.29,918.926,871.376,91.38,966.75,1016.5,246.55,2021,11100206.0,Wartenberg Nord,,
,,1578,1503,1209,24,49,26,1106,16,294,10,706.6618444846293,673.5,186.76,619.5238095238095,639.0,69.8,723.7,702.5,198.46,896.5217391304348,901.0,149.09,909.7958125,872.908,171.1,865.4347826086956,840.0,201.92,2021,11100307.0,Zingster Straße Ost,,
,,1324,1260,1035,20,32,32,935,11,311,5,680.8363636363637,647.0,177.62,591.4117647058823,612.0,124.77,708.7777777777778,703.0,203.6,838.0769230769231,772.0,166.11,901.6263636363636,904.247,133.66,913.1304347826087,943.0,259.03,2021,11100308.0,Zingster Straße West,,
,,771,731,606,13,26,14,550,5,207,3,685.2945454545454,642.0,198.93,541.6666666666666,514.5,114.05,696.2666666666667,677.0,168.81,870.5714285714286,784.0,180.37,892.0899999999999,898.09,147.28,996.4,980.5,267.1,2021,11100309.0,Mühlengrund,,
,,1271,1202,990,21,34,35,886,14,358,11,658.3340857787811,637.5,191.82,491.57142857142856,490.5,67.42,725.6111111111111,711.5,73.98,816.0,768.0,176.16,821.8382857142858,805.9465,93.67,967.3703703703704,892.0,285.08,2021,11200410.0,Malchower Weg,,
,,1175,1098,935,16,51,24,840,23,386,17,633.5857142857143,622.0,219.8,599.25,574.0,119.47,667.2105263157895,634.5,139.89,787.03125,756.5,161.44,826.8990434782609,812.847,130.07,822.1764705882352,924.0,336.2,2021,11200411.0,Hauptstraße,,
,,689,641,550,14,24,24,501,17,214,15,670.3652694610779,630.0,201.98,568.1666666666666,565.5,87.91,606.3333333333334,589.0,102.27,766.7058823529412,715.0,206.35,758.6172352941178,716.663,115.33,920.9375,884.5,348.4,2021,11200512.0,Orankesee,,
,,993,928,746,12,37,28,666,17,320,15,643.6306306306307,607.0,208.37,509.09090909090907,495.0,92.16,659.68,624.0,183.4,745.48,718.0,174.17,808.6340588235296,779.937,243.55,946.6,805.0,347.87,2021,11200513.0,Große-Leege-Straße,,
,,2084,1968,1617,31,65,51,1488,28,680,22,651.0215053763441,617.0,187.33,502.8148148148149,494.0,95.96,649.4102564102565,616.0,166.23,775.939393939394,741.0,248.45,811.142,766.8050000000001,202.26,904.7560975609756,812.0,337.09,2021,11200514.0,Landsberger Allee,,
,,418,402,329,6,7,9,290,4,143,3,625.0758620689655,602.5,167.41,570.2,560.0,51.44,596.75,627.0,91.31,847.8,815.0,122.58,809.8534999999999,776.0585,101.86,769.75,654.0,359.08,2021,11200515.0,Weiße Taube,,
,,842,801,660,16,17,24,611,8,318,7,624.9198036006546,591.0,172.93,531.6153846153846,516.0,104.42,649.75,651.5,51.02,728.3333333333334,704.0,114.88,710.778875,683.233,97.58,1031.888888888889,938.5,404.58,2021,11300616.0,Hohenschönhausener Straße,,
,,855,794,668,21,39,22,631,15,269,12,649.2266244057053,628.0,165.62,551.5263157894736,554.0,121.44,720.7142857142857,662.0,175.91,795.3333333333334,762.0,186.37,810.5595333333333,815.383,110.37,951.8235294117648,959.0,244.14,2021,11300617.0,Fennpfuhlpark,,
,,584,549,474,7,20,15,436,4,245,3,616.9885321100918,571.0,180.61,575.8333333333334,581.5,40.0,615.6666666666666,585.0,116.65,660.5,618.5,128.1,792.5835,765.422,101.54,808.8333333333334,646.5,336.03,2021,11300618.0,Storkower Bogen,,
,,897,853,677,23,22,22,617,9,373,5,607.1815235008104,550.0,199.18,517.1052631578947,482.0,112.82,543.5,539.5,146.88,757.625,781.0,125.96,827.4206666666666,796.46,130.38,745.0769230769231,630.0,251.93,2021,11300619.0,Rudolf-Seiffert-Park,,
,,1537,1442,1196,24,43,52,1096,13,704,11,579.5383211678832,530.5,187.42,471.89473684210526,476.0,81.73,591.3636363636364,548.0,177.93,755.4666666666667,749.0,114.9,773.8666153846153,768.476,128.34,821.1041666666666,750.0,331.23,2021,11300620.0,Fennpfuhl Ost,,
,,1596,1084,942,27,173,49,861,98,386,78,635.6480836236934,624.0,206.31,536.0370370370371,522.0,110.67,627.5612244897959,626.5,142.06,759.4107142857143,740.5,165.98,827.6883775510205,795.473,169.6,1003.945945945946,1008.0,451.66,2021,11300721.0,Herzbergstraße,,
,,1714,1580,1400,48,89,45,1286,29,830,23,582.6158631415241,538.0,189.49,471.5681818181818,453.0,111.08,603.953488372093,543.0,178.62,659.3333333333334,646.0,179.9,791.2641379310344,769.626,130.14,920.1111111111112,670.0,408.75,2021,11300722.0,Rathaus Lichtenberg,,
,,289,231,200,4,46,12,182,29,115,23,599.6373626373627,515.5,233.6,470.6666666666667,443.0,58.62,631.3448275862069,523.0,218.29,802.6666666666666,772.0,210.19,837.8272068965516,796.666,187.5,752.6666666666666,596.0,407.19,2021,11300723.0,Bornitzstraße,,
,,509,470,396,6,22,17,355,7,214,4,605.0591549295775,566.0,204.31,560.0,531.5,106.74,622.3846153846154,549.0,183.08,747.4166666666666,732.0,160.57,900.2544285714287,883.614,214.85,970.7857142857144,733.5,481.78,2021,11300724.0,Roedeliusplatz,,
,,1357,893,744,26,37,44,671,11,404,8,603.9538002980626,555.0,205.73,433.0434782608696,448.0,87.84,632.7083333333334,599.5,137.26,861.3888888888889,815.0,298.61,837.9538181818181,843.356,104.4,881.2647058823529,688.5,464.19,2021,11300725.0,Nibelungenviertel,,
,,1594,1474,1262,32,60,60,1145,20,558,16,640.2663755458515,603.0,195.29,620.48,572.0,262.9,705.7666666666667,640.5,144.87,815.1428571428571,756.5,179.87,800.3293500000002,765.433,110.69,907.7045454545456,848.0,350.51,2021,11300826.0,Frankfurter Allee Süd,,
,,375,330,279,3,28,17,246,15,110,11,647.369918699187,620.0,216.97,615.0,615.0,,689.5555555555555,711.5,145.68,722.7777777777778,700.0,149.57,836.9584666666666,818.374,129.26,951.2,762.0,367.61,2021,11400927.0,Victoriastadt,,
,,240,210,184,2,11,19,156,3,54,3,669.3397435897435,672.0,230.51,530.5,530.5,255.27,661.8571428571429,748.0,233.36,796.6666666666666,843.0,81.99,767.6386666666667,753.71,84.74,1248.8333333333333,1288.0,389.51,2021,11400928.0,Nöldnerplatz,,
,,1415,1300,1068,22,59,55,957,24,356,21,676.9268547544409,663.0,217.79,663.75,640.0,235.08,681.6756756756756,697.0,150.08,790.8529411764706,810.0,175.81,853.6399166666666,837.447,131.43,1075.088888888889,1035.0,472.65,2021,11400929.0,Weitlingkiez,,
,,458,433,355,2,10,15,334,6,115,3,697.7814371257485,663.0,223.98,527.0,527.0,152.74,728.625,720.0,111.11,765.875,775.5,196.48,834.5831666666667,839.7950000000001,134.26,1107.0,1096.0,324.68,2021,11400930.0,Zachertstraße,,
,,900,840,698,14,23,37,642,11,216,8,679.4672897196261,646.5,202.57,640.0833333333334,614.0,114.97,710.7894736842105,712.0,106.88,787.4,803.5,119.47,844.7507272727274,859.89,100.55,1007.0769230769232,903.5,375.54,2021,11400931.0,Massower Straße,,
,,883,813,672,15,27,43,607,8,198,6,695.4382207578253,676.0,196.52,590.0,599.0,132.27,705.5,745.0,93.9,844.5,837.0,87.38,852.30875,836.7335,97.46,985.9,890.0,375.39,2021,11401032.0,Rosenfelder Ring,,
,,682,634,532,9,23,25,482,7,136,7,711.4917012448133,686.5,214.94,525.25,514.0,106.25,718.0,735.0,90.69,811.3636363636364,760.0,132.41,766.5085714285714,777.277,71.38,915.0588235294116,811.0,391.56,2021,11401033.0,Gensinger Straße,,
,,586,551,459,16,20,15,416,5,136,4,676.7379807692307,660.5,187.36,629.2307692307693,608.0,118.82,654.0,663.0,99.0,766.2222222222222,723.0,92.7,771.9116,728.487,98.63,1007.25,884.0,363.34,2021,11401034.0,Tierpark,,
,,1467,1401,1118,26,27,38,979,5,446,3,676.9836567926455,621.0,209.8,556.8636363636364,577.5,135.02,613.4615384615385,615.0,91.55,985.2,944.5,164.85,932.4952,891.04,91.43,988.6428571428572,932.0,349.11,2021,11401135.0,Dolgenseestraße,,
,,1234,1174,961,25,25,35,865,4,329,2,679.7364161849711,651.0,204.47,616.9130434782609,606.0,142.49,815.7777777777778,877.0,191.39,817.625,830.0,88.12,962.00475,872.575,211.26,914.4615384615385,878.5,258.26,2021,11401136.0,Volkradstraße,,
,,1274,1167,957,21,65,42,871,19,348,10,670.9368541905856,634.0,188.78,548.2105263157895,511.0,94.9,700.0263157894736,683.0,142.6,858.8518518518518,830.0,99.77,896.7775263157895,882.773,93.68,868.8387096774194,800.0,276.16,2021,11401137.0,Erieseering,,
,,505,435,374,6,26,44,330,7,117,0,703.3757575757576,673.5,206.63,776.5,776.5,137.89,823.0,834.0,178.82,866.6,831.5,140.23,1083.8287142857143,1073.35,122.56,1010.2413793103448,895.0,427.77,2021,11501238.0,Rummelsburg,,
,,890,831,681,21,18,41,574,2,320,1,623.595818815331,559.5,233.28,482.2142857142857,480.5,82.67,613.0833333333334,579.5,170.14,950.6666666666666,942.5,91.02,1009.7565,1009.7565,254.5,814.5384615384615,620.5,387.7,2021,11501339.0,Karlshorst West,,
,,988,929,784,21,21,37,698,8,298,4,688.5028653295129,641.5,241.65,568.3,561.5,143.23,688.8,684.0,141.26,920.75,916.0,153.8,933.8655,915.7485,132.73,934.818181818182,935.0,352.95,2021,11501340.0,Karlshorst Nord,,
,,599,547,453,12,21,31,396,2,186,1,653.1641414141415,620.5,224.43,503.1818181818182,435.0,176.71,525.9090909090909,505.0,132.67,808.25,775.0,131.26,2108.545,2108.545,1779.69,762.8235294117648,692.0,338.11,2021,11501341.0,Karlshorst Süd,,
,,1336,1219,973,28,47,70,874,13,380,11,653.974828375286,623.0,179.74,547.0,538.0,88.08,580.9629629629629,569.0,105.35,678.8260869565217,665.0,112.35,818.2795384615383,726.403,286.16,803.8518518518518,765.0,239.32,2021,12100101.0,Letteplatz,,
,,1122,1055,855,21,31,36,771,9,216,8,704.9909208819714,675.0,195.7,606.7894736842105,605.0,135.86,697.8823529411765,662.0,126.55,809.7333333333333,809.0,87.68,818.1891111111111,820.68,64.58,931.0714285714286,901.5,234.53,2021,12100102.0,Hausotterplatz,,
,,1025,984,825,14,17,24,740,1,278,1,676.8756756756757,641.0,189.98,533.0909090909091,545.0,90.01,722.1111111111111,720.0,119.99,744.3846153846154,721.0,164.22,826.473,826.473,,817.8888888888889,781.5,221.45,2021,12100103.0,Breitkopfbecken,,
,,1413,1314,1092,30,41,56,982,16,477,12,644.0773930753564,606.0,187.72,505.7307692307692,514.0,116.49,591.5384615384615,584.0,91.4,750.9310344827586,722.0,185.35,773.9936875,732.858,142.21,823.8648648648649,776.0,284.82,2021,12100204.0,Schäfersee,,
,,2209,2033,1694,49,85,91,1512,29,752,26,639.7579365079365,601.0,195.69,552.2051282051282,515.0,157.22,647.4468085106383,651.0,169.59,725.6190476190476,727.0,127.49,785.3744137931035,748.057,154.22,757.72,709.0,283.38,2021,12100205.0,Teichstraße,,
,,511,474,389,7,20,17,352,8,157,6,641.0738636363636,617.0,167.81,506.6666666666667,529.0,48.57,643.3333333333334,674.0,154.95,933.4545454545456,847.0,255.34,849.315,773.2665,209.44,860.5333333333333,828.0,206.65,2021,12100206.0,Humboldtstraße,,
,,471,444,368,9,11,16,336,6,176,5,633.0357142857143,591.5,187.31,516.1666666666666,521.5,83.91,693.8571428571429,646.0,165.7,771.7142857142857,724.0,112.61,806.585,795.5264999999999,114.0,779.5,721.0,204.06,2021,12200307.0,Reinickes Hof,,
,,708,662,534,7,13,33,486,4,177,2,687.3559670781893,652.0,194.22,588.5,553.5,221.97,695.6666666666666,677.5,79.46,786.75,797.0,81.84,856.4512500000001,869.3435,120.04,905.6153846153846,841.0,213.71,2021,12200308.0,Mellerbogen,,
,,1581,1476,1219,23,50,55,1111,28,458,26,647.1485148514852,625.0,167.06,550.9444444444445,515.0,87.07,628.6666666666666,603.0,106.82,723.6388888888889,686.0,145.87,771.8150714285717,701.4965,282.51,926.9111111111112,861.0,305.59,2021,12200309.0,Scharnweberstraße,,
,,939,890,724,12,16,33,658,4,292,4,656.9376899696049,620.0,187.63,508.3333333333333,504.0,113.5,704.25,733.0,113.95,721.1666666666666,707.5,165.33,756.0732499999999,752.9365,86.63,909.1935483870968,827.0,314.37,2021,12200310.0,Klixstraße,,
,,90,73,62,1,3,14,52,0,21,0,622.1153846153846,628.5,161.63,296.0,296.0,,633.0,633.0,,,,,,,,905.75,940.0,195.46,2021,12200411.0,Schumacher-Quartier,,
,,845,754,665,26,35,55,582,5,288,1,649.6735395189004,604.0,221.01,530.5238095238095,527.0,137.75,669.25,611.0,167.58,961.7,930.5,255.21,1083.7498,1049.79,253.51,961.3720930232558,877.0,296.58,2021,12200412.0,Waldidyll/Flughafensee,,
,,914,851,701,16,24,39,631,6,327,2,634.2060221870048,588.0,221.12,505.7857142857143,489.5,101.41,687.5333333333333,591.0,193.83,751.875,785.0,161.47,933.4111666666668,936.593,48.44,888.0,927.0,342.74,2021,12200413.0,Tegel Süd,,
,,276,246,211,7,19,11,182,8,41,3,769.4725274725274,731.0,245.84,699.0,676.0,224.14,802.0,764.0,187.22,854.8,872.0,115.43,1017.3445,945.975,154.3,934.7777777777778,894.0,365.45,2021,12200414.0,TXL,,
,,2296,2091,1849,51,56,67,1649,15,952,14,581.2365069739236,504.0,254.35,415.8780487804878,376.0,136.63,582.9230769230769,509.5,211.93,708.0384615384615,728.5,205.69,803.5144666666667,803.446,124.06,886.8076923076923,923.5,374.52,2021,12200515.0,Alt-Tegel,,
,,553,513,430,18,9,31,345,4,249,0,567.6492753623188,511.0,208.98,495.0,470.5,129.23,756.2,757.0,189.52,1186.6,959.0,451.43,1236.6945,1196.6005,181.97,802.4375,709.0,295.23,2021,12400616.0,Konradshöhe/Tegelort,,
,,542,511,429,14,10,21,370,3,42,0,810.0081081081081,756.0,213.92,651.4444444444445,662.0,93.61,812.0,796.0,77.84,1004.0,911.0,229.86,1251.4133333333334,1281.523,101.63,1150.1666666666667,1179.0,479.07,2021,12400617.0,Alt-Heiligensee,,
,,434,413,341,8,4,17,295,1,35,0,850.6745762711864,808.0,244.47,764.625,770.5,77.8,1106.0,1106.0,,1562.0,1562.0,,1110.833,1110.833,,1043.4,939.5,348.47,2021,12400618.0,Heiligensee Nord,,
,,732,683,573,26,19,30,492,2,112,0,762.030487804878,701.0,245.78,612.75,603.0,125.14,704.5555555555555,722.0,162.75,982.0,1024.0,192.13,1204.797,1204.797,134.04,1131.142857142857,1082.0,405.03,2021,12400619.0,Heiligensee,,
,,867,799,685,28,13,55,581,2,204,1,719.7177280550775,658.0,237.64,610.2173913043479,617.0,90.57,734.25,734.0,165.5,1174.6666666666667,1178.0,186.02,1107.418,1107.418,355.86,1057.6176470588234,938.0,414.73,2021,12400720.0,Frohnau West,,
,,839,775,666,15,15,49,540,2,268,1,667.7462962962964,601.5,275.02,582.7,602.0,158.09,845.3636363636364,809.0,202.0,1097.6,1131.0,81.02,900.49,900.49,21.55,1163.7142857142858,1153.0,309.54,2021,12400721.0,Frohnau Ost,,
,,1076,759,635,21,10,46,549,2,351,1,584.4936247723133,530.0,219.9,448.1764705882353,444.0,97.01,623.1666666666666,612.0,135.88,860.0,889.0,75.43,892.2,892.2,58.14,998.3333333333334,972.0,419.61,2021,12400722.0,Hermsdorf West,,
,,665,587,495,10,18,59,424,3,262,0,594.9551886792453,556.5,186.92,459.57142857142856,491.0,129.1,574.0769230769231,526.0,177.13,807.0,794.5,87.26,1239.4496666666666,1062.833,425.95,883.1702127659574,791.0,377.21,2021,12400723.0,Hermsdorf Ost/Waldsee,,
,,1166,1097,933,28,22,47,839,5,476,3,614.5041716328963,570.0,208.53,464.77777777777777,447.0,104.34,559.9166666666666,540.5,113.43,818.625,740.5,288.36,1123.0926,873.1,513.96,934.2702702702704,914.0,275.5,2021,12500824.0,Ziekowstraße/Freie Scholle,,
,,935,870,741,23,41,24,671,18,367,11,629.0312965722802,582.0,214.27,528.8888888888889,511.5,112.09,681.0,582.5,178.78,767.6190476190476,712.0,192.72,866.3503888888888,837.3865000000001,108.3,887.5,867.5,255.03,2021,12500825.0,Borsigwalde,,
,,1101,1032,905,25,32,37,774,10,475,9,576.342377260982,538.0,204.81,440.10526315789474,422.0,78.0,657.1428571428571,695.5,192.54,702.8461538461538,754.0,133.52,789.0181,777.3135,100.42,687.6071428571429,646.5,256.83,2021,12500926.0,Wittenau Süd,,
,,1395,882,758,24,24,42,669,12,325,10,657.6756352765321,606.0,218.86,483.0,486.0,106.56,640.7142857142857,676.0,129.08,823.25,834.5,268.94,827.2618333333334,772.8634999999999,138.09,870.1,785.0,270.39,2021,12500927.0,Wittenau Nord,,
,,565,525,451,12,14,26,404,4,242,2,605.5123762376238,566.5,206.57,506.1818181818182,483.0,88.18,619.0,586.5,119.71,784.0,745.0,147.78,831.9375,831.0799999999999,131.2,706.6842105263158,602.0,341.76,2021,12500928.0,Waidmannslust,,
,,453,404,350,10,12,37,304,1,73,0,749.8618421052631,691.0,238.54,696.2222222222222,693.0,180.53,719.4,696.0,142.32,,,,1061.65,1061.65,,990.3333333333334,954.0,281.02,2021,12500929.0,Lübars,,
,,2051,1956,1613,39,41,49,1452,17,680,15,663.689393939394,613.0,229.26,559.0,553.5,153.49,641.9,601.5,191.59,772.2857142857143,822.0,157.11,785.3249411764708,754.837,201.6,665.8636363636364,572.5,265.41,2021,12500930.0,Wittenau Mitte,,
,,478,445,379,10,8,25,341,4,172,3,648.524926686217,597.0,201.24,609.7142857142857,629.0,96.79,563.3333333333334,568.0,50.16,967.75,947.5,132.63,747.1745,667.312,201.93,775.7826086956521,748.0,149.79,2021,12601031.0,Lübarser Straße,,
,,841,791,630,11,19,31,577,6,248,4,670.7833622183709,621.0,208.92,599.2222222222222,514.0,142.92,616.9230769230769,630.0,64.45,677.4285714285714,693.0,80.85,838.0681666666668,729.885,211.34,884.8076923076923,759.0,304.62,2021,12601032.0,Rollbergesiedlung,,
,,1602,1535,1251,42,27,40,1104,11,227,7,768.75,731.0,208.06,636.25,656.0,101.28,816.0833333333334,768.0,243.0,925.5,921.5,75.08,848.6602727272729,838.86,113.0,869.8214285714286,839.0,255.34,2021,12601133.0,Treuenbrietzener Straße,,
,,2477,2283,1859,32,58,59,1631,30,442,15,741.3316983445739,702.0,220.87,606.1304347826087,591.0,169.7,745.5555555555555,758.0,184.25,854.88,863.0,137.26,892.3829333333337,901.6565,119.75,884.469387755102,877.0,244.13,2021,12601134.0,Märkisches Zentrum,,
,,1343,1275,1010,24,23,43,889,8,312,6,713.9403824521935,677.0,220.98,552.6842105263158,565.0,91.63,663.6428571428571,652.5,136.02,916.4545454545456,928.0,204.59,829.416625,811.3135,98.67,776.7666666666667,729.5,253.93,2021,12601235.0,Dannenwalder Weg,,
,,374,364,310,9,1,9,265,0,136,0,614.6716981132075,588.0,189.0,497.8,457.0,79.5,,,,,,,,,,672.5555555555555,597.0,170.98,2021,12601236.0,Schorfheidestraße,,
,,21831,18220,16301,418,1381,798,14580,857,9025,731,585.38,555.0,189.48,475.82,462.5,115.96,594.78,586.0,124.89,704.09,690.0,134.15,777.94,748.48,181.87,915.1,860.0,386.62,2021,,,110.0,Zentrum
,,12729,11602,10036,243,620,504,8943,265,5446,212,588.94,556.0,189.58,463.97,447.0,99.34,582.68,555.0,162.02,694.27,678.0,164.37,798.38,771.42,163.33,773.72,700.0,317.37,2021,,,120.0,Moabit
,,11179,10106,8375,193,372,445,7540,130,4304,109,604.88,568.0,204.38,481.41,467.0,131.19,565.12,553.0,136.59,696.51,681.0,126.02,793.52,753.77,211.77,902.47,759.0,400.16,2021,,,130.0,Gesundbrunnen
,,16124,13353,11152,314,430,498,10051,131,5937,120,593.12,560.0,191.97,466.89,460.0,92.67,571.27,553.0,140.41,716.97,710.0,153.06,777.67,773.46,126.31,882.29,845.5,349.43,2021,,,140.0,Wedding
,,6397,5830,4927,118,302,264,4434,118,3146,106,550.06,512.0,180.61,422.29,416.0,103.26,548.53,520.0,150.77,667.62,655.0,138.02,718.11,704.97,137.98,754.73,651.0,326.99,2021,,,210.0,Kreuzberg Nord
,,7498,6259,5444,143,347,329,4853,126,3217,102,567.01,533.0,180.93,462.97,446.0,109.71,566.78,545.0,152.63,721.32,691.0,153.71,793.34,751.11,230.07,771.79,658.0,362.42,2021,,,220.0,Kreuzberg Süd
,,6193,5653,4882,151,291,244,4281,72,3154,68,530.18,487.0,186.24,425.38,418.0,92.52,516.9,476.0,155.72,654.5,625.0,179.12,661.38,616.7,157.7,785.31,665.5,367.97,2021,,,230.0,Kreuzberg Ost
,,8482,7230,6261,157,333,256,5615,136,3941,119,547.49,512.0,186.13,432.22,430.0,103.58,539.61,524.0,148.11,661.93,630.0,187.74,740.52,683.57,316.46,954.36,900.0,440.87,2021,,,240.0,Friedrichshain West
,,8520,7695,6697,157,422,401,6004,120,3610,97,595.48,560.0,190.98,491.77,483.0,136.22,574.99,543.0,142.39,685.09,649.5,188.07,752.95,714.79,160.2,951.1,829.0,424.9,2021,,,250.0,Friedrichshain Ost
,,2772,2296,1927,49,110,97,1510,30,762,3,671.22,599.0,243.3,608.37,564.5,191.89,739.89,738.0,174.86,839.14,820.5,188.02,990.12,979.11,108.48,891.22,877.5,210.31,2021,,,310.0,Buch
,,4725,4421,3693,89,100,198,3207,25,1006,18,728.85,679.0,232.45,570.15,549.0,129.84,607.29,592.0,180.41,735.51,686.0,232.41,839.35,747.99,253.14,883.46,829.5,348.04,2021,,,320.0,Nördliches Pankow
,,3892,3687,3098,86,79,125,2681,25,1265,17,658.32,611.0,220.27,553.03,529.0,175.52,681.65,663.0,165.98,787.48,759.0,171.09,819.56,823.24,186.42,819.43,756.0,304.7,2021,,,330.0,Nördliches Weißensee
,,10288,9346,7926,185,279,355,7089,81,3107,60,667.37,629.0,215.23,525.81,521.0,120.21,628.77,605.0,178.6,764.6,701.5,209.06,807.14,742.28,192.84,838.45,738.0,379.65,2021,,,340.0,Südliches Pankow
,,6521,5574,4745,105,200,216,4307,69,2394,53,616.9,576.0,200.23,483.48,470.0,103.19,580.0,538.0,156.69,630.9,609.0,184.57,800.7,778.12,157.64,695.21,649.0,254.83,2021,,,350.0,Südliches Weißensee
,,10951,10141,8731,189,405,399,7856,151,3923,126,625.05,601.0,193.07,515.26,526.5,111.56,607.99,596.0,151.22,693.05,654.0,163.56,814.93,745.78,411.3,932.72,881.0,352.86,2021,,,360.0,Nördlicher Prenzlauer Berg
,,4558,4173,3606,63,164,219,3245,62,1895,54,594.07,570.0,188.83,504.9,495.0,118.76,568.51,559.0,157.7,661.61,638.0,201.88,743.94,742.49,137.63,948.6,908.0,389.3,2021,,,370.0,Südlicher Prenzlauer Berg
,,2954,2713,2240,62,106,124,2022,24,1077,19,619.88,581.0,210.62,495.96,462.5,133.43,634.31,603.0,200.86,818.68,773.0,227.92,837.24,789.72,183.3,759.88,690.0,293.6,2021,,,410.0,Charlottenburg Nord
,,6587,5361,4647,119,220,297,4114,96,1812,76,659.97,626.0,210.29,516.5,503.0,116.0,665.44,652.0,176.31,715.49,718.0,169.24,819.18,798.28,272.31,938.03,885.0,327.98,2021,,,420.0,Charlottenburg West
,,13524,12090,10262,294,555,627,9210,258,6121,216,565.31,526.0,193.96,430.62,418.0,99.48,573.94,542.0,152.1,663.07,646.0,159.1,756.69,719.25,210.48,819.98,752.0,337.95,2021,,,430.0,Charlottenburg Zentrum
,,6250,5548,4689,125,150,247,4245,55,1711,47,665.21,638.0,188.68,556.08,558.0,107.38,644.46,629.0,124.85,721.41,702.0,143.84,782.02,737.06,155.52,955.96,914.5,331.75,2021,,,440.0,Wilmersdorf Süd
,,16044,14229,12208,345,722,649,10830,394,6839,359,582.45,549.0,181.72,457.99,450.5,94.35,574.49,551.0,123.88,642.75,634.0,130.82,714.78,688.62,133.76,853.55,788.0,336.11,2021,,,450.0,Wilmersdorf Zentrum
,,15833,13918,11695,279,418,564,10257,158,5131,118,636.3,600.0,200.69,532.29,515.0,140.43,670.04,649.5,156.69,754.84,721.0,201.4,851.45,809.93,199.04,974.04,928.0,375.57,2021,,,510.0,Spandau Mitte / Nord
,,12000,11096,9198,220,403,494,7966,171,3532,110,658.81,625.0,206.77,549.88,538.0,125.46,687.42,675.0,161.44,784.45,753.0,202.58,895.12,849.83,210.2,949.85,894.0,352.03,2021,,,520.0,Wilhelmstadt / Staaken
,,4049,3702,3141,72,169,177,2812,77,1438,51,627.26,595.0,208.32,506.76,474.5,152.6,690.3,671.5,170.73,798.03,768.0,175.47,896.79,817.5,231.34,933.93,893.0,360.31,2021,,,530.0,Haselhorst / Siemensstadt
,,2088,1625,1382,43,36,129,1058,14,464,0,689.8,629.0,255.03,635.38,648.0,161.01,787.23,787.0,151.06,1126.89,1078.0,223.44,1213.87,1221.79,222.2,1053.6,980.0,327.83,2021,,,540.0,Gatow / Kladow
,,7868,7322,6171,156,220,325,5480,80,3215,72,589.93,560.0,185.92,475.17,467.0,105.3,594.19,554.0,139.73,752.06,743.0,146.15,797.57,786.58,142.19,924.07,774.0,431.54,2021,,,610.0,Steglitz
,,9660,8818,7376,234,194,330,6480,59,3172,42,639.38,604.0,194.47,524.99,522.0,110.73,673.47,652.0,157.91,771.74,746.5,173.19,867.74,831.1,210.95,813.94,742.5,285.53,2021,,,620.0,Lankwitz/Lichterfelde Ost
,,9042,7810,6614,165,222,305,5862,86,2609,50,669.05,622.0,218.53,522.83,508.0,150.93,683.6,646.0,185.31,768.59,719.0,197.85,893.6,872.27,169.82,861.34,754.0,342.94,2021,,,630.0,Zehlendorf Süd/Lichterfelde West
,,8279,7105,6144,192,233,380,5363,54,2187,32,683.6,638.0,226.48,557.71,546.5,118.64,693.59,670.0,174.27,837.63,799.0,242.93,932.11,859.05,243.73,866.92,791.0,318.1,2021,,,640.0,Zehlendorf Nord/Wannsee
,,6323,5805,4960,129,220,298,4451,98,2626,88,599.82,570.0,169.97,517.56,495.0,98.29,628.73,608.0,122.01,708.96,697.5,157.47,756.02,734.9,112.3,944.89,942.5,323.15,2021,,,710.0,Schöneberg Nord
,,5816,5350,4568,104,204,256,4096,83,2816,71,562.3,523.0,185.95,424.09,430.0,85.97,572.27,551.0,151.96,664.81,643.0,175.16,740.02,706.64,142.04,871.22,815.5,361.4,2021,,,720.0,Schöneberg Süd
,,4838,3725,3158,74,173,219,2823,77,1722,64,590.47,559.0,185.79,487.23,476.0,109.71,587.06,560.0,134.82,711.82,683.5,154.51,790.59,731.87,238.19,971.32,911.0,380.57,2021,,,730.0,Friedenau
,,9354,7726,6526,165,308,359,5920,110,3608,87,587.37,549.0,203.95,464.23,455.0,118.43,635.16,608.5,185.04,729.99,718.0,167.24,810.57,787.14,160.07,946.92,807.0,410.52,2021,,,740.0,Tempelhof
,,6617,6216,5269,135,190,207,4804,64,3013,48,587.3,549.0,189.26,469.78,465.0,106.21,609.64,569.5,162.4,748.77,722.0,164.54,823.63,807.56,155.72,898.73,749.0,418.12,2021,,,750.0,Mariendorf
,,9869,9274,7680,188,298,296,6706,90,2855,28,672.44,633.0,212.58,550.5,516.0,149.96,767.42,753.5,189.38,913.85,886.0,188.57,1029.76,992.9,224.94,965.85,892.5,337.13,2021,,,760.0,Marienfelde / Lichtenrade
,,20938,19409,16392,415,729,799,14743,238,8127,203,610.03,581.0,192.41,471.28,464.0,112.55,577.2,550.0,152.3,638.86,616.0,171.69,768.01,734.42,197.74,908.68,847.0,365.46,2021,,,810.0,Neukölln
,,9290,8676,7287,209,260,353,6578,81,2932,57,656.66,619.0,193.53,523.69,509.0,113.92,604.12,587.5,136.95,734.55,726.5,178.26,825.83,832.91,144.58,926.81,858.5,346.05,2021,,,820.0,Britz/Buckow
,,5865,5550,4468,108,173,139,3964,57,2277,39,621.73,563.0,214.37,486.27,467.5,110.41,651.28,614.5,191.99,827.02,841.0,174.81,885.77,827.98,195.73,931.52,925.5,361.16,2021,,,830.0,Gropiusstadt
,,7254,5777,4847,155,165,204,4232,57,2256,46,620.46,584.0,210.78,507.26,479.0,145.4,606.8,601.0,150.29,768.33,739.5,167.91,811.08,804.98,150.76,865.39,818.0,325.52,2021,,,840.0,Buckow Nord/Rudow
,,8709,8069,6799,155,262,370,6196,73,2565,57,659.27,633.0,194.15,534.67,510.5,134.63,630.92,618.5,124.72,709.16,681.5,190.96,804.66,763.05,209.8,850.98,767.5,328.11,2021,,,910.0,Treptow-Köpenick 1
,,9215,8570,7189,153,299,342,6486,102,3007,78,640.94,614.0,187.75,519.59,508.0,122.46,608.25,591.5,142.4,736.96,695.0,174.56,808.67,745.27,206.24,873.65,790.0,322.67,2021,,,920.0,Treptow-Köpenick 2
,,6345,5552,4588,94,163,278,3947,49,1250,19,722.56,691.0,229.73,599.7,622.0,143.21,777.5,740.0,186.51,951.18,929.0,161.31,992.22,951.41,232.65,998.45,910.0,349.35,2021,,,930.0,Treptow-Köpenick 3
,,5168,4524,3799,99,100,188,3335,40,1519,13,656.53,622.0,212.29,553.4,535.0,127.75,710.51,674.0,190.91,780.47,729.0,222.08,1019.52,1002.97,229.69,964.94,876.0,382.74,2021,,,940.0,Treptow-Köpenick 4
,,6991,6588,5573,127,124,279,4799,18,2074,4,662.86,629.0,220.58,566.63,556.0,146.4,697.54,688.0,150.07,851.47,787.0,216.95,1135.23,979.16,355.79,893.15,791.5,353.11,2021,,,950.0,Treptow-Köpenick 5
,,16133,15180,12660,298,459,492,11558,157,5243,104,645.49,617.0,192.78,540.89,528.0,126.06,674.93,649.0,184.12,765.41,735.0,206.75,863.98,829.73,205.88,847.45,748.0,332.95,2021,,,1010.0,Marzahn
,,10664,10028,8251,174,304,329,7311,109,3171,80,666.4,627.0,223.49,553.56,545.5,118.25,634.31,623.0,146.09,810.07,776.5,219.56,850.71,823.93,178.37,829.95,824.0,273.5,2021,,,1020.0,Hellersdorf
,,4030,3355,2811,77,93,134,2562,31,1160,23,648.62,620.0,211.42,528.72,519.0,119.06,698.65,663.0,244.0,778.0,740.5,158.94,834.46,752.93,228.4,830.71,748.0,309.72,2021,,,1030.0,Biesdorf
,,4281,3710,3162,105,100,206,2803,35,751,19,744.46,713.0,227.24,612.18,605.0,173.46,634.67,622.0,128.45,868.53,868.0,199.87,977.08,897.01,299.57,927.29,848.0,301.48,2021,,,1040.0,Kaulsdorf/Mahlsdorf
,,8197,7794,6358,133,212,191,5733,62,2227,34,675.81,644.0,202.88,556.51,555.0,123.63,713.05,704.0,196.84,876.99,852.0,156.27,928.28,881.33,168.01,940.93,943.0,282.69,2021,,,1110.0,Hohenschönhausen Nord
,,6630,6239,5167,100,218,171,4671,103,2101,83,648.68,621.0,198.15,529.85,526.0,97.76,659.83,632.0,147.17,780.73,745.0,193.81,806.98,779.94,166.76,907.1,824.0,329.48,2021,,,1120.0,Hohenschönhausen Süd
,,11774,10171,8619,234,568,362,7891,243,4416,190,611.98,575.0,193.94,514.76,497.5,142.83,633.94,614.0,162.53,761.21,737.0,184.62,816.48,789.86,153.33,900.42,782.0,388.63,2021,,,1130.0,Lichtenberg Nord
,,9514,8853,7283,155,318,341,6555,107,2444,78,680.78,652.0,206.54,594.88,598.0,145.77,694.6,702.0,136.93,812.18,818.0,148.18,852.68,837.15,120.04,995.36,901.5,373.9,2021,,,1140.0,Lichtenberg Mitte
,,2982,2742,2292,60,86,153,1998,19,921,6,665.31,624.5,232.27,536.28,497.0,147.35,664.58,656.0,189.26,881.31,860.0,138.05,1120.75,1010.5,563.25,893.71,828.5,390.92,2021,,,1150.0,Lichtenberg Süd
,,7616,7079,5828,149,241,294,5231,76,2260,64,657.9,626.0,190.33,545.96,529.0,127.49,634.44,626.0,140.77,751.56,728.0,164.1,799.76,749.8,176.52,812.42,771.0,261.7,2021,,,1210.0,Reinickendorf Ost
,,8120,7487,6333,152,227,323,5687,76,2732,57,634.28,610.0,218.81,499.04,484.0,149.65,655.31,612.0,167.99,760.6,734.0,179.91,843.57,808.02,222.79,907.52,869.0,308.67,2021,,,1220.0,Tegel
,,5708,5040,4254,140,98,308,3596,19,1523,3,687.79,639.0,250.34,571.39,562.0,141.49,718.33,732.0,194.48,1004.58,946.0,253.92,1144.21,1110.83,233.83,1008.66,948.0,397.89,2021,,,1240.0,Grüner Norden
,,7666,6766,5751,161,186,262,5113,67,2638,50,637.59,593.0,221.69,512.87,487.0,134.38,644.04,592.0,164.0,775.4,761.5,199.13,847.27,801.06,205.83,811.96,742.0,299.0,2021,,,1250.0,Wittenau/Borsigwalde
,,7115,6693,5439,128,136,207,4807,59,1537,35,720.53,684.0,218.02,599.49,605.0,125.73,709.04,691.0,180.03,865.28,878.0,156.43,860.33,838.86,134.65,835.75,786.0,249.1,2021,,,1260.0,Märkisches Viertel
11001.0,Tiergarten Süd,3852,3101,2899,36,272,138,2479,173,1209,135,647.0,606.0,241.06,537.94,555.5,159.28,625.6,616.0,137.19,750.2,712.0,182.32,817.15,786.12,150.49,804.92,775.0,259.76,2022,,,,
11002.0,Regierungsviertel,4649,4055,3855,36,416,173,3390,266,1542,235,650.65,618.0,211.62,531.84,527.0,119.4,600.65,600.0,125.21,743.75,725.5,150.47,792.25,761.33,173.77,860.93,792.0,303.5,2022,,,,
11003.0,Alexanderplatz,13751,11634,10915,106,831,398,9518,478,5249,411,619.76,577.0,225.06,481.71,477.0,115.71,557.49,549.0,127.54,708.8,682.0,150.55,760.05,723.89,166.6,922.94,814.5,406.5,2022,,,,
11004.0,Brunnenstraße Süd,2758,2478,2279,23,137,143,2013,60,1117,54,621.25,573.0,223.96,437.7,421.5,93.76,531.19,521.5,128.99,664.07,645.0,152.95,711.05,686.45,146.52,895.93,699.0,442.72,2022,,,,
12005.0,Moabit West,5685,5208,4737,64,210,265,4130,78,2029,68,638.87,605.0,221.25,478.32,447.0,142.93,610.7,587.5,180.29,716.73,701.0,154.74,771.9,717.15,225.87,768.54,676.0,334.87,2022,,,,
12006.0,Moabit Ost,9197,8502,7870,87,428,266,6891,224,3541,187,638.96,594.0,234.73,486.95,483.0,107.91,534.04,509.0,132.8,712.17,701.5,155.22,777.29,757.99,151.2,825.01,742.0,346.62,2022,,,,
13007.0,Osloer Straße,5403,4724,4266,58,184,233,3791,57,1550,44,675.81,639.0,223.94,525.65,511.0,154.45,594.55,579.0,114.33,742.35,738.0,115.87,783.79,735.68,172.9,998.04,919.0,402.66,2022,,,,
13008.0,Brunnenstraße Nord,6377,5806,5264,64,310,259,4653,90,2570,70,616.58,571.0,227.57,460.69,440.5,121.99,558.81,528.5,164.98,719.61,683.0,178.77,791.86,767.59,148.21,898.6,712.0,448.57,2022,,,,
14009.0,Parkviertel,8107,6298,5728,88,219,297,5116,92,2638,77,634.96,594.5,221.18,465.19,463.0,106.64,601.64,575.0,151.57,767.54,760.5,161.4,811.3,797.46,166.04,887.52,845.0,323.47,2022,,,,
14010.0,Wedding Zentrum,8292,7477,6755,116,267,311,6007,87,3298,74,623.65,576.0,223.9,468.6,452.0,104.78,593.5,550.0,159.11,756.58,732.0,178.0,776.49,756.46,159.63,906.05,876.5,375.83,2022,,,,
21001.0,Südliche  Friedrichstadt,6937,6288,5739,65,351,296,5059,148,3119,132,591.1,547.0,208.62,457.35,429.0,141.06,561.39,534.0,142.81,703.85,692.0,140.32,754.25,751.8,134.68,758.84,653.0,333.36,2022,,,,
22002.0,Tempelhofer Vorstadt,8084,6807,6295,95,434,379,5510,141,3176,128,610.45,564.0,223.66,451.07,438.0,101.59,565.91,532.0,153.79,711.24,701.0,145.42,769.4,758.52,137.54,839.57,713.0,394.12,2022,,,,
23003.0,Nördliche Luisenstadt,3427,3178,2961,31,128,121,2546,33,1760,24,560.58,506.0,215.59,411.48,411.0,100.33,564.1,511.0,198.64,699.48,652.5,244.84,768.84,733.35,173.54,903.6,810.0,423.82,2022,,,,
23004.0,Südliche Luisenstadt,3253,3007,2790,38,112,133,2394,13,1515,11,587.42,530.0,233.25,419.39,401.0,160.04,532.7,461.0,227.53,711.35,728.0,176.73,750.13,722.14,152.28,844.81,783.0,348.9,2022,,,,
24005.0,Karl-Marx-Allee Nord,3935,3165,2907,48,123,147,2547,50,1429,48,608.81,571.0,218.84,474.71,453.0,139.26,581.52,563.0,146.33,706.66,691.0,127.81,723.33,727.12,108.26,907.27,816.0,387.25,2022,,,,
24006.0,Karl-Marx-Allee Süd,5703,5278,4940,60,266,158,4300,131,2680,106,586.47,541.0,222.76,422.7,420.5,99.17,501.76,472.0,133.31,676.81,641.0,181.75,779.1,722.61,254.38,893.25,760.0,453.59,2022,,,,
25007.0,Frankfurter Allee Nord,3156,2855,2617,26,137,163,2296,36,1217,28,631.84,590.0,210.9,445.7,439.0,93.72,587.32,562.5,126.89,743.4,710.5,171.28,796.1,747.81,204.92,908.89,789.0,372.34,2022,,,,
25008.0,Frankfurter Allee Süd FK,6469,5941,5565,45,250,276,4828,63,2606,52,620.86,583.0,212.58,475.84,478.0,115.15,572.69,553.0,169.68,737.19,694.0,202.82,759.25,753.56,148.17,968.18,811.5,428.06,2022,,,,
31001.0,Buch,3190,2723,2418,27,114,122,1850,37,806,13,714.61,626.5,280.01,528.48,503.0,198.26,754.1,730.0,157.64,805.12,758.0,144.48,1009.06,970.95,197.35,920.96,911.0,246.0,2022,,,,
32002.0,Blankenfelde/Niederschönhausen,3041,2836,2545,44,59,145,2166,7,575,6,755.52,709.0,243.66,546.54,561.0,76.02,679.14,640.0,249.12,879.25,879.0,206.57,881.32,775.08,269.4,877.78,770.0,410.36,2022,,,,
32003.0,Buchholz,1858,1760,1588,26,40,58,1367,11,382,8,756.98,705.0,244.19,570.75,556.0,122.87,701.85,636.5,307.26,743.6,729.0,212.71,891.92,775.85,401.47,847.65,791.5,285.07,2022,,,,
33004.0,Karow,1881,1798,1616,30,35,48,1275,7,585,5,682.24,627.0,257.5,561.5,512.5,170.89,731.37,698.0,124.31,808.33,827.0,94.06,888.28,860.1,53.92,867.04,779.0,347.45,2022,,,,
33005.0,Blankenburg/Heinersdorf/Märchenland,2224,2046,1828,30,70,108,1627,20,598,11,704.11,647.0,233.2,581.46,546.0,158.54,602.37,594.0,231.09,820.5,763.5,217.58,922.82,882.72,218.38,846.37,751.0,311.41,2022,,,,
34006.0,Schönholz/Wilhelmsruh/Rosenthal,2063,1930,1713,26,54,78,1496,14,405,8,756.04,721.5,241.39,671.41,621.0,199.39,685.43,679.0,191.74,818.0,805.0,178.51,847.7,895.88,132.35,894.84,817.0,370.44,2022,,,,
34007.0,Pankow Zentrum,4539,3941,3586,38,116,172,3172,23,1429,13,679.56,627.0,249.01,494.23,500.0,106.3,610.96,569.0,201.23,787.16,746.0,242.61,884.23,866.02,190.15,876.56,756.0,407.79,2022,,,,
34008.0,Pankow Süd,3872,3614,3248,51,129,129,2922,46,1147,40,683.03,643.5,223.61,535.85,531.0,124.65,632.22,627.0,163.11,744.69,706.0,167.59,770.19,733.96,137.75,868.77,781.0,324.27,2022,,,,
35009.0,Weißensee,4399,3770,3376,40,137,232,3022,39,1507,31,640.44,601.0,220.85,493.03,503.5,106.54,567.61,550.5,118.77,671.58,616.5,189.97,791.49,751.13,232.63,738.64,648.0,320.82,2022,,,,
35010.0,Weißensee Ost,2508,2144,1948,32,84,63,1744,26,770,12,667.22,627.5,216.01,527.3,510.0,120.85,624.6,590.0,177.54,703.02,650.0,202.07,938.85,901.23,253.75,795.5,756.5,305.58,2022,,,,
36011.0,Prenzlauer Berg Nordwest,2760,2514,2316,20,128,117,2018,27,809,23,670.81,642.0,221.98,547.47,517.0,224.97,619.72,587.5,159.19,723.05,715.0,125.41,790.71,779.01,148.17,979.3,866.5,402.5,2022,,,,
36012.0,Prenzlauer Berg Nord,2722,2509,2287,30,117,96,2022,36,911,29,645.65,618.0,209.43,509.78,492.0,119.56,605.4,597.0,143.35,686.14,663.0,114.17,848.65,755.98,280.74,948.72,844.0,369.69,2022,,,,
36013.0,Helmholtzplatz,1541,1368,1241,13,75,98,1068,12,500,11,652.89,617.5,224.06,479.62,470.5,60.83,550.25,540.0,100.62,625.94,586.0,144.52,726.94,725.41,107.1,984.0,867.0,425.35,2022,,,,
36014.0,Prenzlauer Berg Ost,4476,4140,3802,52,166,168,3371,63,1479,53,656.72,625.0,204.96,517.98,525.0,118.35,627.39,612.5,116.25,721.99,702.0,126.84,783.4,760.39,164.17,866.2,811.5,301.53,2022,,,,
37015.0,Prenzlauer Berg Südwest,2540,2360,2195,20,82,97,1895,25,1014,24,622.79,583.0,229.06,427.82,417.0,83.13,576.62,540.0,144.18,649.31,629.5,173.03,731.28,720.79,94.28,893.87,749.0,379.51,2022,,,,
37016.0,Prenzlauer Berg Süd,2426,2185,1974,24,107,133,1740,40,865,35,639.38,602.0,217.84,492.76,520.0,90.4,613.95,586.5,136.31,719.14,699.5,135.76,750.72,701.94,171.42,876.92,777.0,333.29,2022,,,,
41001.0,Charlottenburg Nord,3085,2819,2546,39,108,154,2281,18,1153,13,645.91,598.0,229.1,473.55,451.0,137.82,631.75,563.0,259.03,767.24,737.0,247.77,842.48,789.82,159.96,791.93,724.0,317.07,2022,,,,
42002.0,Heerstraße,2569,2267,2126,35,77,120,1862,21,377,13,764.61,721.0,242.06,596.25,611.0,141.59,806.73,741.5,211.03,800.16,766.0,134.53,885.79,868.08,121.49,1056.41,986.0,359.82,2022,,,,
42003.0,Westend,4784,3913,3563,49,150,212,3117,55,1544,50,641.31,603.0,215.84,495.4,516.0,121.89,613.3,599.0,137.22,679.26,675.5,151.41,795.86,783.81,120.06,889.27,866.0,334.78,2022,,,,
43004.0,Schloss Charlottenburg,5620,4991,4570,58,192,221,3994,63,2405,52,589.77,546.0,221.13,429.48,423.5,100.0,548.36,525.0,151.47,688.15,675.0,177.2,774.67,762.28,148.9,770.79,687.5,371.29,2022,,,,
43005.0,Mierendorffplatz,1919,1762,1623,13,64,93,1453,15,838,10,607.71,570.0,187.49,429.75,410.5,97.78,595.0,537.0,233.1,690.29,657.0,153.72,827.32,774.69,213.1,769.36,719.0,275.31,2022,,,,
43006.0,Otto-Suhr-Allee/Kantstraße,7072,6378,5873,69,374,318,5128,169,3056,150,600.36,556.0,212.98,466.37,453.0,98.02,555.01,538.0,141.57,661.91,647.0,149.19,749.0,720.01,139.11,791.65,742.0,277.58,2022,,,,
44007.0,Grunewald,2741,2208,2032,34,87,173,1789,24,610,21,694.98,663.0,223.84,542.48,531.0,167.55,700.37,668.0,216.5,775.73,753.5,178.08,781.0,769.82,110.02,1010.68,1000.0,356.31,2022,,,,
44008.0,Schmargendorf,4071,3765,3409,49,115,191,3015,30,1278,28,661.37,629.0,197.13,511.05,500.0,116.21,652.41,624.0,141.37,770.1,780.0,155.5,765.95,742.87,115.17,935.18,887.0,342.02,2022,,,,
45009.0,Halensee,3676,3388,3135,28,123,164,2751,41,1566,33,612.49,573.0,204.73,449.38,433.0,117.1,575.44,547.0,135.43,677.34,639.5,196.65,753.93,676.72,192.54,862.33,768.0,343.89,2022,,,,
45010.0,Lietzenburger Straße,7853,7140,6644,108,441,271,5759,255,3305,233,611.9,573.0,211.65,440.95,429.0,105.77,558.14,549.0,143.68,676.95,656.0,147.65,728.41,708.48,135.12,767.29,673.0,299.09,2022,,,,
45011.0,Volkspark Wilmersdorf,6242,5367,4894,70,208,296,4301,92,2663,84,588.63,550.0,201.13,449.37,430.0,115.29,540.98,514.5,145.58,650.99,630.0,191.09,698.35,684.98,130.16,815.26,684.0,366.25,2022,,,,
51001.0,Hakenfelde,3920,3603,3269,39,115,136,2815,29,897,9,725.6,683.0,227.95,616.55,597.0,157.43,712.66,681.0,158.9,816.25,723.5,227.09,1006.85,962.85,173.92,1053.11,962.0,339.82,2022,,,,
51002.0,Falkenhagener Feld,6097,5278,4696,74,142,226,3940,34,1507,19,686.05,645.0,222.15,551.95,541.0,130.06,726.36,710.0,152.3,808.79,808.0,157.48,897.75,888.68,154.68,1046.91,979.5,359.88,2022,,,,
51003.0,Spandau Mitte,6741,5895,5424,78,241,270,4712,81,2522,56,625.76,585.0,225.32,488.98,467.0,111.69,620.68,591.0,209.32,699.45,639.0,209.77,861.94,782.29,308.94,932.88,858.0,390.6,2022,,,,
52004.0,Brunsbütteler Damm,2730,2531,2273,31,97,102,1840,37,520,16,742.28,707.0,250.11,628.39,636.0,162.48,752.63,760.0,172.12,893.77,878.0,155.12,973.21,938.29,192.65,1044.25,1060.0,393.58,2022,,,,
52005.0,Heerstraße,4254,3817,3415,58,237,200,2910,89,648,48,734.13,693.0,207.49,593.08,588.5,124.14,734.79,713.0,195.86,821.01,785.0,181.97,929.11,892.06,205.14,1065.25,975.5,405.37,2022,,,,
52006.0,Wilhelmstadt,5983,5561,5099,79,163,252,4406,46,2429,35,628.55,578.0,219.5,503.07,497.0,103.08,593.44,589.0,123.26,661.22,608.0,191.19,859.67,775.84,289.64,907.88,790.0,408.86,2022,,,,
53007.0,Haselhorst,2652,2449,2228,25,73,129,1923,20,750,12,673.18,659.0,224.19,584.89,555.5,257.77,764.98,728.0,212.78,862.51,804.0,244.91,936.38,844.41,259.27,985.19,896.0,337.77,2022,,,,
53008.0,Siemensstadt,1952,1722,1547,20,126,104,1379,61,712,34,643.89,591.0,229.99,451.36,427.0,81.04,635.82,609.5,164.06,809.68,825.0,139.59,927.6,895.34,152.63,822.49,730.0,300.38,2022,,,,
54009.0,Gatow/Kladow,2264,1749,1619,32,34,260,1197,7,513,1,715.46,636.0,296.85,593.32,552.0,170.94,808.64,811.0,235.25,1102.67,1192.0,206.06,1326.1,1197.64,471.7,982.19,978.5,339.63,2022,,,,
61001.0,Schloßstraße,3137,2853,2667,39,168,116,2339,55,1228,44,617.74,588.0,200.62,482.07,481.0,95.8,563.07,513.0,134.95,759.09,757.0,150.11,830.66,806.85,163.27,830.56,714.0,347.72,2022,,,,
61002.0,Albrechtstraße,5237,4893,4397,60,133,211,3800,23,2109,19,607.66,574.0,207.72,474.52,450.0,93.13,622.21,577.0,198.01,758.79,756.0,136.14,806.55,781.96,112.33,925.84,761.0,407.71,2022,,,,
62003.0,Lankwitz,5544,5014,4533,73,137,208,3976,36,1798,26,655.87,618.0,203.81,511.93,518.0,108.77,670.24,650.0,159.16,814.02,777.0,155.76,861.86,825.45,149.37,1078.11,908.5,456.2,2022,,,,
62004.0,Ostpreußendamm,4662,4139,3750,61,117,184,3200,32,1194,19,692.25,663.0,222.18,556.95,533.0,122.87,682.86,624.0,187.22,825.13,819.0,163.98,898.05,863.09,164.7,951.5,794.0,395.95,2022,,,,
63005.0,Teltower Damm,4205,3654,3343,43,71,198,2916,21,1034,11,719.08,679.5,248.5,532.28,505.0,139.02,649.75,606.0,217.13,753.16,740.5,192.14,927.64,879.6,165.14,939.42,817.0,418.78,2022,,,,
63006.0,Drakestraße,5666,4783,4319,66,159,255,3748,61,1688,40,670.6,619.0,222.41,525.38,505.0,115.5,659.16,616.0,206.42,759.67,726.5,179.01,880.91,848.91,161.0,941.34,817.5,424.22,2022,,,,
64007.0,Zehlendorf Südwest,4028,3369,3082,42,123,268,2553,12,891,4,734.71,672.0,263.41,605.17,619.0,138.1,821.98,754.5,271.71,904.04,998.5,208.74,963.62,1030.92,219.86,964.74,873.0,389.94,2022,,,,
64008.0,Zehlendorf Nord,4944,4254,3885,62,156,331,3423,42,1284,31,699.93,663.0,231.61,576.55,553.0,141.58,652.6,636.0,118.71,730.59,703.0,158.56,845.65,820.64,154.49,1004.34,857.5,459.04,2022,,,,
71001.0,Schöneberg Nordwest,4339,3962,3658,34,176,200,3197,72,1674,66,627.88,592.0,203.18,516.86,523.0,108.03,558.85,552.0,104.7,688.97,680.0,129.09,748.66,735.84,115.26,852.49,775.0,285.56,2022,,,,
71002.0,Schöneberg Nordost,2395,2171,1966,24,99,125,1734,31,952,29,625.85,581.0,214.44,494.76,505.0,89.37,576.41,548.0,99.39,711.44,680.0,173.61,760.52,769.73,97.88,865.61,866.0,306.97,2022,,,,
72003.0,Schöneberg Südwest,2211,2024,1830,34,68,119,1586,22,956,22,602.39,561.0,211.75,445.57,460.0,84.52,542.81,510.0,182.09,685.6,646.0,137.38,714.57,725.5,83.93,913.71,842.5,344.35,2022,,,,
72004.0,Schöneberg Südost,3912,3574,3296,33,169,169,2899,67,1804,53,591.46,544.0,221.3,481.52,463.0,135.16,541.12,524.5,141.02,711.61,684.0,155.16,812.91,763.56,213.08,964.8,954.0,390.09,2022,,,,
73005.0,Friedenau West,2240,2057,1859,23,80,102,1647,29,904,24,614.81,574.0,208.17,484.22,475.0,111.28,595.86,595.0,111.93,684.7,663.0,176.1,793.46,693.21,321.0,939.08,776.5,438.73,2022,,,,
73006.0,Friedenau Ost,2990,2013,1835,35,100,151,1574,38,855,31,621.5,581.5,205.81,480.36,481.0,79.11,602.14,590.0,108.22,708.04,700.0,112.77,782.57,772.2,117.59,888.84,796.0,389.78,2022,,,,
74007.0,Tempelhof Nord,3146,2269,2101,23,103,104,1899,25,979,18,647.13,590.0,244.46,484.84,455.0,133.81,602.09,598.0,130.04,715.31,681.5,151.07,800.06,766.18,168.11,888.25,817.0,381.61,2022,,,,
74008.0,Tempelhof Südwest,4057,3731,3392,51,140,186,3040,40,1737,32,601.5,565.0,218.33,464.64,479.0,105.9,563.17,517.0,146.34,697.18,704.0,148.52,787.04,776.38,174.53,870.17,731.0,401.48,2022,,,,
74009.0,Tempelhof Südost,2708,2222,2017,27,114,126,1789,45,965,37,620.5,577.0,231.73,496.09,450.0,143.67,603.19,552.0,191.02,698.89,699.0,117.73,798.55,735.83,163.76,970.28,881.0,432.57,2022,,,,
75010.0,Mariendorf Nord,4000,3744,3336,43,97,159,2989,32,1642,21,628.68,581.0,220.08,482.63,476.0,98.13,645.58,632.5,151.96,731.73,716.0,142.93,838.46,832.27,160.72,1008.52,837.5,462.24,2022,,,,
75011.0,Mariendorf Süd,3121,2924,2668,40,76,120,2382,23,1357,14,610.67,571.0,209.15,473.62,441.0,181.47,615.28,598.0,177.6,790.1,755.0,148.11,884.98,875.73,150.48,898.86,713.5,441.3,2022,,,,
76012.0,Marienfelde Nord,2184,2017,1781,28,71,96,1576,21,753,7,659.14,610.5,224.72,553.36,512.0,125.06,674.92,635.0,195.24,823.94,828.0,181.9,931.09,937.2,131.02,909.18,765.5,439.73,2022,,,,
76013.0,Marienfelde Süd,2280,2108,1882,28,83,89,1655,24,582,3,700.51,656.0,218.05,552.83,561.5,140.69,817.69,712.0,225.89,886.35,872.0,155.12,1071.53,1053.23,171.45,967.0,884.5,357.47,2022,,,,
76014.0,Lichtenrade Nord,2284,2142,1929,27,42,100,1636,7,561,1,710.86,671.0,235.04,525.35,522.0,141.57,776.36,715.0,193.13,863.84,850.0,120.76,1037.03,1046.66,133.51,1134.44,1110.0,434.96,2022,,,,
76015.0,Lichtenrade Süd,3858,3585,3212,68,85,187,2640,23,912,2,745.75,707.5,268.16,629.87,598.0,164.26,784.1,747.0,224.76,995.89,972.0,197.29,1122.25,1147.76,173.7,1195.62,1154.0,398.05,2022,,,,
81001.0,Schillerpromenade,4503,4123,3814,56,204,176,3380,34,1669,34,642.12,603.0,219.34,446.48,476.0,135.8,575.99,557.0,131.7,646.14,605.0,174.57,701.79,712.18,91.07,947.01,861.0,388.99,2022,,,,
81002.0,Neuköllner Mitte/Zentrum,5701,5211,4754,87,271,217,4189,103,2131,74,630.32,596.0,227.92,472.48,429.0,203.61,555.75,543.0,137.76,639.26,620.0,173.68,837.39,796.51,200.15,948.94,923.5,382.09,2022,,,,
81003.0,Reuterstraße,4834,4461,4126,48,169,204,3607,33,1880,26,637.53,594.0,211.59,506.44,490.5,128.44,573.49,561.0,115.33,706.77,684.0,137.01,813.32,737.61,282.07,907.72,837.0,361.07,2022,,,,
81004.0,Rixdorf,5009,4603,4194,54,204,202,3680,65,1559,55,663.1,636.0,217.4,518.19,512.0,129.42,604.08,579.0,150.88,657.69,653.5,125.54,798.48,765.08,152.2,932.18,893.0,347.97,2022,,,,
81005.0,Köllnische Heide,2601,2350,2115,18,114,136,1917,43,511,34,735.55,700.0,215.3,559.27,558.0,138.22,654.31,607.0,196.47,729.47,735.0,161.33,806.31,760.9,239.66,899.76,841.0,261.96,2022,,,,
82006.0,Britz Nord,3015,2786,2523,30,107,122,2243,34,1066,28,657.51,610.0,223.11,502.91,523.0,96.14,598.42,595.0,100.42,670.71,647.5,148.38,804.39,789.19,176.34,959.89,843.0,407.06,2022,,,,
82007.0,Britz,3442,3207,2958,60,109,125,2643,30,1073,17,680.78,640.0,219.62,541.44,497.0,191.52,630.76,628.0,130.34,784.92,760.0,160.5,944.88,868.88,244.12,1042.64,958.0,434.52,2022,,,,
82008.0,Buckow,3214,2997,2685,33,68,147,2389,17,635,7,729.67,688.0,213.82,581.48,581.0,81.2,723.56,671.0,183.89,944.12,896.0,207.74,1068.78,916.0,572.97,1075.68,985.0,397.99,2022,,,,
83009.0,Gropiusstadt West,3201,3045,2751,49,85,71,2407,18,1177,13,668.83,607.0,255.21,480.89,453.5,133.51,693.26,638.0,277.42,865.72,834.0,184.15,866.09,813.06,156.92,860.96,723.0,362.88,2022,,,,
83010.0,Gropiusstadt Ost,2778,2602,2343,36,104,71,2057,25,976,20,670.87,612.0,232.96,524.39,482.0,132.89,685.3,674.0,186.65,829.09,813.0,200.65,844.99,813.59,135.76,855.78,773.5,325.89,2022,,,,
84011.0,Buckow Nord,2163,1327,1188,23,65,51,1031,26,567,20,623.91,571.0,246.28,456.44,441.5,83.46,584.41,490.0,210.45,788.81,757.0,161.69,819.47,798.26,162.71,875.46,708.0,557.07,2022,,,,
84012.0,Rudow,5282,4892,4392,81,94,295,3775,22,1717,13,661.94,622.0,227.56,570.93,572.0,163.44,656.5,641.5,209.69,789.73,749.0,202.16,922.44,860.98,276.01,931.23,853.0,340.62,2022,,,,
91001.0,Alt-Treptow,1819,1676,1554,15,70,73,1356,21,444,18,702.89,662.0,219.77,647.69,615.0,202.8,694.72,693.5,100.59,785.1,760.0,143.49,799.76,758.8,169.64,949.35,860.5,296.99,2022,,,,
91002.0,Plänterwald,1650,1528,1379,21,62,56,1222,26,207,22,766.93,732.0,207.9,609.78,588.5,148.64,673.34,674.0,127.39,789.45,767.5,165.3,814.91,768.1,166.02,1009.73,956.0,350.1,2022,,,,
91003.0,Baumschulenweg,2878,2702,2432,28,77,99,2188,14,743,11,700.96,661.0,210.35,547.44,548.0,112.0,612.44,597.0,109.46,742.09,751.5,115.91,788.49,781.52,136.28,864.65,783.0,298.53,2022,,,,
91004.0,Johannisthal,2743,2564,2321,34,79,99,2047,10,1081,8,626.47,588.0,215.09,538.32,519.0,134.29,581.51,571.0,129.2,653.48,658.0,155.77,795.35,830.72,165.3,721.82,606.0,366.22,2022,,,,
92005.0,Oberschöneweide,3304,3051,2746,31,105,148,2474,26,859,20,696.97,659.0,212.17,530.65,509.5,118.04,673.8,620.5,228.98,731.9,695.0,158.75,810.99,762.13,213.04,861.53,788.0,328.58,2022,,,,
92006.0,Niederschöneweide,2571,2399,2202,33,73,99,1919,16,816,11,665.63,631.0,221.71,514.74,510.0,107.86,588.59,540.0,186.47,696.12,681.0,193.86,880.86,852.55,239.75,761.65,734.0,242.71,2022,,,,
92007.0,Adlershof,2734,2501,2244,30,121,112,1966,42,803,35,656.05,634.0,197.66,565.08,568.0,96.04,610.83,598.5,105.47,724.8,719.0,129.74,794.99,759.65,147.84,816.94,720.0,325.05,2022,,,,
92008.0,Köllnische Vorstadt/Spindlersfeld,1535,1428,1285,18,37,69,1096,3,540,1,643.17,604.0,205.86,502.29,471.0,117.89,585.24,553.0,98.42,821.06,727.0,344.56,950.61,981.72,294.65,916.89,854.0,316.99,2022,,,,
93009.0,Altglienicke,3080,2855,2523,35,80,145,2115,16,585,11,750.81,719.0,248.09,609.34,590.0,165.72,703.93,673.0,187.28,909.9,849.0,189.95,901.01,863.38,219.27,1025.49,995.0,317.6,2022,,,,
93010.0,Bohnsdorf,2060,1582,1398,26,88,81,1136,43,457,9,723.56,670.0,271.52,608.05,585.0,213.19,777.4,771.0,131.28,1015.51,971.0,176.46,1006.25,970.46,156.18,974.39,885.5,363.58,2022,,,,
93011.0,Grünau,1113,1031,938,13,25,57,773,6,272,3,702.4,659.0,224.68,602.82,601.0,54.37,831.93,825.0,208.55,888.0,825.5,201.19,903.08,898.28,124.62,1047.69,908.0,423.76,2022,,,,
93012.0,Schmöckwitz,559,488,438,6,10,61,362,1,34,0,952.84,908.0,298.43,861.0,860.5,392.54,1001.67,1040.5,147.87,1364.0,1364.0,114.55,1424.61,1424.61,,781.12,767.5,448.45,2022,,,,
94013.0,Köpenick Süd,1578,1484,1305,16,38,56,1090,11,306,5,724.92,693.5,220.14,602.77,608.0,129.25,712.53,722.0,120.13,834.5,735.5,275.41,1081.58,901.91,373.45,1074.46,1025.0,386.0,2022,,,,
94014.0,Allende-Viertel,2136,1711,1534,29,44,46,1279,14,614,5,642.52,608.0,209.82,501.86,481.0,91.09,793.77,721.0,242.3,880.73,803.5,251.75,1143.1,976.84,456.04,926.67,816.5,318.44,2022,,,,
94015.0,Altstadt Köpenick,1127,1062,960,14,32,32,802,5,478,3,600.71,563.0,214.83,436.18,455.0,107.04,570.45,522.5,182.27,641.4,633.0,151.14,1041.29,809.8,374.61,1011.73,1054.5,386.25,2022,,,,
94016.0,Müggelheim,722,632,562,16,17,73,456,2,115,0,818.27,779.5,278.72,549.8,537.0,164.03,706.7,659.5,154.85,958.0,958.0,,1192.97,1192.97,244.64,786.9,752.0,339.3,2022,,,,
95017.0,Friedrichshagen,2829,2679,2416,32,52,97,1925,9,782,4,685.73,652.0,240.71,547.86,544.5,180.37,670.03,643.0,146.54,978.11,852.0,284.12,960.62,911.48,187.4,909.12,787.0,340.25,2022,,,,
95018.0,Rahnsdorf,1319,1199,1085,15,35,85,824,3,292,0,758.66,687.5,289.6,574.2,482.0,271.12,736.29,740.0,147.16,1151.25,1143.5,73.04,1481.28,1276.24,534.31,804.48,741.0,345.59,2022,,,,
95019.0,Dammvorstadt,2019,1907,1774,13,37,75,1509,11,816,3,642.92,584.0,222.35,472.25,469.5,58.0,571.16,557.0,159.61,834.71,727.0,296.5,1023.78,1009.31,186.4,1000.5,867.0,465.16,2022,,,,
95020.0,Köpenick Nord,1697,1583,1424,22,43,71,1254,3,355,0,724.82,680.0,208.85,567.88,556.0,61.25,699.85,670.5,131.44,800.0,715.0,201.62,973.92,959.13,49.26,1012.43,847.5,440.1,2022,,,,
101001.0,Marzahn Nord,3388,3200,2858,37,97,91,2555,27,655,7,736.62,705.0,221.03,569.46,555.0,124.58,786.29,760.5,162.99,919.42,851.0,188.43,1000.78,973.63,190.22,1090.17,987.0,360.03,2022,,,,
101002.0,Marzahn Mitte,7799,7366,6627,104,223,208,5956,57,2250,41,674.92,639.0,206.49,535.6,528.0,125.53,677.77,669.5,147.98,770.86,734.0,185.95,855.73,803.94,152.14,915.5,786.5,368.59,2022,,,,
101003.0,Marzahn Süd,5899,5426,4902,87,235,236,4398,64,2304,49,629.33,591.0,213.13,520.66,485.0,163.87,621.41,602.0,163.61,737.76,697.0,207.71,821.29,766.46,177.5,856.12,690.0,429.23,2022,,,,
102004.0,Hellersdorf Nord,5378,5017,4455,60,196,163,3935,53,1236,29,721.88,672.0,224.5,563.49,551.0,109.25,679.73,656.0,168.07,803.58,746.0,202.48,926.27,882.32,203.3,920.26,860.0,311.96,2022,,,,
102005.0,Hellersdorf Ost,2618,2434,2161,37,99,85,1885,19,513,6,744.85,689.0,234.33,571.47,548.0,103.08,626.56,591.5,179.46,814.67,758.0,244.94,915.86,972.16,151.68,865.79,842.0,265.12,2022,,,,
102006.0,Hellersdorf Süd,3332,3119,2823,49,113,98,2501,21,1586,13,614.04,534.0,259.31,445.98,443.5,105.73,597.57,565.5,159.41,806.6,750.0,286.44,876.79,786.36,190.89,722.79,649.0,320.91,2022,,,,
103007.0,Biesdorf,4228,3572,3255,52,83,169,2947,32,1183,21,675.13,643.0,228.26,551.52,536.5,136.69,683.92,659.5,195.92,789.6,789.0,155.57,835.79,794.46,206.12,957.49,866.0,464.58,2022,,,,
104008.0,Kaulsdorf,2359,1918,1749,34,48,118,1536,4,578,1,699.27,657.5,234.2,580.97,559.0,125.23,652.53,666.0,150.0,858.29,819.0,248.23,1013.94,980.5,146.56,831.52,783.0,354.36,2022,,,,
104009.0,Mahlsdorf,2547,2329,2128,36,47,171,1848,10,252,4,813.08,774.0,232.22,683.36,646.0,186.46,777.88,729.0,201.59,937.77,931.0,173.41,1039.26,950.22,325.22,1004.25,933.0,325.09,2022,,,,
111001.0,"Malchow, Wartenberg und Falkenberg",814,740,647,8,31,43,589,3,193,1,730.62,698.0,250.68,554.14,559.0,141.24,811.33,795.5,266.2,866.83,845.5,124.28,942.63,980.37,68.94,862.32,807.5,377.77,2022,,,,
111002.0,Neu-Hohenschönhausen Nord,3770,3553,3136,34,120,97,2769,36,989,25,706.75,672.0,228.06,548.07,589.0,145.35,724.0,703.5,240.38,895.94,853.0,192.62,875.19,853.42,166.52,952.47,884.0,317.42,2022,,,,
111003.0,Neu-Hohenschönhausen Süd,3870,3637,3238,52,128,105,2885,40,702,23,733.48,692.0,211.06,605.36,591.5,115.51,699.66,677.5,225.08,920.55,862.0,252.34,927.2,883.24,138.64,904.7,864.5,281.24,2022,,,,
112004.0,Alt-Hohenschönhausen Nord,2433,2266,2023,24,79,87,1783,39,614,30,692.66,668.0,219.79,655.61,615.0,220.73,680.53,683.0,139.59,796.83,768.0,137.02,855.19,798.68,239.14,990.43,991.5,330.04,2022,,,,
112005.0,Alt-Hohenschönhausen Süd,4368,4100,3657,38,123,145,3288,47,1376,35,661.44,628.0,199.64,520.81,524.0,103.34,632.79,618.0,134.94,743.74,715.0,161.23,819.64,780.53,160.76,832.33,751.5,312.3,2022,,,,
113006.0,Fennpfuhl,5081,4824,4365,52,113,141,3946,40,1884,33,649.03,610.0,214.05,499.49,493.0,140.72,605.56,591.5,145.58,729.79,749.0,124.95,782.07,773.23,102.34,893.14,842.0,326.01,2022,,,,
113007.0,Alt-Lichtenberg,5970,4804,4444,69,381,174,3962,172,2170,129,618.51,574.0,216.26,461.62,448.0,106.78,608.19,563.0,205.71,745.42,741.0,179.93,829.83,794.27,167.57,982.24,888.0,404.95,2022,,,,
113008.0,Frankfurter Allee Süd,1700,1589,1469,18,52,59,1326,21,542,16,670.55,639.0,207.29,530.8,493.0,169.94,624.04,629.0,118.86,846.0,846.0,175.54,855.93,855.27,66.24,961.77,800.0,396.85,2022,,,,
114009.0,Neu-Lichtenberg,3499,3254,2964,44,117,128,2649,34,894,26,695.44,670.0,218.33,543.85,570.0,125.59,676.05,675.0,139.11,803.79,793.0,129.78,843.13,828.2,130.43,1001.77,894.0,416.55,2022,,,,
114010.0,Friedrichsfelde Nord,2255,2133,1933,33,54,68,1740,20,474,16,716.3,685.5,216.01,574.9,581.0,114.03,722.82,692.0,135.43,816.74,765.0,149.27,836.89,796.7,124.48,966.06,816.0,394.53,2022,,,,
114011.0,Friedrichsfelde Süd,3944,3730,3339,45,98,115,2970,36,1017,23,711.58,676.0,221.26,561.46,564.0,107.88,765.1,708.5,216.39,890.74,855.0,171.88,888.98,865.01,129.63,1043.44,863.5,418.69,2022,,,,
115012.0,Rummelsburger Bucht,563,497,463,6,35,31,411,10,129,1,713.64,695.0,231.06,504.67,445.0,151.58,788.63,747.0,177.24,939.52,913.0,261.88,1153.56,1070.63,283.12,864.21,825.0,286.49,2022,,,,
115013.0,Karlshorst,2644,2455,2229,33,69,119,1918,14,755,6,707.17,673.0,252.5,538.96,530.0,127.81,611.28,596.0,178.75,925.65,952.0,132.01,1059.07,909.18,464.08,885.47,932.0,361.06,2022,,,,
121001.0,Ost 1 - Reginhardstraße,3637,3419,3043,51,97,120,2689,24,863,15,707.56,668.0,224.08,530.98,517.0,120.73,712.38,670.5,171.34,846.52,817.0,233.05,900.38,824.75,216.48,911.09,830.0,342.58,2022,,,,
121002.0,Ost 2 - Alt-Reinickendorf,4362,4021,3656,55,147,193,3250,53,1444,40,665.92,620.0,224.17,510.79,508.0,102.16,635.98,612.0,163.02,787.25,779.5,168.21,820.59,793.68,160.61,857.61,771.0,341.52,2022,,,,
122003.0,West 4 - Auguste-Viktoria-Allee,3779,3527,3202,32,115,135,2901,47,1150,41,681.58,639.0,213.97,573.16,562.0,179.25,600.66,606.0,117.88,725.43,694.0,112.18,777.45,747.78,141.81,855.22,833.5,288.27,2022,,,,
122004.0,West 1 - Tegel-Süd/Flughafensee,2637,2407,2196,35,91,139,1958,33,675,13,738.16,696.0,268.19,553.37,491.0,237.33,718.79,699.0,216.98,839.69,825.0,161.81,929.18,920.23,138.7,922.69,871.0,341.1,2022,,,,
122005.0,West 5 - Tegel,2599,2384,2226,43,81,82,1934,25,1024,9,613.93,565.0,267.23,430.5,399.5,127.55,632.53,506.5,257.18,920.87,894.0,278.84,948.96,957.05,128.05,832.61,802.0,393.03,2022,,,,
124006.0,West 2 - Heiligensee/Konradshöhe,2512,2303,2073,37,46,162,1758,8,428,0,782.35,738.0,270.43,613.62,609.0,179.9,871.88,888.0,218.39,1036.87,1012.0,253.14,1199.83,1149.65,130.09,1033.31,899.0,379.77,2022,,,,
124007.0,Nord 1 - Frohnau/Hermsdorf,3666,3023,2745,58,85,284,2289,15,1006,4,704.33,635.0,291.27,589.05,529.0,211.43,610.58,592.0,138.66,960.54,930.0,196.12,1062.31,950.62,340.62,1022.32,1038.0,407.99,2022,,,,
125008.0,West 3 - Borsigwalde/Freie Scholle,2187,2025,1835,31,104,58,1614,30,768,21,670.97,614.0,235.85,475.41,470.5,98.62,627.38,584.0,157.95,757.02,717.0,194.67,858.47,836.98,155.91,917.84,860.0,274.51,2022,,,,
125009.0,Nord 2 - Waidmannslust/Wittenau/Lübars,5798,5034,4592,91,132,188,4039,44,1786,38,676.55,629.0,248.82,519.71,490.0,121.32,620.42,604.0,164.81,785.65,733.0,207.86,813.83,786.48,147.32,833.43,758.0,377.41,2022,,,,
126010.0,Rollbergesiedlung,1339,1233,1112,10,46,60,974,11,380,7,702.0,650.0,236.57,610.67,598.0,170.04,648.61,634.5,83.84,787.5,764.5,165.5,858.68,852.03,176.97,795.38,774.5,218.62,2022,,,,
126011.0,MV Nord,4404,4124,3686,52,148,80,3206,68,630,38,790.76,752.5,241.12,648.86,638.0,174.79,713.31,715.0,171.18,892.37,898.0,194.07,911.77,883.02,179.81,856.53,813.0,289.16,2022,,,,
126012.0,MV Süd,1700,1615,1447,25,36,49,1248,10,398,7,743.02,703.0,254.76,565.1,566.0,104.19,604.68,582.0,116.67,970.07,910.0,224.36,877.79,835.41,175.1,876.23,698.5,373.98,2022,,,,
,,712,452,414,6,51,18,351,38,174,32,633.6410256410256,602.0,219.09,732.0,608.5,285.31,597.2558139534884,588.0,107.31,711.5238095238095,673.0,165.54,794.9666578947366,748.6500000000001,214.73,676.1538461538462,675.0,217.54,2022,1100101.0,Stülerstraße,,
,,1598,1379,1326,14,152,65,1137,99,529,74,671.6218117854002,620.0,261.14,574.3076923076923,585.0,89.74,625.6638655462185,620.0,136.12,773.8859649122807,735.0,201.46,829.1045959595962,797.887,130.63,775.0754716981132,771.0,249.17,2022,1100102.0,Großer Tiergarten,,
,,1097,871,796,12,45,33,686,28,365,24,615.5393586005831,587.5,217.22,448.1818181818182,458.0,114.54,644.6944444444445,616.5,184.39,702.3823529411765,699.5,137.39,789.7297142857142,773.102,109.51,899.4615384615385,809.5,318.3,2022,1100103.0,Lützowstraße,,
,,445,399,363,4,24,22,305,8,141,5,641.3737704918033,608.0,229.18,472.5,498.0,116.64,658.3125,647.0,74.93,784.625,746.0,131.1,870.4625,849.7470000000001,129.06,851.8235294117648,842.0,163.14,2022,1100104.0,Körnerstraße,,
,,924,798,754,4,91,35,661,50,286,48,655.7518910741301,625.0,208.86,640.0,593.0,165.14,599.8055555555555,612.0,111.0,717.6447368421053,731.0,137.29,776.3467800000002,778.415,86.99,851.75,788.0,270.12,2022,1100205.0,Wilhelmstraße,,
,,2322,2029,1976,16,212,78,1732,143,771,124,655.492494226328,624.0,218.26,523.6923076923077,528.0,105.79,612.8934911242603,607.0,138.81,766.1497005988024,742.0,167.86,812.9947482517482,769.113,207.77,848.9074074074074,810.0,248.43,2022,1100206.0,Unter den Linden,,
,,1403,1228,1125,16,113,60,997,73,485,63,638.8665997993982,605.0,201.23,508.5,509.5,109.64,578.3444444444444,561.0,105.55,724.4615384615385,701.0,119.18,762.5143424657537,748.04,137.56,879.8260869565217,742.5,375.77,2022,1100207.0,Leipziger Straße,,
,,2175,1219,1148,7,140,67,1006,89,561,66,614.3836978131212,573.0,233.16,500.2,474.0,184.86,575.3207547169811,544.5,133.8,733.3818181818182,715.5,156.46,802.2081573033706,779.303,146.55,915.3725490196078,818.0,403.29,2022,1100308.0,Charitéviertel,,
,,2230,1814,1702,16,188,89,1482,99,712,89,643.1093117408907,608.5,222.93,501.0,511.0,136.09,585.4609929078014,591.0,101.98,713.0215827338129,674.0,153.42,751.5197979797979,710.807,164.3,999.0655737704918,997.0,446.82,2022,1100309.0,Oranienburger Straße,,
,,5080,4711,4507,43,259,110,3873,175,2060,149,626.1704105344694,586.0,230.81,443.75,461.0,123.64,555.6632124352332,545.0,113.86,721.8112244897959,702.5,147.2,766.3860857142852,729.307,171.75,969.9102564102564,938.0,386.2,2022,1100310.0,Alexanderplatzviertel,,
,,1712,1558,1434,15,103,51,1261,53,748,51,604.3116574147502,551.0,228.71,531.9090909090909,517.0,109.7,487.0422535211268,422.0,177.69,686.0384615384615,659.5,153.96,694.1467735849055,680.1,104.77,849.3421052631579,677.0,409.57,2022,1100311.0,Karl-Marx-Allee,,
,,1296,1170,1068,11,78,48,953,41,561,36,612.1678908709339,572.0,200.93,501.5,482.5,52.31,567.2678571428571,547.0,117.91,679.8363636363637,671.0,125.06,782.6541219512196,740.82,205.28,839.7941176470588,773.0,408.38,2022,1100312.0,Heine-Viertel West,,
,,1258,1162,1056,14,63,33,943,21,607,20,590.7550371155885,536.0,208.74,491.8333333333333,483.0,55.99,529.7027027027027,513.0,115.32,647.025,619.5,146.07,691.0889047619048,638.92,198.86,834.6153846153846,799.5,343.27,2022,1100313.0,Heine-Viertel Ost,,
,,541,483,427,5,38,20,387,21,201,18,635.7519379844962,584.0,232.78,459.0,429.0,106.08,518.3793103448276,504.0,114.29,699.4193548387096,678.0,115.06,729.3942857142857,684.716,137.74,993.5625,748.0,547.49,2022,1100414.0,Nordbahnhof,,
,,1233,1116,1035,12,63,54,914,28,546,25,608.1903719912473,560.5,215.34,450.44444444444446,450.0,100.12,541.0816326530612,550.0,136.63,677.9333333333333,632.0,158.34,696.700142857143,686.447,168.75,877.0,722.0,384.95,2022,1100415.0,Invalidenstraße,,
,,984,879,817,6,36,69,712,11,370,11,630.1320224719101,588.0,229.28,400.8333333333333,407.0,77.38,526.8461538461538,519.0,132.97,589.304347826087,569.0,167.39,712.5329090909091,753.363,102.75,869.1428571428571,646.0,448.53,2022,1100416.0,Arkonaplatz,,
,,899,776,716,5,59,63,637,31,320,27,648.8084772370487,600.0,228.19,465.75,476.5,70.84,613.0,583.0,229.78,689.2325581395348,687.0,131.05,807.6824516129032,724.31,319.95,723.5116279069767,661.0,326.34,2022,1200517.0,Huttenkiez,,
,,728,669,600,8,26,33,524,11,266,10,629.3396946564885,593.5,204.16,525.2857142857143,523.0,101.56,602.8666666666667,595.0,173.88,712.8,686.0,114.23,706.3509090909091,670.33,86.71,756.0,677.0,259.04,2022,1200518.0,Beusselkiez,,
,,1003,911,827,14,40,52,714,11,307,11,668.1610644257703,628.5,221.92,457.09090909090907,437.0,55.61,624.3636363636364,618.5,145.69,761.5416666666666,762.0,150.67,715.7371818181817,688.357,61.27,850.78125,702.0,369.81,2022,1200519.0,Emdener Straße,,
,,1080,991,917,10,43,45,799,13,363,10,657.3116395494368,617.0,224.65,577.7142857142857,571.0,138.28,620.695652173913,585.0,171.77,795.8,759.0,185.68,813.1138461538461,843.414,148.92,823.0833333333334,735.5,334.89,2022,1200520.0,Bremer Straße,,
,,572,538,479,8,7,27,417,3,212,3,629.7218225419664,595.0,236.32,424.8,419.0,76.27,560.6,558.0,115.28,605.2,639.0,72.08,702.0219999999999,712.017,139.59,714.8235294117648,603.0,366.11,2022,1200521.0,Zwinglistraße,,
,,1403,1323,1198,19,35,45,1039,9,561,7,606.924927815207,580.0,211.65,448.75,397.5,206.03,595.7647058823529,597.0,131.96,673.85,647.0,179.21,761.1271111111112,716.994,187.07,725.5151515151515,594.0,347.87,2022,1200522.0,Elberfelder Straße,,
,,1438,1348,1219,10,40,50,1088,14,518,12,663.0955882352941,612.5,231.03,493.75,482.5,110.51,553.0,545.5,83.53,698.551724137931,646.0,124.53,715.9770714285715,648.498,147.91,1022.7692307692308,1045.0,381.84,2022,1200623.0,Stephankiez,,
,,750,657,591,8,58,35,512,33,283,26,621.275390625,579.5,224.25,467.4,439.0,136.99,561.6938775510204,542.0,109.78,711.7906976744187,692.0,133.35,786.2724848484847,775.67,117.65,836.25,729.5,395.23,2022,1200624.0,Heidestraße,,
,,1015,950,857,18,38,27,760,19,361,17,659.6842105263158,610.5,221.57,529.2142857142857,522.5,116.06,556.6129032258065,510.0,103.46,634.0,598.0,117.6,731.8646315789474,722.11,139.51,811.8,689.0,358.99,2022,1200625.0,Lübecker Straße,,
,,1074,998,938,4,38,38,814,15,398,14,650.2027027027027,605.0,214.47,457.6666666666667,454.0,75.57,595.0370370370371,562.0,130.75,716.3333333333334,655.0,196.43,760.8445999999999,716.487,218.49,798.5862068965517,700.0,308.15,2022,1200626.0,Thomasiusstraße,,
,,788,755,673,13,19,14,583,5,300,5,648.9571183533448,595.0,232.6,501.55555555555554,483.0,76.35,596.8333333333334,559.0,157.98,766.8,721.5,210.85,681.19,685.81,105.28,739.3,700.5,279.3,2022,1200627.0,Zillesiedlung,,
,,3332,3066,2934,27,194,71,2580,125,1422,100,615.2519379844962,568.0,246.14,452.8571428571428,456.0,108.39,498.5855263157895,444.5,135.38,733.9724137931034,732.0,160.99,801.0935839999994,783.32,154.49,756.8333333333334,695.0,290.24,2022,1200628.0,Lüneburger Straße,,
,,800,728,658,7,41,31,554,13,259,13,662.8971119133574,614.0,234.69,528.3333333333334,591.0,126.26,553.9583333333334,531.5,168.23,672.6666666666666,620.0,145.69,713.9563846153846,693.264,81.67,736.4074074074074,612.0,315.24,2022,1200629.0,Hansaviertel,,
,,1529,1171,1078,17,45,51,943,15,409,13,666.6044538706257,624.0,221.47,531.25,499.0,241.43,571.2333333333333,561.0,101.32,745.625,753.5,111.17,772.1455333333334,735.683,188.15,957.125,997.0,377.82,2022,1300730.0,Drontheimer Straße,,
,,1116,1035,900,9,21,60,797,5,266,4,699.633626097867,665.0,210.73,560.6,549.0,68.05,627.7,580.0,141.84,791.3333333333334,709.0,157.23,741.1502,667.86,193.77,1047.0,982.0,343.85,2022,1300731.0,Koloniestraße,,
,,1112,1013,893,15,49,50,811,15,282,13,697.8988902589396,665.0,223.3,578.9166666666666,607.0,125.04,623.8108108108108,638.0,104.4,756.75,743.5,104.69,743.3517999999999,720.944,109.55,1033.1818181818182,876.0,433.73,2022,1300732.0,Soldiner Straße,,
,,1646,1505,1395,17,69,72,1240,22,593,14,653.0467741935483,610.0,231.76,462.7142857142857,470.0,75.54,578.6666666666666,547.0,120.63,721.9166666666666,700.0,116.1,828.9890454545454,796.4365,192.68,968.4363636363636,811.0,446.21,2022,1300733.0,Gesundbrunnen,,
,,2277,2087,1912,25,114,76,1678,26,877,19,632.9362336114422,589.0,221.43,477.45,475.5,122.49,531.560606060606,538.0,110.6,701.328125,653.0,191.53,785.9957307692309,739.673,168.98,891.3818181818182,681.0,441.72,2022,1300834.0,Brunnenstraße,,
,,1687,1557,1389,16,70,59,1253,25,662,20,632.9193934557063,586.0,214.71,487.7692307692308,435.0,153.76,572.3461538461538,526.0,174.73,695.2826086956521,656.5,164.45,810.9638000000002,799.006,159.11,1022.6744186046512,823.0,476.52,2022,1300835.0,Humboldthain Süd,,
,,2413,2162,1963,23,126,124,1722,39,1031,31,588.7613240418118,541.0,239.68,424.5263157894737,400.0,91.33,574.0,523.0,195.62,751.8450704225352,716.0,173.3,783.5281282051283,757.447,127.8,848.7272727272727,671.0,433.93,2022,1300836.0,Humboldthain Nordwest,,
,,1674,1560,1410,11,54,60,1284,20,555,18,662.2640186915888,630.0,218.15,438.6666666666667,414.5,59.79,598.4545454545455,612.0,111.94,739.7586206896551,758.0,131.28,797.1093,800.3,92.64,965.0697674418604,917.0,300.92,2022,1400937.0,Afrikanische Straße,,
,,2763,1325,1210,24,59,86,1065,31,544,23,633.3211267605634,596.0,222.71,482.4,488.0,112.13,587.8461538461538,549.0,156.38,802.2682926829268,773.0,166.76,811.4333548387098,801.42,133.95,866.1142857142858,830.0,341.11,2022,1400938.0,Kameruner Straße,,
,,818,750,701,14,27,41,617,13,361,12,602.4181523500811,560.0,218.0,451.09090909090907,497.0,116.27,619.8235294117648,526.0,244.92,759.6470588235294,754.0,223.92,868.325076923077,819.916,340.44,783.6,700.5,269.32,2022,1400939.0,Glasgower Straße,,
,,1077,1026,916,17,25,26,826,8,450,7,625.5968523002422,575.0,221.26,445.0,438.0,112.96,632.6923076923077,585.0,181.61,848.4166666666666,832.0,190.43,798.8776250000001,796.7684999999999,112.94,912.8947368421052,869.0,328.43,2022,1400940.0,Schillerpark,,
,,578,557,492,8,9,12,446,4,195,4,679.1300448430493,629.0,223.28,480.0,479.0,72.2,538.5,554.5,72.27,763.5714285714286,819.0,129.51,765.83725,769.623,77.16,684.2,680.0,239.86,2022,1400941.0,Londoner Straße,,
,,1197,1080,999,14,45,72,878,16,533,13,606.2312072892938,561.0,216.91,471.9090909090909,461.0,132.47,607.516129032258,631.0,112.54,716.5714285714286,726.5,112.85,800.0474999999998,797.142,129.56,939.0,891.0,335.16,2022,1400942.0,Westliche Müllerstraße,,
,,1146,1073,978,13,28,45,871,8,509,8,618.8897818599311,560.0,245.25,439.3333333333333,412.0,128.71,513.7857142857143,473.5,148.07,660.6153846153846,697.0,126.41,714.639125,699.7764999999999,80.86,833.8974358974359,725.0,369.96,2022,1401043.0,Antonstraße,,
,,1215,1125,998,11,37,52,905,7,473,6,625.6475138121547,586.0,225.13,431.55555555555554,418.0,99.9,606.4,582.0,158.03,704.6,707.0,156.24,786.9689999999999,791.68,81.46,985.85,995.0,404.32,2022,1401044.0,Uferstraße,,
,,1056,973,891,16,35,48,793,11,406,9,644.9861286254729,597.0,233.35,528.5714285714286,510.5,145.81,586.9473684210526,558.0,158.36,753.2608695652174,710.0,184.68,788.5822727272728,750.92,246.53,855.3428571428572,863.0,342.2,2022,1401045.0,Schwedenstraße,,
,,844,773,688,13,37,34,610,7,318,5,630.5901639344262,589.0,199.42,483.7,482.0,35.57,601.1666666666666,565.5,161.4,786.8095238095239,758.0,166.95,773.4917142857142,747.996,200.72,952.125,827.5,371.5,2022,1401046.0,Nordufer,,
,,976,914,839,9,24,38,746,6,451,6,596.1139410187668,544.0,228.02,383.3333333333333,437.5,102.44,593.5714285714286,572.5,122.24,689.8461538461538,704.0,115.35,730.3604999999999,750.577,134.32,746.1481481481482,730.0,306.77,2022,1401047.0,Sparrplatz,,
,,1414,1292,1183,21,64,58,1049,25,569,19,630.0724499523355,578.0,220.87,508.8333333333333,483.0,76.97,643.1190476190476,559.5,188.37,819.3055555555555,817.5,185.98,806.7650399999999,814.167,159.47,962.6739130434784,968.0,374.69,2022,1401048.0,Leopoldplatz,,
,,1641,1327,1178,33,42,36,1033,23,572,21,618.7947725072604,571.0,208.09,457.9230769230769,449.5,79.36,549.2142857142857,528.0,112.78,770.08,750.0,206.31,769.0625652173914,756.46,148.61,970.6774193548388,911.0,407.38,2022,1401049.0,Schulstraße,,
,,1306,1163,1061,14,81,62,942,34,486,30,632.2452229299363,593.5,209.57,501.5,506.0,146.41,580.6379310344828,565.0,112.45,727.3018867924528,719.0,125.68,787.5502058823529,782.64,95.33,915.5333333333332,829.0,359.15,2022,2100101.0,Askanischer Platz,,
,,1522,1336,1210,12,111,75,1067,55,602,48,609.8153701968135,578.0,195.52,498.75,487.5,119.26,578.4615384615385,545.0,160.11,705.2317073170732,704.5,127.06,766.7518181818178,751.23,124.28,724.125,667.5,270.2,2022,2100102.0,Mehringplatz,,
,,639,579,520,3,32,28,469,17,310,16,580.0980810234541,539.0,202.2,431.0,405.0,123.08,565.3846153846154,539.0,114.59,701.6818181818181,654.5,144.9,763.3563529411765,783.55,108.33,759.952380952381,707.0,254.26,2022,2100103.0,Am Berlin Museum,,
,,992,915,836,8,41,35,731,25,455,22,595.8262653898769,543.0,220.86,568.6666666666666,511.0,181.78,519.6666666666666,510.0,133.01,703.7857142857143,670.5,160.27,735.5158400000001,702.09,181.37,716.6428571428571,610.0,318.97,2022,2100104.0,Moritzplatz,,
,,1259,1164,1040,14,47,48,942,9,634,8,566.1486199575371,513.0,205.42,378.7,369.0,104.46,534.5384615384615,477.5,174.84,701.578947368421,697.0,176.99,653.7388888888889,627.307,153.23,668.1538461538462,585.0,297.03,2022,2100105.0,Prinzenstraße,,
,,1219,1131,1072,14,39,48,908,8,632,8,554.1773127753304,497.5,209.31,383.6666666666667,356.0,101.18,522.6111111111111,479.0,128.55,606.6153846153846,562.0,150.94,679.028625,619.188,158.06,755.475,602.5,423.83,2022,2100106.0,Wassertorplatz,,
,,420,347,327,2,59,14,284,28,103,26,695.4683098591549,656.5,226.71,545.0,545.0,42.43,617.8541666666666,596.0,132.45,687.6842105263158,694.5,120.13,781.2083571428573,771.515,79.54,802.6666666666666,731.5,273.88,2022,2200207.0,Gleisdreieck,,
,,1043,963,906,15,38,42,785,12,482,11,601.4292993630573,555.0,218.05,382.125,387.5,116.56,543.0952380952381,534.0,116.41,725.875,703.0,85.42,762.9050000000001,723.7365,96.64,775.0357142857143,694.5,280.78,2022,2200208.0,Rathaus Yorckstraße,,
,,948,829,757,7,47,72,672,13,403,11,607.3363095238095,568.0,192.92,452.5,461.5,97.39,609.4642857142857,608.5,122.99,677.8214285714286,687.5,139.62,729.0569230769231,723.243,144.22,880.9814814814815,821.5,312.02,2022,2200209.0,Viktoriapark,,
,,1326,1182,1083,18,67,76,938,11,581,10,576.0383795309168,523.0,225.39,405.4285714285714,397.5,66.67,559.7291666666666,494.5,169.46,732.9230769230769,773.5,131.15,789.776,794.213,90.63,776.0344827586207,617.0,467.79,2022,2200210.0,Urbanstraße,,
,,1499,1366,1261,17,66,67,1133,30,638,26,614.8614298323037,575.0,214.07,494.2857142857143,497.5,114.91,594.6170212765958,560.0,158.53,729.5238095238095,738.0,134.93,794.6812333333332,772.3515,195.71,807.4047619047619,728.5,371.94,2022,2200211.0,Chamissokiez,,
,,927,822,764,11,65,40,672,12,366,10,627.391369047619,573.5,251.65,464.57142857142856,445.0,91.33,504.8684210526316,479.5,100.13,698.1818181818181,659.0,166.28,815.7420833333335,769.4169999999999,192.27,988.8214285714286,747.0,493.13,2022,2200212.0,Graefekiez Süd,,
,,1921,1298,1197,25,92,68,1026,35,603,34,611.3382066276803,555.0,228.19,468.4117647058824,436.0,96.93,530.1454545454545,473.0,187.07,721.8461538461538,708.5,182.44,733.1973714285714,733.41,109.13,855.6666666666666,708.0,406.33,2022,2200213.0,Graefekiez Nord,,
,,1448,1336,1260,14,57,55,1075,20,748,14,560.866976744186,498.0,217.45,372.625,350.5,84.0,506.7058823529412,495.0,110.25,687.9,674.0,176.96,760.7392,707.5285,177.91,961.595238095238,802.0,446.85,2022,2300314.0,Oranienplatz,,
,,1132,1059,978,6,38,35,834,7,567,5,559.5983213429257,499.0,220.0,419.2,407.0,95.99,586.8333333333334,475.5,229.46,786.5333333333333,683.0,377.34,796.7751428571429,738.087,182.56,892.4090909090909,997.5,401.91,2022,2300315.0,Lausitzer Platz,,
,,847,783,723,11,33,31,637,6,445,5,561.392464678179,520.0,206.74,438.7,452.0,113.24,718.3,616.5,288.97,612.3636363636364,590.0,139.43,763.2666666666665,781.8135,176.3,799.3333333333334,695.0,396.07,2022,2300316.0,Köpenicker Straße,,
,,1021,950,882,17,35,35,759,6,514,6,559.2872200263505,496.0,237.12,353.85714285714283,335.5,105.25,449.6666666666667,416.5,101.26,714.3076923076923,740.0,157.31,675.1575,644.898,110.02,782.6785714285714,746.5,245.29,2022,2300417.0,Reichenberger Straße West,,
,,897,808,750,10,42,47,642,5,407,4,587.8722741433022,517.5,241.15,440.4285714285714,403.0,114.08,599.1764705882352,483.0,321.62,698.5833333333334,715.5,202.03,817.4938,810.52,123.52,850.7142857142857,851.5,364.32,2022,2300418.0,Reichenberger Straße Ost,,
,,1335,1249,1158,11,35,51,993,2,594,1,608.6203423967775,554.0,222.82,496.4,511.5,216.98,565.8181818181819,537.0,170.0,720.9166666666666,680.5,184.7,806.608,806.608,306.5,887.3513513513514,733.0,401.91,2022,2300419.0,Wrangelkiez,,
,,1631,1026,927,19,55,50,813,24,430,22,617.9077490774907,585.0,215.4,487.94444444444446,444.0,151.8,559.1142857142858,535.0,113.19,696.4375,676.5,123.43,718.1161249999999,695.5564999999999,139.05,979.6052631578948,943.5,352.75,2022,2400520.0,Barnimkiez,,
,,1117,1042,971,15,23,52,855,12,527,12,590.3883040935673,542.0,225.02,446.9090909090909,454.0,107.46,560.1818181818181,526.0,103.63,675.3076923076923,680.0,134.78,711.8725833333333,730.063,86.12,906.470588235294,832.5,440.43,2022,2400521.0,Friedenstraße,,
,,1187,1097,1009,14,45,45,879,14,472,14,618.3071672354948,581.0,214.98,480.3333333333333,447.5,152.68,625.8260869565217,616.0,196.03,738.6086956521739,745.0,128.73,742.1032142857144,763.465,56.04,806.4814814814815,683.0,351.79,2022,2400522.0,Richard-Sorge-Viertel,,
,,3141,2926,2743,37,129,85,2380,57,1524,49,582.1176470588235,537.0,208.62,439.9655172413793,444.0,97.28,492.65,470.0,131.48,639.2962962962963,609.0,177.12,729.2418245614033,667.346,199.55,886.5873015873016,700.0,470.86,2022,2400623.0,Andreasviertel,,
,,1465,1366,1235,13,51,48,1105,15,658,13,596.6253393665158,546.0,254.1,381.0,348.5,111.09,457.2142857142857,414.0,134.78,694.1333333333333,699.0,163.38,732.9559333333332,728.676,148.52,823.6060606060606,760.0,409.21,2022,2400624.0,Weberwiese,,
,,1097,986,962,10,86,25,815,59,498,44,585.4355828220858,547.0,217.03,406.0,436.0,69.7,532.1538461538462,499.0,129.8,716.171875,645.5,188.63,838.9937118644067,775.244,307.6,1074.4666666666667,1103.0,452.95,2022,2400625.0,Wriezener Bahnhof,,
,,760,663,604,6,35,62,521,7,266,7,627.6564299424184,596.0,207.36,446.8333333333333,427.0,134.72,621.7777777777778,643.0,113.53,734.6086956521739,753.0,153.17,715.8592857142858,686.543,78.34,861.609756097561,772.0,324.7,2022,2500726.0,Hausburgviertel,,
,,683,610,550,7,27,45,486,5,273,4,614.7674897119341,575.0,213.48,411.25,410.5,55.05,568.1538461538462,537.0,205.64,745.9090909090909,715.0,140.46,751.9612,747.594,187.67,826.1666666666666,680.5,346.49,2022,2500727.0,Forckenbeckplatz,,
,,868,791,726,6,41,36,632,13,345,10,630.4857594936709,583.0,214.22,492.3333333333333,526.0,101.77,580.5384615384615,553.5,109.32,734.7407407407408,687.0,212.71,821.8820769230769,748.02,256.76,1056.4761904761904,1061.0,416.68,2022,2500728.0,Samariterviertel,,
,,845,791,737,7,34,20,657,11,333,7,649.0989345509894,599.0,207.75,444.4285714285714,470.0,76.43,575.8823529411765,542.0,86.75,764.8947368421053,776.0,151.84,836.7405454545456,812.403,204.78,1048.6923076923076,904.0,438.63,2022,2500729.0,Pettenkofer Straße,,
,,443,410,384,2,15,18,338,2,199,2,600.9674556213017,577.0,199.14,368.0,368.0,,344.25,312.0,180.88,669.4,694.0,116.02,670.617,670.617,268.54,1065.0,1313.0,489.52,2022,2500830.0,Niederbarnimstraße,,
,,690,628,577,5,33,28,524,4,283,4,624.0362595419847,583.5,211.78,398.0,434.5,113.07,634.7894736842105,598.0,191.09,716.7,686.0,132.28,728.7375,767.5935,97.63,974.4285714285714,864.0,363.01,2022,2500831.0,Wismarplatz,,
,,787,711,635,4,33,43,565,6,289,6,634.4389380530973,595.0,200.58,455.5,455.5,137.89,608.6666666666666,573.0,126.17,721.9047619047619,655.0,153.87,788.4948333333333,787.165,81.86,1122.5588235294117,1134.0,450.45,2022,2500832.0,Traveplatz,,
,,876,793,743,6,43,40,613,11,362,9,596.1402936378466,557.0,217.98,335.0,335.0,14.14,566.84,465.0,241.52,726.1538461538462,645.5,279.24,719.6159090909091,641.037,168.15,844.12,651.0,445.38,2022,2500833.0,Boxhagener Platz,,
,,1276,1181,1108,9,51,44,955,14,555,11,601.2921465968586,564.0,209.69,425.0,422.0,79.73,555.7391304347826,495.0,136.39,729.6086956521739,749.0,243.1,754.534,742.5699999999999,144.04,931.46875,725.5,448.67,2022,2500834.0,Revaler Straße,,
,,1953,1814,1745,11,60,78,1510,17,823,14,624.7576158940398,580.5,221.48,533.5555555555555,537.0,78.58,531.6451612903226,541.0,117.06,741.2758620689655,712.0,177.47,753.7868823529411,715.79,179.61,879.8260869565217,698.5,387.94,2022,2500835.0,Stralauer Kiez,,
,,444,404,373,8,15,25,323,9,95,6,699.3003095975232,666.0,181.17,551.1428571428571,546.0,127.46,654.0909090909091,620.0,76.66,865.6363636363636,874.0,172.77,839.141,864.613,85.36,1140.4545454545455,974.0,356.45,2022,2500836.0,Stralauer Halbinsel,,
,,813,723,625,5,39,51,478,12,117,3,792.1025104602511,719.0,277.22,777.6666666666666,733.0,202.72,808.7142857142857,785.0,183.61,814.5333333333333,823.0,166.87,1045.2374166666668,1007.813,229.96,821.6153846153846,874.0,327.92,2022,3100101.0,Bucher Forst,,
,,834,544,487,5,31,28,386,15,183,5,707.8860103626943,610.0,308.38,511.8,571.0,196.68,736.0,652.0,153.22,792.15,748.5,146.19,1030.0022666666666,1009.627,215.61,933.2727272727273,859.0,287.86,2022,3100102.0,Klinikum Buch,,
,,1543,1456,1306,17,44,43,986,10,506,5,679.6734279918865,596.0,261.99,477.38461538461536,450.0,165.22,720.4230769230769,725.5,128.98,810.5,784.0,132.32,934.2345,898.952,100.71,976.0,994.0,132.33,2022,3100103.0,Karower Chaussee,,
,,398,363,328,8,14,21,263,3,58,2,848.3041825095057,822.0,291.02,618.3333333333334,606.0,42.85,886.0,864.5,190.82,962.0,962.0,,1036.289,877.603,392.41,776.0,661.5,503.33,2022,3200204.0,Blankenfelde,,
,,872,829,757,9,12,31,649,2,108,2,784.6718027734977,734.0,234.8,585.1111111111111,620.0,83.17,619.2,620.5,126.95,851.8,852.0,63.13,769.0415,769.0415,30.7,932.6111111111112,850.0,334.53,2022,3200205.0,Uhlandstraße,,
,,770,717,653,13,11,41,570,0,188,0,711.3122807017544,662.0,217.04,527.0,514.0,67.9,578.125,436.5,365.67,826.0,826.0,,,,,845.95,685.5,422.16,2022,3200206.0,Pastor-Niemöller-Platz,,
,,1001,927,807,14,22,52,684,2,221,2,729.0190058479532,695.5,240.21,516.7272727272727,537.0,66.0,631.9285714285714,578.0,207.38,891.2222222222222,912.0,275.99,761.135,761.135,19.73,912.451612903226,773.0,407.0,2022,3200207.0,Herthaplatz,,
,,453,430,378,9,8,15,330,2,113,1,723.5424242424242,672.5,232.1,489.3333333333333,511.0,86.9,741.75,739.5,163.5,1034.0,1034.0,,919.897,919.897,160.92,1058.5555555555557,1132.0,330.91,2022,3200308.0,Nisbléstraße,,
,,555,521,472,6,17,17,408,7,133,6,751.8529411764706,698.0,263.18,600.6666666666666,608.0,86.23,658.9285714285714,606.0,334.43,729.6666666666666,711.0,234.45,895.3861428571429,738.72,510.48,781.125,641.0,330.89,2022,3200309.0,Eddastraße,,
,,850,809,738,11,15,26,629,2,136,1,777.8553259141495,731.0,235.69,627.7142857142857,567.0,134.58,757.0,692.5,331.58,710.6,740.0,159.84,851.816,851.816,132.2,767.2941176470588,783.0,175.67,2022,3200310.0,Krugpfuhl,,
,,1140,1107,990,14,17,16,762,2,361,2,683.5262467191601,615.5,260.93,582.6,598.5,133.83,674.0,659.0,86.7,769.7777777777778,790.0,100.59,866.36,866.36,24.52,914.2,748.5,377.52,2022,3300411.0,Karow Nord,,
,,483,455,409,12,12,16,328,2,139,1,688.704268292683,643.0,247.16,553.0,491.5,231.91,768.8333333333334,782.0,165.85,858.0,857.0,43.51,926.08,926.08,93.31,689.875,754.5,238.35,2022,3300412.0,Karow Bahnhof,,
,,258,236,217,4,6,16,185,3,85,2,665.4648648648649,639.0,261.9,490.0,490.0,43.84,804.25,811.5,84.1,874.3333333333334,867.0,51.39,877.6886666666666,857.13,44.62,1002.1428571428572,889.0,368.73,2022,3300413.0,Karow Ost,,
,,812,734,673,16,30,48,600,9,209,3,716.3933333333333,673.5,234.01,582.4375,580.5,136.64,598.1333333333333,557.0,331.11,861.1666666666666,845.0,134.09,1025.5521111111111,1084.273,214.92,895.074074074074,796.0,339.03,2022,3300514.0,Blankenburg,,
,,18,13,11,1,1,4,8,0,3,0,671.625,613.5,137.91,662.0,662.0,,418.0,418.0,,,,,,,,630.0,630.0,,2022,3300515.0,Blankenburger Süden,,
,,1192,1121,977,12,37,34,875,11,338,8,690.0902857142858,638.0,221.71,575.0,474.0,208.35,614.2222222222222,614.5,119.49,796.1,724.0,255.26,838.7656363636364,800.947,190.76,791.0909090909091,706.5,258.68,2022,3300516.0,Heinersdorf,,
,,202,178,167,1,2,22,144,0,48,0,739.9097222222222,649.0,290.52,550.0,550.0,,637.0,637.0,,,,,,,,855.3846153846154,736.0,346.38,2022,3300517.0,Märchenland,,
,,389,366,337,3,10,13,290,2,52,1,809.6620689655173,768.0,252.38,861.3333333333334,660.0,435.43,648.2,637.0,58.44,759.0,689.0,154.4,843.1585,843.1585,131.31,875.6666666666666,894.5,138.55,2022,3400618.0,Rosenthal,,
,,1141,1074,938,14,29,37,818,7,246,4,746.3044009779951,714.0,246.49,678.9166666666666,631.5,133.66,704.1538461538462,594.0,253.4,798.7857142857143,797.5,192.13,867.0595714285713,894.097,159.34,914.2380952380952,791.0,431.53,2022,3400619.0,Wilhelmsruh,,
,,533,490,438,9,15,28,388,5,107,3,736.4819587628866,706.0,215.69,577.1428571428571,589.0,121.15,674.0,688.0,55.92,892.3333333333334,930.0,157.92,822.4044,897.666,114.3,878.6111111111111,839.5,359.96,2022,3400620.0,Schönholz,,
,,986,914,857,12,28,44,755,7,307,6,672.1721854304636,633.0,214.3,507.25,498.5,86.32,650.8888888888889,602.0,239.67,772.0,701.5,249.6,814.3924285714285,768.417,231.71,960.8076923076924,843.0,411.01,2022,3400721.0,Florakiez,,
,,614,567,509,7,24,23,464,6,204,2,688.2004310344828,630.0,262.2,529.6666666666666,555.0,130.49,619.8888888888889,623.0,135.84,745.6470588235294,749.0,119.71,963.1438333333334,941.4665,189.52,702.1538461538462,654.0,181.94,2022,3400722.0,Parkstraße,,
,,1144,781,724,4,22,32,640,2,308,1,669.125,612.5,246.9,532.25,477.5,178.42,578.9230769230769,526.0,246.63,719.5454545454545,739.0,123.05,903.947,903.947,59.27,794.1363636363636,708.5,416.43,2022,3400723.0,Garbátyplatz,,
,,840,779,699,10,17,43,616,3,295,2,671.6996753246754,615.0,276.43,433.1111111111111,439.0,75.12,661.4166666666666,604.0,258.59,1019.4285714285714,957.0,373.36,887.6553333333335,857.103,222.03,862.3333333333334,827.5,425.9,2022,3400724.0,Wolfshagener Straße,,
,,955,900,797,5,25,30,697,5,315,2,698.3242467718795,635.0,250.81,514.5,504.0,60.91,539.7333333333333,537.0,96.79,790.1666666666666,700.0,308.06,877.3474,915.173,172.54,998.5263157894736,1036.0,446.28,2022,3400725.0,Schlosspark,,
,,994,941,862,12,27,26,769,8,295,8,689.5058517555267,645.0,229.92,499.44444444444446,490.0,117.21,555.2631578947369,573.0,125.55,679.1538461538462,677.0,120.79,689.641625,705.658,80.77,834.3684210526316,735.0,288.37,2022,3400826.0,Tiroler Viertel,,
,,953,877,776,16,45,31,702,24,258,22,680.8433048433048,646.5,208.67,566.1666666666666,573.5,98.41,638.9459459459459,651.0,90.75,761.03125,727.0,192.17,772.1410416666668,738.1685,131.7,952.4,997.5,331.99,2022,3400827.0,Trelleborger Viertel,,
,,407,381,349,11,13,13,317,5,106,5,701.211356466877,649.0,230.52,552.8181818181819,583.0,141.29,649.7,654.5,113.51,729.8888888888889,679.0,150.04,728.6300000000001,736.944,74.89,837.2727272727273,694.0,289.44,2022,3400828.0,Spiekermann Straße,,
,,592,554,503,5,19,19,449,6,184,3,678.2672605790646,635.0,215.93,501.4,500.0,132.09,591.1,595.5,66.66,705.1111111111111,702.0,136.32,854.4378333333333,821.277,206.97,957.1428571428572,793.5,414.27,2022,3400829.0,Arnold-Zweig-Straße,,
,,855,804,703,6,20,31,640,3,279,2,678.5890625,637.5,231.38,523.25,515.5,185.27,749.2307692307693,656.0,324.45,812.9166666666666,787.0,163.32,870.0756666666666,893.227,140.61,745.8421052631579,712.0,285.55,2022,3400830.0,Kissingenviertel,,
,,71,57,55,1,5,9,45,0,25,0,588.8666666666667,540.0,237.58,,,,596.5,596.5,283.55,,,,,,,954.0,997.0,321.93,2022,3400831.0,Pankower Tor,,
,,793,733,616,8,32,28,573,18,236,14,681.7504363001746,633.0,226.74,509.25,517.0,38.29,549.0,547.0,65.39,697.2916666666666,678.5,151.44,819.3501111111112,759.7864999999999,265.94,801.16,609.0,404.07,2022,3500932.0,Bühringstraße,,
,,1241,908,836,11,34,40,738,9,423,6,612.0067750677507,559.5,225.02,475.55555555555554,503.0,130.06,586.3333333333334,534.5,133.18,645.7222222222222,558.0,231.16,814.8905555555556,780.157,129.12,750.625,636.0,394.18,2022,3500933.0,Weißer See,,
,,777,698,623,7,27,51,566,4,248,3,664.9558303886926,624.0,216.17,524.2,480.0,108.43,583.6842105263158,557.0,184.95,686.5,613.0,222.93,815.1585,623.2015,413.74,766.0263157894736,667.5,307.56,2022,3500934.0,Weißenseer Spitze,,
,,559,517,475,3,18,24,421,6,225,6,627.1805225653206,575.0,226.36,502.5,502.5,78.49,534.0,529.5,91.35,639.5,539.0,188.69,668.12,635.563,117.63,665.7777777777778,641.0,239.69,2022,3500935.0,Behaimstraße,,
,,1029,914,826,11,26,89,724,2,375,2,625.2900552486187,593.0,205.53,474.625,463.5,141.66,584.125,571.5,78.28,677.5714285714286,633.5,188.3,758.1669999999999,758.1669999999999,152.85,710.7166666666667,641.5,267.37,2022,3500936.0,Komponistenviertel Weißensee,,
,,1242,1152,1034,14,53,37,940,15,447,7,652.5382978723404,611.0,214.54,507.0,454.0,151.19,594.5555555555555,556.0,158.29,669.8965517241379,634.0,175.21,919.267,901.077,170.17,755.9310344827586,718.0,326.68,2022,3501037.0,Rathaus Weißensee,,
,,1266,992,914,18,31,26,804,11,323,5,684.3942786069651,646.0,216.59,543.5333333333333,512.0,92.35,669.6666666666666,647.0,199.2,753.578947368421,675.0,233.24,965.5580000000002,930.66,345.07,872.0,927.0,252.67,2022,3501038.0,Hansastraße,,
,,393,363,332,3,17,12,298,6,100,6,682.4597315436241,671.0,192.99,622.0,544.0,145.62,636.0,630.0,94.82,733.0769230769231,730.0,84.99,764.9611666666666,774.4870000000001,67.21,752.3333333333334,808.0,238.77,2022,3601139.0,Norweger Viertel,,
,,472,423,379,3,21,28,346,5,116,5,702.4190751445087,662.0,205.87,604.0,577.0,175.07,620.8333333333334,620.0,115.14,742.3571428571429,718.5,93.47,749.6086,758.86,85.21,938.7727272727273,687.0,465.38,2022,3601140.0,Malmöer Straße,,
,,606,545,497,5,26,35,430,6,167,5,674.793023255814,642.0,218.35,389.8,379.0,86.89,585.0434782608696,577.0,118.48,705.6666666666666,684.0,142.8,846.9738333333335,774.7280000000001,221.48,985.4615384615385,823.5,345.09,2022,3601141.0,Arnimplatz,,
,,1289,1183,1108,9,64,42,944,10,426,7,653.729872881356,627.0,236.13,613.3333333333334,503.5,316.01,637.25,596.5,207.5,715.6842105263158,673.0,157.38,792.9532000000002,802.7964999999999,164.13,1044.71875,1035.5,420.31,2022,3601142.0,Falkplatz,,
,,745,672,626,10,53,20,546,22,227,16,669.5641025641025,636.0,230.34,529.0,497.0,90.53,606.9487179487179,580.0,121.9,699.7027027027027,663.0,122.98,878.1420909090909,755.98,332.87,991.0555555555557,1026.0,385.88,2022,3601243.0,Rodenbergstraße,,
,,570,524,473,7,23,23,418,5,180,4,651.6507177033493,627.0,199.92,452.5,478.5,93.05,613.5384615384615,641.0,117.43,676.3333333333334,660.5,82.87,922.1164,872.71,239.1,792.9230769230769,753.0,227.53,2022,3601244.0,Humannplatz,,
,,1407,1313,1188,13,41,53,1058,9,504,9,630.9347826086956,608.5,200.54,530.7,570.5,147.33,598.1739130434783,597.0,189.28,666.95,675.5,114.94,735.7487777777777,710.67,72.62,985.8823529411764,848.0,396.95,2022,3601245.0,Ostseestraße,,
,,430,393,354,2,11,26,300,4,132,3,675.3866666666667,632.0,245.73,,,,512.7,535.0,70.59,623.5714285714286,579.0,171.31,756.3657499999999,734.19,141.3,954.2777777777778,794.0,456.54,2022,3601346.0,Gethsemanekirche,,
,,669,590,537,6,37,42,462,2,224,2,641.1060606060606,606.0,207.72,461.75,444.0,68.38,562.2916666666666,547.5,102.19,653.1538461538462,662.0,148.89,745.238,745.238,139.21,1005.6666666666666,928.0,421.39,2022,3601347.0,Helmholtzplatz,,
,,442,385,350,5,27,30,306,6,144,6,648.6339869281046,617.5,224.69,497.5,501.0,55.72,555.3529411764706,530.0,112.68,603.4666666666667,566.0,133.84,701.2301666666667,703.252,88.09,978.25,907.0,422.91,2022,3601348.0,Senefelderstraße,,
,,1710,1599,1464,20,52,58,1330,17,612,13,649.3879699248121,617.0,201.23,498.6,493.0,125.41,622.25,590.5,116.74,721.7241379310345,712.0,127.48,842.0240588235293,779.687,207.71,850.795918367347,836.0,260.82,2022,3601449.0,Michelangelostraße,,
,,1197,1118,1011,9,46,32,882,27,325,24,674.9195011337869,646.0,203.22,540.8571428571429,567.0,148.52,605.8823529411765,608.5,121.99,729.9655172413793,698.0,142.73,755.7128888888889,715.943,162.23,894.0,781.0,315.61,2022,3601450.0,Volkspark Prenzlauer Berg,,
,,609,550,508,7,22,37,445,5,195,5,669.6134831460674,620.0,222.39,493.6666666666667,523.0,112.42,633.2666666666667,607.0,93.3,678.4444444444445,685.0,130.08,662.734,662.763,20.73,814.5833333333334,660.5,322.93,2022,3601451.0,Anton-Saefkow-Park,,
,,643,583,547,10,29,31,477,9,224,8,647.7421383647799,617.0,204.18,525.2222222222222,516.0,119.02,645.4615384615385,652.0,93.85,729.3571428571429,705.0,94.21,790.0926666666668,806.904,89.25,968.9130434782608,973.0,350.68,2022,3601452.0,Velodrom,,
,,317,290,272,6,17,10,237,5,123,3,624.0464135021097,592.0,193.44,569.3333333333334,553.0,62.67,722.8333333333334,681.5,155.48,735.0,687.0,133.0,842.2538000000001,880.793,123.92,736.75,680.0,243.7,2022,3601453.0,Alter Schlachthof,,
,,1000,939,874,10,28,32,758,6,409,6,616.1860158311346,572.5,237.2,388.3333333333333,391.0,81.12,567.3,557.0,167.74,600.421052631579,608.0,155.62,789.9166666666666,777.2585,57.4,888.8333333333334,685.5,481.63,2022,3701554.0,Teutoburger Platz,,
,,887,834,793,5,21,32,672,5,354,4,626.2514880952381,586.5,224.98,488.0,488.0,104.65,558.2857142857143,507.0,153.16,671.1,534.5,248.29,779.8219999999999,724.307,151.9,837.3928571428571,695.5,339.15,2022,3701555.0,Sredzkistraße,,
,,653,587,528,5,33,33,465,14,251,14,628.5720430107527,585.0,221.48,466.6666666666667,477.0,45.39,596.7727272727273,565.0,117.2,680.2173913043479,666.0,145.25,688.8160714285714,691.3885,60.08,973.4761904761904,1045.0,334.22,2022,3701556.0,Kollwitzplatz,,
,,466,420,395,5,24,21,339,11,138,8,676.52802359882,641.0,240.41,505.0,532.0,68.23,674.75,637.5,162.61,744.0769230769231,733.0,145.79,835.0548181818183,827.186,152.21,624.1052631578947,603.0,187.1,2022,3701657.0,Thälmannpark,,
,,492,439,397,4,24,29,353,9,178,8,633.7167138810198,599.0,208.18,494.75,486.0,90.88,590.7222222222222,577.0,109.58,653.5882352941177,649.0,117.71,737.9224444444444,669.337,277.38,943.125,861.0,325.21,2022,3701658.0,Christburger Straße,,
,,569,514,439,7,14,41,393,6,202,6,626.4605597964377,593.0,203.83,426.3333333333333,453.5,117.34,618.2,547.5,172.03,800.8888888888889,760.0,205.28,698.5065,680.7465,89.63,961.5714285714286,844.0,359.64,2022,3701659.0,Immanuelkirchstraße,,
,,899,812,743,8,45,42,655,14,347,13,630.951145038168,586.0,217.19,541.5714285714286,528.0,44.88,585.9333333333333,579.0,109.94,721.32,703.0,92.63,715.0469285714286,686.1765,105.52,884.78125,830.5,314.95,2022,3701660.0,Bötzowstraße,,
,,2060,1865,1696,27,75,116,1508,16,786,11,639.7957559681697,591.0,235.84,484.0,451.0,155.01,607.4857142857143,528.0,230.26,786.0,730.0,264.72,853.1179375,792.3605,166.97,785.4333333333333,697.5,339.01,2022,4100101.0,Jungfernheide/Plötzensee,,
,,1025,954,850,12,33,38,773,2,367,2,657.8305304010349,611.0,215.01,449.5,454.5,88.75,726.1111111111111,584.0,350.31,699.25,739.5,169.35,757.3335,757.3335,21.58,812.1034482758621,787.0,240.46,2022,4100102.0,Paul-Hertz-Siedlung,,
,,588,550,533,6,18,19,466,8,91,5,776.7854077253219,731.5,279.07,618.0,618.0,11.0,831.4615384615385,733.0,282.6,724.8,692.5,122.3,868.762125,857.27,98.2,971.5384615384615,809.0,367.93,2022,4200203.0,Olympiagelände,,
,,530,507,451,12,8,15,400,2,83,1,740.3575,700.0,196.86,624.4,617.5,124.99,700.5,692.5,64.77,797.3333333333334,795.0,96.85,852.0219999999999,852.0219999999999,74.7,1065.3,926.5,381.83,2022,4200204.0,Angerburger Allee,,
,,548,420,386,4,8,16,348,5,67,4,757.235632183908,717.0,228.82,642.25,609.0,168.48,742.5714285714286,777.0,61.95,782.2857142857143,778.0,71.27,858.4685999999999,853.906,80.47,980.9,880.5,384.24,2022,4200205.0,Flatowallee,,
,,391,342,318,5,14,35,270,2,64,1,740.3703703703703,710.5,219.43,602.0,568.0,142.08,777.2,693.5,260.24,843.25,749.5,200.71,856.0735,856.0735,201.58,1012.7727272727273,1018.5,278.78,2022,4200206.0,Kranzallee,,
,,512,448,438,8,29,35,378,4,72,2,799.3650793650794,745.0,259.11,459.25,438.0,184.13,895.0833333333334,897.0,157.94,981.0,981.5,65.34,985.7215,921.2115,187.54,1192.9,1147.0,405.05,2022,4200207.0,Eichkamp,,
,,1527,924,836,10,26,68,701,6,336,6,646.191155492154,609.0,223.65,512.5,524.5,142.9,611.2222222222222,593.0,164.58,691.0,670.0,126.55,772.5873333333334,768.0235,69.83,907.4545454545456,891.0,325.43,2022,4200308.0,Branitzer Platz,,
,,713,677,596,9,14,22,533,2,202,2,668.5253283302064,637.0,189.8,579.6,603.0,49.74,675.0,680.0,63.2,799.3333333333334,788.0,93.61,857.023,857.023,27.56,1055.1875,957.5,320.68,2022,4200309.0,Neu Westend,,
,,1150,1071,987,10,32,47,860,8,443,7,638.5941860465116,594.0,203.86,477.0,516.0,110.77,655.2857142857143,615.0,114.8,726.3571428571429,737.5,158.57,821.7205,806.43,110.0,971.1515151515152,958.0,323.96,2022,4200310.0,Fürstenplatz,,
,,1394,1241,1144,20,78,75,1023,39,563,35,626.0635386119258,567.0,231.2,465.2307692307692,457.0,129.58,599.54,572.5,136.51,648.7450980392157,625.0,154.06,791.005282051282,782.23,130.94,761.0,731.5,318.56,2022,4200311.0,Königin-Elisabeth-Straße,,
,,952,672,614,10,41,24,551,21,283,16,648.8312159709619,591.0,246.15,475.5,430.0,99.95,615.1034482758621,586.0,167.81,714.3548387096774,692.0,145.45,814.8763333333334,800.886,165.08,798.2352941176471,802.0,200.56,2022,4300412.0,Schlossgarten,,
,,1059,993,903,9,27,39,802,6,489,4,600.3802992518703,547.0,211.87,429.8571428571428,437.0,74.27,545.9090909090909,551.0,119.37,683.2352941176471,659.0,154.63,801.6073333333334,745.9504999999999,154.17,848.2608695652174,740.0,369.65,2022,4300413.0,Klausenerplatz,,
,,1273,1162,1047,14,40,71,911,11,578,9,567.8583973655324,517.0,220.25,418.27272727272725,421.0,73.98,506.0625,486.0,104.15,603.125,595.5,163.32,728.089,671.02,143.59,726.2115384615385,611.5,355.62,2022,4300414.0,Schloßstraße,,
,,909,854,780,6,24,31,682,8,374,8,605.907624633431,581.5,216.43,443.6666666666667,412.0,147.98,516.75,463.5,113.17,672.6666666666666,673.5,185.6,744.33075,742.6105,61.64,703.8181818181819,659.5,317.96,2022,4300415.0,Lietzensee,,
,,1427,1310,1226,19,60,56,1048,17,681,15,559.1326335877862,515.0,210.31,387.875,362.5,113.0,515.5769230769231,476.5,167.48,729.0,763.0,230.91,759.9029999999999,749.47,159.05,807.5238095238095,691.5,461.59,2022,4300416.0,Amtsgerichtsplatz,,
,,1096,1022,937,6,29,45,853,6,520,3,596.9413833528722,558.0,183.08,389.6,391.0,47.92,604.5,534.5,303.77,702.047619047619,635.0,192.66,909.6788333333332,866.9435000000001,284.39,779.3939393939394,765.0,276.9,2022,4300517.0,Tegeler Weg,,
,,823,740,686,7,35,48,600,9,318,7,623.0183333333333,582.5,192.71,458.4285714285714,461.0,117.03,584.7692307692307,537.0,132.43,672.6428571428571,665.5,64.32,772.4103333333334,774.69,142.98,759.6176470588235,704.0,277.56,2022,4300518.0,Kaiserin-Augusta-Allee,,
,,1001,933,841,8,26,41,765,6,448,4,601.5764705882353,570.0,197.12,521.0,489.5,152.77,646.0666666666667,580.0,226.0,676.5294117647059,643.0,137.95,818.0390000000001,846.855,143.14,889.4137931034483,851.0,206.28,2022,4300619.0,Alt-Lietzow,,
,,613,518,471,3,62,33,412,45,226,41,619.2669902912621,566.0,220.95,463.6666666666667,497.0,63.0,533.38,526.0,105.2,670.1698113207547,659.0,112.47,753.6797333333333,740.143,107.26,723.6,632.0,267.74,2022,4300620.0,Spreestadt,,
,,1439,1314,1203,19,60,65,1043,23,657,21,579.3231064237775,533.0,200.35,464.9230769230769,446.0,99.67,515.8108108108108,478.0,124.44,626.3157894736842,665.5,149.21,708.9225652173913,690.673,178.4,752.3461538461538,670.5,260.99,2022,4300621.0,Richard-Wagner-Straße,,
,,1188,1042,980,7,81,64,861,47,484,40,612.5632984901277,569.0,215.23,444.5,447.5,39.75,556.0,546.0,109.51,635.1639344262295,618.0,132.12,768.7843191489362,727.064,157.96,826.3333333333334,724.0,319.35,2022,4300622.0,Ernst-Reuter-Platz,,
,,1825,1641,1523,26,113,71,1300,36,784,32,596.9107692307692,548.5,221.85,462.5,456.0,100.71,559.4603174603175,523.0,171.21,705.4,672.0,199.72,745.4018888888891,719.5315,127.1,773.9811320754717,767.0,303.84,2022,4300623.0,Karl-August-Platz,,
,,1006,930,855,6,32,44,747,12,457,12,610.0240963855422,558.0,220.84,433.0,420.0,66.62,610.4666666666667,608.0,106.27,648.3478260869565,631.0,91.36,707.0395,694.923,105.47,790.7333333333333,771.0,227.46,2022,4300624.0,Savignyplatz,,
,,42,29,28,0,4,9,24,1,6,1,807.7083333333334,759.5,326.46,,,,639.0,639.0,55.15,671.0,671.0,,844.17,844.17,,840.8571428571429,724.0,488.66,2022,4400725.0,Güterbahnhof Grunewald,,
,,709,643,593,12,22,44,506,4,209,4,675.9624505928854,633.0,232.36,500.625,514.0,147.17,695.3333333333334,713.0,114.27,732.7857142857143,738.0,198.63,774.5767500000001,780.0550000000001,55.47,914.0,832.0,267.37,2022,4400726.0,Bismarckallee,,
,,1109,762,690,13,32,42,603,8,274,7,644.832504145937,619.0,217.77,493.54545454545456,486.0,97.15,618.0526315789474,629.0,113.25,790.0,692.0,206.14,729.584125,682.5485000000001,139.87,885.7647058823529,837.0,292.38,2022,4400727.0,Flinsberger Platz,,
,,422,367,340,4,20,35,306,10,63,8,741.6503267973857,703.5,214.69,575.0,683.0,204.63,838.25,721.5,351.4,807.6923076923077,820.0,114.9,821.4687,805.012,99.78,1127.904761904762,1088.0,390.94,2022,4400728.0,Hagenplatz,,
,,459,407,381,5,9,43,350,1,58,1,760.3514285714285,719.5,193.73,697.6,648.0,243.04,793.0,793.0,,795.0,795.0,,750.14,750.14,,1199.7857142857142,1197.5,341.28,2022,4400729.0,Hundekehle,,
,,965,906,819,8,25,34,734,8,240,8,695.9291553133515,664.5,196.16,485.4285714285714,538.0,165.08,678.3076923076923,637.0,125.22,787.4166666666666,808.5,141.52,714.517625,701.44,54.78,827.625,772.5,365.05,2022,4400830.0,Forckenbeckstraße,,
,,245,210,179,3,5,30,151,3,35,2,705.6423841059602,682.0,173.02,487.0,487.0,141.42,652.3333333333334,673.0,56.89,711.6666666666666,703.0,16.77,878.3816666666667,710.986,306.07,986.2,1041.0,438.39,2022,4400831.0,Messelpark,,
,,739,692,630,6,13,34,547,1,215,1,665.4990859232175,635.0,184.8,531.8333333333334,505.0,119.84,665.1111111111111,588.0,162.4,811.1111111111111,821.0,93.18,842.087,842.087,,939.08,867.0,327.49,2022,4400832.0,Breite Straße,,
,,656,608,538,9,24,24,467,12,178,12,683.9379014989294,635.0,218.58,427.8333333333333,422.5,60.0,639.3333333333334,586.5,167.93,769.4444444444445,767.0,169.51,760.7279166666668,766.374,37.14,1006.7777777777778,988.5,279.72,2022,4400833.0,Schlangenbader Straße,,
,,463,426,386,6,16,21,354,1,183,1,627.1920903954802,594.0,182.5,521.25,515.5,74.24,623.0,624.0,58.95,711.8,741.0,110.05,770.83,770.83,,899.3846153846154,780.0,339.84,2022,4400834.0,Binger Straße,,
,,1003,923,857,17,32,48,762,5,427,4,618.3897637795276,579.5,193.59,554.2307692307693,522.0,106.19,649.6428571428571,650.0,156.44,761.9166666666666,761.0,219.19,777.1418000000001,705.9,154.3,977.7777777777778,972.0,340.95,2022,4400835.0,Rüdesheimer Platz,,
,,703,646,600,4,22,35,513,5,316,4,595.1169590643275,549.0,220.71,441.75,363.0,177.36,540.4285714285714,514.0,83.27,601.8571428571429,591.0,128.92,726.8416,786.934,179.76,878.25,783.5,363.78,2022,4500936.0,Droysenstraße,,
,,1169,1092,1013,9,27,50,896,6,482,5,621.1830357142857,584.0,197.58,423.0,425.0,54.17,593.3333333333334,582.0,80.46,622.8,589.5,180.42,762.2273333333334,742.619,175.07,878.5227272727273,772.5,349.1,2022,4500937.0,Halensee,,
,,993,910,848,6,45,37,760,24,412,19,625.6,585.0,207.37,485.0,466.0,174.65,587.1666666666666,546.0,157.05,737.5483870967741,680.0,204.69,754.8962499999999,667.9915000000001,195.41,825.4516129032259,743.0,348.52,2022,4500938.0,Hochmeisterplatz,,
,,811,740,674,9,29,42,582,6,356,5,597.2817869415808,556.5,195.71,451.1666666666667,453.0,80.55,559.7058823529412,531.0,138.9,637.7,578.0,195.72,764.3376666666668,707.865,251.89,859.939393939394,785.0,325.43,2022,4500939.0,Eisenzahnstraße,,
,,626,585,528,8,13,28,462,7,276,7,593.6385281385282,559.0,176.85,393.2,369.0,40.26,564.0,540.0,128.36,582.4545454545455,555.0,121.88,646.9102857142858,622.793,115.53,834.3478260869565,793.0,261.78,2022,4501040.0,Hindemithplatz,,
,,816,734,661,9,49,33,587,22,313,21,631.5025553662691,588.0,216.73,439.2857142857143,447.0,77.38,604.1315789473684,571.0,172.05,681.4736842105264,639.5,153.54,702.1992272727271,678.6255,96.02,752.96,677.0,281.43,2022,4501041.0,George-Grosz-Platz,,
,,3121,2842,2759,38,202,76,2336,140,1278,125,621.1078767123288,585.0,217.9,472.55,455.0,103.96,571.69375,570.5,159.07,691.493670886076,668.0,155.21,737.9420071428572,713.723,143.62,758.5535714285714,704.0,313.18,2022,4501042.0,Breitscheidplatz,,
,,1259,1149,1030,19,55,55,916,14,580,14,595.579694323144,555.5,199.09,399.53333333333336,428.0,78.24,534.1875,543.5,103.72,637.4848484848485,606.0,128.92,706.0433571428573,759.9915,117.98,784.3571428571429,631.0,338.95,2022,4501043.0,Preußenpark,,
,,743,663,607,14,51,29,548,34,338,32,601.5127737226277,550.5,224.86,478.2307692307692,419.0,152.57,506.0952380952381,492.5,76.81,624.609756097561,626.0,118.98,707.7547647058822,680.9105,149.53,754.4347826086956,632.0,310.65,2022,4501044.0,Ludwigkirchplatz,,
,,1288,1167,1059,20,71,50,910,38,520,34,607.5758241758242,569.0,210.6,424.6,425.0,98.54,539.5370370370371,523.5,122.85,719.0,700.0,135.94,750.2182894736842,738.487,111.92,740.7142857142857,626.5,270.05,2022,4501045.0,Schaperstraße,,
,,544,494,435,9,25,25,398,13,243,11,589.5879396984925,558.5,201.26,437.0,411.0,79.69,538.1578947368421,510.0,176.45,634.5625,655.5,169.03,710.1096923076923,614.28,177.77,882.9047619047619,698.0,424.26,2022,4501146.0,Barstraße,,
,,656,616,569,13,18,22,490,9,316,8,565.434693877551,529.5,207.55,449.0,468.5,100.83,506.7142857142857,438.5,204.7,724.6923076923077,641.0,339.25,684.6592222222223,684.307,137.37,806.2222222222222,659.0,399.61,2022,4501147.0,Leon-Jessel-Platz,,
,,821,446,409,4,15,38,353,5,222,5,597.4164305949008,556.0,206.87,370.75,383.0,71.91,601.8333333333334,479.5,319.87,629.1428571428571,656.0,79.03,660.7941999999999,602.674,120.36,738.3793103448276,638.0,276.94,2022,4501148.0,Brabanter Platz,,
,,1217,1074,981,18,44,51,864,17,542,16,584.9201388888889,543.5,197.5,397.75,367.5,81.43,548.8787878787879,518.0,133.5,669.65625,631.5,249.36,711.5420588235294,696.58,96.43,684.9473684210526,555.0,320.51,2022,4501149.0,Nikolsburger Platz,,
,,615,577,540,6,12,25,468,5,295,5,579.8482905982906,541.0,193.81,578.5,511.0,222.57,511.6666666666667,491.0,130.03,570.0,516.0,184.79,641.6972,616.5,63.44,754.8823529411765,561.0,402.03,2022,4501150.0,Wilhelmsaue,,
,,632,575,508,6,16,41,447,4,270,4,591.3691275167786,551.0,201.19,494.25,526.0,77.09,515.3846153846154,491.0,76.68,631.1,621.5,141.47,627.4145,617.242,59.79,866.03125,730.5,347.69,2022,4501151.0,Hildegardstraße,,
,,764,694,637,7,37,33,552,17,326,13,609.6503623188406,564.5,211.69,458.6,469.0,47.66,556.1379310344828,529.0,107.22,663.5714285714286,633.0,119.11,784.6614117647058,756.847,144.14,850.7916666666666,765.0,350.44,2022,4501152.0,Prager Platz,,
,,993,891,815,7,41,61,729,22,449,22,591.8641975308642,553.0,193.3,489.8333333333333,512.0,108.16,540.1428571428571,514.5,120.24,620.3793103448276,578.0,125.83,654.4244545454544,658.3905,103.93,904.72,764.5,395.73,2022,4501153.0,Babelsberger Straße,,
,,1004,874,790,12,21,45,671,9,106,3,814.5067064083457,781.0,242.11,745.2222222222222,716.0,157.76,734.6666666666666,715.5,67.47,890.0,748.0,315.08,1059.1921111111108,945.524,242.14,1105.7931034482758,1020.0,295.31,2022,5100101.0,Hakenfelde Nord,,
,,481,456,406,3,14,11,354,3,103,2,724.2372881355932,681.5,204.31,597.0,597.0,199.4,741.0,657.5,189.94,797.125,729.0,178.73,971.79,870.33,212.48,1165.25,1155.0,395.46,2022,5100102.0,Am Forstacker,,
,,615,581,524,6,18,16,461,5,156,2,721.5227765726681,683.0,232.99,568.5,569.5,111.27,756.875,716.0,217.91,867.0,719.0,296.2,1009.8214,962.85,200.03,1070.4,983.0,271.07,2022,5100103.0,Mertensstraße,,
,,1012,937,851,8,43,31,728,11,297,1,684.8681318681319,633.5,210.68,593.2,560.0,121.2,674.0,656.0,144.51,772.0384615384615,759.5,178.17,989.3622727272726,1018.1,77.61,947.2,863.0,387.37,2022,5100104.0,Maselake,,
,,808,755,698,10,19,33,601,1,235,1,679.5973377703828,640.0,212.84,526.5555555555555,563.0,124.77,726.9,685.5,195.63,811.8888888888889,713.0,192.13,818.34,818.34,,1055.2608695652175,962.0,343.19,2022,5100105.0,Amorbacher Weg,,
,,1131,631,561,8,28,21,465,6,191,3,705.5376344086021,639.0,251.16,543.6666666666666,556.0,166.74,861.6666666666666,837.5,107.76,881.6875,836.0,164.65,947.9801666666668,920.8355,184.13,1198.923076923077,1237.0,405.42,2022,5100206.0,Griesingerstraße,,
,,229,220,192,3,4,5,146,3,43,0,745.1712328767123,721.5,246.43,,,,707.6666666666666,682.0,53.35,994.5,980.5,60.52,1003.5506666666666,993.613,71.3,1131.0,1155.0,166.3,2022,5100207.0,An der Tränke,,
,,1504,1411,1275,17,28,65,1057,8,418,4,693.0321665089878,642.0,232.42,509.2307692307692,487.0,139.15,755.75,728.0,119.24,848.8,837.0,105.44,952.648375,902.223,190.71,1002.7272727272727,895.0,388.51,2022,5100208.0,Im Spektefeld,,
,,1462,1361,1198,18,28,73,1008,6,319,2,691.4434523809524,658.5,208.71,563.4615384615385,516.0,128.6,696.2105263157895,680.0,116.27,769.0714285714286,755.5,101.57,914.7615,968.585,123.05,1112.2727272727273,1073.0,355.59,2022,5100209.0,Westerwaldstraße,,
,,1030,961,850,15,36,33,730,8,322,7,660.9643835616438,625.0,210.44,569.8461538461538,558.0,79.51,717.2962962962963,684.0,143.99,748.952380952381,669.0,166.94,794.9925000000001,811.7705000000001,105.77,984.12,967.0,307.71,2022,5100210.0,Germersheimer Platz,,
,,741,694,620,13,18,29,534,3,214,3,663.1947565543071,632.0,201.4,570.5,583.0,155.93,604.3,677.0,226.7,692.6666666666666,748.5,184.39,785.1443333333333,792.457,45.6,899.7894736842105,799.0,329.05,2022,5100211.0,An der Kappe,,
,,395,366,332,2,11,18,293,2,135,1,645.8839590443686,611.0,202.29,534.0,534.0,46.67,585.625,587.0,105.91,606.8333333333334,575.0,88.6,825.0545,825.0545,187.78,1136.3846153846157,1295.0,408.9,2022,5100312.0,Eckschanze,,
,,1184,1101,1014,20,41,41,875,15,516,9,607.192,551.0,231.01,469.8888888888889,433.0,93.17,620.8421052631579,551.0,355.38,768.2727272727273,718.5,337.97,938.3148666666668,831.176,523.46,905.0689655172414,708.0,433.71,2022,5100313.0,Eiswerder,,
,,1189,777,694,14,40,38,601,14,365,11,580.7903494176372,528.0,227.4,408.6,403.5,75.38,627.44,538.0,281.15,663.1071428571429,645.0,181.52,830.6610000000001,791.3485000000001,185.24,908.4230769230768,851.0,450.86,2022,5100314.0,Kurstraße,,
,,738,676,613,13,23,39,538,3,293,1,619.7472118959108,578.0,220.1,492.45454545454544,461.0,116.17,633.2352941176471,583.0,163.96,690.6666666666666,636.5,205.38,911.8533333333334,907.49,135.53,780.2903225806451,645.0,295.99,2022,5100315.0,Ackerstraße,,
,,2371,2218,2079,23,63,90,1796,12,928,8,637.5083518930958,594.5,222.72,543.8235294117648,537.0,128.96,613.5277777777778,592.5,168.64,726.72,657.0,169.99,808.1374999999999,741.2415000000001,175.71,962.875,932.0,348.93,2022,5100316.0,Carl-Schurz-Straße,,
,,864,757,692,6,63,44,609,35,285,26,657.8275862068965,615.0,229.31,518.0,467.0,93.58,624.475,619.5,125.95,688.8979591836735,639.0,176.88,857.9915714285712,739.06,286.71,974.3333333333334,850.0,430.24,2022,5100317.0,Freiheit,,
,,238,220,193,3,4,14,149,4,30,0,840.4026845637584,783.0,306.02,853.0,853.0,,789.0,789.0,,998.5,998.5,160.51,1172.4275,1186.7865000000002,199.09,1237.4545454545455,1273.0,303.16,2022,5200418.0,Isenburger Weg,,
,,177,163,151,2,10,4,115,1,42,1,702.8521739130434,695.0,300.38,,,,691.3333333333334,746.5,142.69,871.5,871.5,205.77,743.277,743.277,,,,,2022,5200419.0,Am Heideberg,,
,,714,651,584,6,25,38,486,12,188,4,675.0329218106996,645.5,194.51,650.2,711.0,207.13,673.7368421052631,705.0,171.42,861.7894736842105,786.0,183.26,1015.0920833333332,952.3415,246.29,1045.2105263157894,997.0,403.32,2022,5200420.0,Staakener Straße,,
,,515,482,428,9,26,7,345,14,87,7,757.4811594202898,731.0,236.52,647.1666666666666,612.0,172.68,809.0625,805.5,195.39,930.8333333333334,891.0,111.38,927.3305,915.727,94.89,989.6,951.0,494.88,2022,5200421.0,Spandauer Straße,,
,,150,124,117,0,15,11,92,3,10,1,847.8804347826087,816.5,278.88,,,,860.8571428571429,865.0,193.73,1006.875,928.5,177.12,960.1693333333332,908.277,240.7,1043.1666666666667,989.5,370.42,2022,5200422.0,Werkstraße,,
,,936,891,800,11,17,28,653,3,163,3,753.9601837672282,717.0,251.43,587.8181818181819,567.0,136.77,765.6923076923077,776.0,91.89,799.6666666666666,802.0,76.86,843.8506666666667,817.943,45.43,927.75,994.0,409.81,2022,5200423.0,Magistratsweg,,
,,337,303,282,3,9,25,236,4,30,0,792.1737288135594,770.5,195.35,744.5,744.5,3.54,801.8333333333334,796.5,89.85,960.0,843.0,197.49,1069.754,1018.9295,160.18,1142.142857142857,1061.5,441.16,2022,5200524.0,Döberitzer Weg,,
,,298,271,247,8,15,12,211,3,19,3,794.6919431279621,776.0,210.4,579.0,629.0,168.34,799.875,786.0,118.04,860.0,804.0,113.52,854.5513333333333,869.0,41.12,1404.0,1526.0,372.22,2022,5200525.0,Pillnitzer Weg,,
,,769,696,614,8,38,35,522,16,88,7,754.5134099616859,711.5,208.98,695.75,664.5,95.88,802.5882352941177,755.0,210.3,867.64,859.0,156.44,980.9261875,919.985,201.13,1026.8636363636365,933.5,307.03,2022,5200526.0,Rudolf-Wissell-Großsiedlung,,
,,1912,1692,1497,26,143,77,1280,61,346,36,712.8875,669.5,207.77,566.5,554.0,121.34,713.7682926829268,678.0,214.44,799.7701149425287,771.0,192.47,892.1191639344258,854.36,142.63,1076.2307692307693,908.0,406.57,2022,5200527.0,Maulbeerallee,,
,,938,855,775,13,32,51,661,5,165,2,719.0907715582451,674.0,200.34,581.1428571428571,579.0,56.46,712.8125,714.0,102.23,797.8888888888889,802.0,123.19,1146.8206,921.52,577.98,989.5757575757576,832.0,438.82,2022,5200528.0,Weinmeisterhornweg,,
,,2048,1912,1789,24,72,63,1541,25,848,19,629.8585334198573,584.0,215.2,532.9444444444445,538.0,96.18,628.5227272727273,613.5,86.68,652.9444444444445,623.0,122.35,837.0723999999999,755.263,326.79,934.25,811.0,408.55,2022,5200629.0,Borkumer Straße,,
,,1250,1174,1075,19,27,49,929,9,536,5,620.4876210979548,559.0,222.66,479.25,474.5,80.92,532.4166666666666,543.5,147.69,700.0,566.5,314.05,977.2473333333334,870.827,316.06,867.0,721.5,383.09,2022,5200630.0,Wilhelmstadt West,,
,,962,894,796,15,20,47,682,1,433,1,577.1539589442815,503.0,220.68,450.25,417.0,107.37,484.75,461.5,96.63,580.25,511.0,226.01,632.797,632.797,,827.3142857142857,685.0,440.94,2022,5200631.0,Wilhelmstadt Ost,,
,,636,590,529,7,20,26,465,5,261,5,628.7913978494623,582.0,198.12,578.6,542.0,157.99,607.2,580.0,156.3,731.125,721.5,171.16,776.5642,771.227,68.1,967.1176470588236,860.0,442.7,2022,5200632.0,Tiefwerder,,
,,446,417,372,5,10,19,325,2,162,2,664.9292307692308,601.0,231.05,487.5,483.0,74.43,595.625,572.0,158.12,622.0,588.5,114.95,758.2685,758.2685,197.32,959.1666666666666,865.5,376.42,2022,5200633.0,Graetschelsteig,,
,,641,574,538,9,14,48,464,4,189,3,690.1228448275862,635.0,218.81,485.0,497.5,99.98,641.7142857142857,616.0,114.3,651.625,598.5,149.82,947.61925,869.19,164.12,959.5,871.5,403.65,2022,5200634.0,Börnicker Straße,,
,,241,223,203,0,7,11,185,2,39,0,720.0378378378379,696.0,158.09,,,,667.8333333333334,676.0,85.61,1009.5,1009.5,62.93,1076.705,1076.705,42.76,854.0,791.0,157.13,2022,5300735.0,Haveleck,,
,,740,665,621,4,28,47,523,15,208,10,685.0133843212237,655.0,219.77,537.0,549.5,31.06,708.4444444444445,676.5,144.78,815.4782608695652,731.0,296.39,907.5120666666668,809.687,278.08,1024.878787878788,1024.0,362.86,2022,5300736.0,Zitadellenweg,,
,,1671,1561,1404,21,38,71,1215,3,503,2,660.9456790123456,652.0,233.39,598.5714285714286,575.5,292.85,849.2105263157895,787.0,264.54,901.9,843.5,174.34,987.2000000000002,865.077,258.03,974.809523809524,858.0,334.86,2022,5300737.0,Gartenfelder Straße,,
,,61,35,34,0,22,4,31,21,10,9,725.4193548387096,688.0,269.71,,,,690.2857142857143,684.0,104.34,848.45,810.5,105.94,984.5030476190474,973.846,139.36,1007.0,1007.0,,2022,5300838.0,Gartenfeld,,
,,979,886,776,15,41,52,694,7,328,3,673.8371757925072,617.5,225.69,476.3,466.0,81.11,669.421052631579,585.0,225.42,837.2222222222222,857.0,124.63,894.0981428571429,906.426,188.26,868.6666666666666,767.0,307.25,2022,5300839.0,Rohrdamm,,
,,334,281,272,1,31,22,239,21,120,14,627.6150627615062,596.0,224.0,340.0,340.0,,657.2083333333334,641.5,139.35,803.6818181818181,854.0,171.01,909.9174761904762,876.714,159.34,823.0625,723.0,372.29,2022,5300840.0,Nonnendammallee,,
,,578,520,465,4,32,26,415,12,254,8,597.089156626506,522.0,228.77,405.3333333333333,400.0,24.44,508.27777777777777,487.5,112.06,742.6470588235294,761.0,129.54,878.4963333333332,866.672,127.03,731.8181818181819,662.5,216.37,2022,5300841.0,Siemensdamm,,
,,750,449,419,6,17,64,298,4,82,1,750.5369127516778,703.0,277.2,646.2,602.0,165.82,703.5,682.5,201.56,1036.4,1146.0,234.46,1148.14925,1187.6135,331.48,907.2222222222222,828.5,361.68,2022,5400942.0,Alt-Gatow,,
,,787,641,584,14,14,131,433,2,216,0,691.5173210161663,601.0,268.24,667.1428571428571,611.0,201.05,992.25,955.5,253.41,1153.0,1192.0,169.89,1693.3015,1693.3015,780.06,1031.0697674418604,983.0,336.21,2022,5400943.0,Jägerallee,,
,,345,327,308,7,1,17,234,0,130,0,662.7777777777778,551.0,334.03,446.0,444.0,50.0,780.0,780.0,,,,,,,,920.0,857.0,300.2,2022,5400944.0,Kladower Damm,,
,,382,332,308,5,2,48,232,1,85,0,768.2413793103449,665.5,319.49,571.0,571.0,42.43,944.0,944.0,,1283.0,1283.0,,1303.47,1303.47,,1078.5833333333333,1039.0,289.39,2022,5400945.0,Kafkastraße,,
,,976,909,846,17,28,39,744,7,384,6,625.3279569892474,596.5,204.02,485.3571428571428,502.0,98.62,521.9090909090909,508.0,38.67,756.2142857142857,788.5,193.58,878.4757142857144,845.207,239.85,981.2272727272727,887.5,368.6,2022,6100101.0,Fichtenberg,,
,,1226,1108,1036,14,71,47,907,22,487,18,603.0418963616318,577.0,190.87,475.9,491.5,108.71,562.475,515.5,140.72,754.5384615384615,747.0,122.67,806.8378181818182,758.685,124.67,766.9032258064516,630.0,382.0,2022,6100102.0,Schloßstraße,,
,,935,836,785,8,69,30,688,26,357,20,628.9273255813954,589.0,208.42,485.2,476.0,76.84,576.6857142857143,523.0,147.09,763.2631578947369,748.5,153.39,837.9372692307693,807.9585,171.81,756.0555555555555,747.5,172.85,2022,6100103.0,Markelstraße,,
,,652,607,529,4,16,29,462,1,220,0,634.1753246753246,608.0,200.79,539.5,538.0,120.33,590.5,577.0,85.55,753.5,756.0,67.19,974.877,974.877,,923.0526315789474,752.0,463.03,2022,6100204.0,Munsterdamm,,
,,867,812,732,11,22,33,645,4,344,3,610.3829457364341,587.0,182.58,481.6666666666667,453.0,78.62,660.2941176470588,570.0,272.56,772.8571428571429,754.5,112.91,843.517,810.5005,201.94,873.7916666666666,748.0,338.08,2022,6100205.0,Südende,,
,,900,863,790,16,11,26,691,0,382,0,622.6526772793054,575.0,219.4,489.7692307692308,502.0,97.2,509.25,516.0,72.08,699.0,654.0,150.18,,,,923.3571428571428,717.5,443.36,2022,6100206.0,Stadtpark,,
,,782,730,650,4,23,29,546,6,325,5,586.8534798534798,555.5,208.48,449.0,449.0,,623.6,542.0,205.6,855.3333333333334,791.0,158.33,831.2476666666665,814.563,89.52,851.5,673.5,439.0,2022,6100207.0,Mittelstraße,,
,,664,602,533,6,22,40,453,3,245,3,596.5739514348786,566.0,230.89,568.0,568.0,165.46,628.6,676.0,159.36,707.0,659.0,165.32,722.0076666666668,695.73,48.08,940.4444444444443,860.0,391.94,2022,6100208.0,Bergstraße,,
,,943,876,794,13,26,41,684,3,398,2,606.9166666666666,564.0,208.93,450.8,429.5,62.42,611.3,550.5,165.44,726.7692307692307,737.0,110.26,856.8366666666667,886.567,81.64,1007.6296296296296,991.0,412.31,2022,6100209.0,Feuerbachstraße,,
,,429,403,369,6,13,13,319,6,195,6,584.2789968652038,548.0,195.06,385.2,363.0,71.06,616.625,567.0,189.91,737.5,731.5,127.57,746.2703333333334,753.9365,42.35,940.2,632.0,505.64,2022,6100210.0,Bismarckstraße,,
,,531,489,443,3,10,32,398,2,141,1,685.929648241206,640.0,202.99,447.3333333333333,453.0,100.62,587.5,574.5,117.16,823.5,821.0,137.56,930.06,930.06,273.75,1036.0,905.0,467.07,2022,6200311.0,Alt-Lankwitz,,
,,829,777,704,12,17,35,624,6,301,4,645.8894230769231,607.5,184.65,507.0,539.0,101.4,668.4444444444445,673.0,149.07,740.25,748.0,153.39,808.0,838.6315,140.15,830.4285714285714,720.0,319.53,2022,6200312.0,Komponistenviertel Lankwitz,,
,,925,861,778,10,24,40,696,1,362,1,625.6221264367816,594.0,204.28,497.7142857142857,455.0,118.01,693.7857142857143,671.5,124.48,738.3076923076923,719.0,97.02,725.08,725.08,,1189.8260869565215,1064.0,460.61,2022,6200313.0,Lankwitz Kirche,,
,,742,693,615,12,16,33,530,3,250,3,639.8698113207547,611.0,190.63,482.0,493.0,83.04,622.8333333333334,606.5,112.63,869.4166666666666,812.0,147.19,811.8090000000001,822.513,27.72,1062.0526315789473,932.0,475.6,2022,6200314.0,Kaiser-Wilhelm-Straße,,
,,1171,943,851,13,21,22,726,10,286,6,678.0853994490358,653.5,219.36,511.61538461538464,510.0,111.45,777.5,697.0,200.55,842.6,780.0,179.79,909.1291,829.3465000000001,175.09,1112.3333333333333,830.5,501.21,2022,6200315.0,Gallwitzallee,,
,,743,689,635,13,35,19,559,13,265,10,663.0161001788908,609.0,202.19,524.6,516.5,115.7,657.0952380952381,604.0,151.17,812.9090909090909,780.0,162.53,859.3693076923076,787.653,145.44,1352.6923076923076,1546.0,422.64,2022,6200316.0,Belßstraße,,
,,603,562,507,10,14,27,443,1,193,1,664.196388261851,623.0,212.6,569.375,608.5,132.36,538.2857142857143,506.0,112.31,892.0,831.0,162.8,895.327,895.327,,1061.3333333333333,882.5,459.31,2022,6200317.0,Lankwitz Süd,,
,,2,1,1,0,0,1,1,0,0,0,1117.0,1117.0,,,,,,,,,,,,,,,,,2022,6200418.0,Landweg,,
,,552,510,449,7,16,26,380,3,116,1,734.8078947368421,697.0,208.57,683.6666666666666,596.5,153.27,731.0,728.0,170.04,882.5714285714286,884.0,67.43,935.2000000000002,911.57,98.27,1027.388888888889,972.5,357.32,2022,6200419.0,Thermometersiedlung,,
,,872,816,725,12,19,37,627,1,197,0,721.5566188197768,688.0,215.33,580.4444444444445,530.0,126.62,706.0,682.0,176.47,819.8333333333334,803.5,94.41,995.603,995.603,,868.5454545454545,779.0,291.31,2022,6200420.0,Lichterfelde Süd,,
,,1282,980,905,15,28,52,766,8,409,5,623.2571801566579,576.5,230.28,541.8888888888889,484.0,150.53,671.2,549.0,235.15,796.5,729.0,184.5,934.02275,843.105,271.71,816.6333333333333,759.5,376.4,2022,6200421.0,Königsberger Straße,,
,,850,784,724,12,24,42,622,12,289,10,656.4967845659164,621.5,218.49,503.8181818181818,495.0,55.5,575.4285714285714,528.0,121.85,771.0714285714286,743.0,131.52,818.5520000000001,802.2135000000001,106.47,1147.8823529411766,1046.0,517.19,2022,6200422.0,Oberhofer Platz,,
,,1104,1048,946,15,30,26,804,8,183,3,742.155472636816,702.0,206.79,525.5,523.0,69.66,768.8,692.0,181.88,881.3076923076923,865.0,220.83,955.193625,971.1335,87.95,1034.857142857143,962.5,370.32,2022,6200423.0,Schütte-Lanz-Straße,,
,,628,580,502,9,10,38,451,3,139,2,745.9068736141907,697.0,242.88,646.4,583.0,153.7,615.7142857142857,616.0,95.96,1050.0,886.0,356.56,872.4223333333333,843.777,114.71,1096.608695652174,935.0,473.47,2022,6300524.0,Berlepschstraße,,
,,565,543,491,3,6,16,421,3,55,1,809.166270783848,765.0,213.57,751.5,751.5,309.01,736.4,693.0,128.06,813.0,830.0,70.88,970.9753333333334,953.6,150.31,1148.7,1157.0,339.94,2022,6300525.0,Zehlendorf Süd,,
,,662,620,586,6,13,29,485,2,234,1,649.441237113402,619.0,242.83,399.6666666666667,384.0,38.94,737.5,614.5,342.96,483.0,483.0,56.57,1060.668,1060.668,413.63,861.4,659.0,462.62,2022,6300526.0,Zehlendorf Mitte,,
,,778,724,661,11,14,40,592,1,312,1,644.3277027027027,582.0,251.96,464.6666666666667,459.0,77.3,510.0,508.0,49.89,687.25,706.0,128.96,728.744,728.744,,915.0,736.0,479.8,2022,6300527.0,Sundgauer Straße,,
,,1572,1187,1103,14,28,75,967,12,294,6,748.0444674250258,699.0,245.1,532.0,505.0,70.86,677.5555555555555,632.5,234.24,742.8,738.0,121.98,925.01075,892.7685,139.15,866.2340425531914,811.0,315.09,2022,6300528.0,Teltower Damm,,
,,684,620,565,10,23,40,508,6,250,3,647.6240157480315,602.0,200.47,527.8,525.0,65.65,695.4166666666666,594.0,342.43,783.375,705.5,270.74,888.0375,848.491,206.29,946.2857142857144,733.0,426.51,2022,6300629.0,Botanischer Garten,,
,,1110,577,510,3,36,29,421,23,214,19,640.8147268408551,599.0,222.04,452.0,452.0,,603.8,566.0,153.18,759.2592592592592,745.0,204.06,857.5076956521739,829.98,101.32,1213.0,1410.0,506.42,2022,6300630.0,Hindenburgdamm,,
,,452,409,373,3,24,19,315,13,105,6,714.6190476190476,681.0,236.47,457.0,457.0,32.53,803.5384615384615,733.0,249.83,822.5333333333333,770.0,185.52,952.5785384615384,943.784,191.85,896.9375,807.5,419.68,2022,6300631.0,Goerzwerke,,
,,1391,1296,1170,21,37,58,1024,14,393,8,713.94921875,647.5,250.01,562.3571428571429,501.5,164.98,626.05,621.5,117.0,736.1333333333333,730.5,111.93,865.4030000000001,792.3365,203.79,780.2058823529412,776.0,260.91,2022,6300632.0,Schweizer Viertel,,
,,1074,989,901,21,21,64,773,2,380,2,641.9702457956015,602.0,200.73,511.8333333333333,503.5,82.55,626.5833333333334,576.0,165.69,757.0,725.5,103.46,816.77,816.77,92.29,1026.3529411764705,900.5,427.06,2022,6300633.0,Augustaplatz,,
,,955,892,800,8,18,45,707,3,346,2,653.7623762376238,604.0,197.89,510.2,505.0,123.04,684.2,665.0,157.32,686.75,646.5,100.46,850.6943333333334,814.79,127.6,926.0454545454544,702.5,500.78,2022,6300634.0,Lichterfelde West,,
,,1555,1395,1281,19,40,97,1044,5,327,1,751.8869731800767,704.0,264.73,610.8181818181819,645.0,187.75,943.7142857142856,874.0,306.55,979.8888888888888,1030.0,135.8,1024.8162,1088.9,146.65,1002.8297872340426,984.0,415.32,2022,6400735.0,Wannsee,,
,,730,601,550,7,17,27,473,4,104,0,788.4355179704017,717.0,273.52,616.3333333333334,630.0,98.76,759.625,674.5,334.31,944.125,1018.5,126.84,1095.8000000000002,1051.2885,115.14,992.4375,956.5,289.5,2022,6400736.0,Düppel,,
,,1743,1373,1251,16,66,144,1036,3,460,3,692.8803088803089,622.5,250.94,594.4166666666666,589.5,108.83,771.75,734.0,210.48,792.5555555555555,814.0,285.64,685.3866666666667,739.866,206.24,932.3768115942028,812.0,394.34,2022,6400737.0,Nikolassee,,
,,939,664,613,12,17,60,534,0,139,0,739.1179775280899,687.0,223.21,591.0,576.0,84.43,671.5,654.0,138.54,834.6666666666666,699.0,244.57,,,,1039.2758620689656,879.0,488.61,2022,6400838.0,Krumme Lanke,,
,,668,622,568,11,11,35,492,2,201,0,688.7357723577236,649.5,217.38,530.6666666666666,495.0,101.99,625.0,607.0,43.34,635.2,631.0,69.27,1076.2179999999998,1076.2179999999998,72.89,859.5,656.0,421.55,2022,6400839.0,Fischerhüttenstraße,,
,,627,565,510,11,14,48,452,2,149,1,751.5088495575221,740.0,240.01,639.5,574.0,220.42,674.25,658.0,125.37,638.3333333333334,627.0,128.33,865.9549999999999,865.9549999999999,57.34,1039.2727272727273,873.0,459.58,2022,6400840.0,Fischtal,,
,,738,686,621,6,15,37,549,3,281,3,633.0510018214936,589.0,258.96,467.25,464.0,29.64,492.0,485.0,130.57,645.9166666666666,642.0,145.74,729.5586666666667,717.696,23.88,943.3,681.5,511.07,2022,6400841.0,Zehlendorf Eiche,,
,,552,499,467,6,17,31,412,6,126,5,750.9077669902913,720.5,245.43,725.3333333333334,630.0,309.23,647.0,643.0,127.3,781.6363636363636,686.0,228.5,851.9963333333332,857.1265000000001,94.91,1008.4736842105264,833.0,470.79,2022,6400842.0,Hüttenweg,,
,,500,417,376,5,40,43,335,18,180,13,650.3373134328358,588.0,217.65,521.5,533.5,67.48,676.2,647.0,105.38,724.4375,685.0,149.46,837.4775000000003,795.6685,194.93,995.7241379310344,860.0,456.43,2022,6400843.0,Thielallee,,
,,920,801,730,11,42,77,649,11,208,9,690.0631741140215,664.0,192.5,585.3,578.0,126.91,682.0,655.5,94.59,783.2692307692307,786.5,122.78,841.6179999999999,853.65,113.41,1076.0,1170.0,434.99,2022,6400844.0,Dahlem,,
,,1684,1551,1434,16,67,65,1262,33,634,32,636.8961965134707,599.5,208.9,521.0,523.0,77.47,545.953488372093,539.0,109.1,702.2083333333334,684.5,142.95,724.1514848484849,709.263,82.67,885.58,896.0,298.43,2022,7100101.0,Wittenbergplatz,,
,,1561,1411,1300,15,67,83,1126,27,614,24,620.4325044404974,588.0,191.84,509.7692307692308,511.0,141.69,557.2093023255813,552.0,100.76,671.6888888888889,651.0,117.73,768.3772222222223,748.883,128.25,823.7936507936508,765.0,276.66,2022,7100102.0,Kalckreuthstraße,,
,,1094,1000,924,3,42,52,809,12,426,10,624.1779975278121,589.0,209.12,547.0,547.0,,591.7368421052631,607.0,101.65,696.1,683.0,119.95,771.7181666666667,756.37,153.79,856.4358974358975,776.0,285.44,2022,7100103.0,Frobenstraße,,
,,765,687,614,7,36,42,547,12,315,12,615.9853747714808,573.0,198.44,422.6,412.0,85.65,534.2173913043479,521.0,68.92,634.0,630.0,106.1,708.3383333333333,677.527,64.62,858.3076923076923,901.0,279.3,2022,7100204.0,Barbarossaplatz,,
,,718,651,601,5,27,40,516,10,265,9,644.281007751938,596.0,245.45,561.5,549.5,52.31,614.8888888888889,592.0,118.69,751.1428571428571,743.0,163.47,798.7737999999999,785.56,122.47,847.1034482758621,835.0,365.11,2022,7100205.0,Alvenslebenstraße,,
,,912,833,751,12,36,43,671,9,372,8,619.7183308494784,577.0,200.4,506.5,496.5,80.44,591.8333333333334,599.5,96.13,784.3076923076923,727.0,235.52,787.6071111111112,787.334,81.06,889.8333333333334,874.0,275.68,2022,7100206.0,Großgörschenstraße,,
,,1011,925,849,17,24,62,748,5,427,5,615.3328877005348,572.0,216.1,435.3333333333333,454.0,98.9,524.9444444444445,505.5,239.92,668.2222222222222,622.5,138.36,660.8452,647.897,42.55,970.5365853658536,896.0,363.15,2022,7200307.0,Bayerischer Platz,,
,,1200,1099,981,17,44,57,838,17,529,17,590.8436754176611,546.5,207.23,459.22222222222223,479.0,63.61,553.8965517241379,528.0,138.53,698.12,668.0,138.12,730.3688823529412,746.013,87.33,856.8780487804878,798.0,318.77,2022,7200308.0,Volkspark (Rudolph-Wilde-Park),,
,,1128,1032,937,11,38,58,816,11,532,10,587.5747549019608,536.5,213.56,463.8333333333333,467.0,121.7,507.68,465.0,105.05,722.7826086956521,727.0,129.3,743.9757272727273,739.586,112.77,968.1463414634146,933.0,375.14,2022,7200409.0,Belziger Straße,,
,,893,830,762,8,35,28,661,10,448,9,541.517397881997,494.0,210.03,403.0,441.0,82.2,466.6,453.0,130.04,657.7368421052631,663.0,95.85,742.5917999999999,751.912,96.74,941.95,956.5,518.95,2022,7200410.0,Feurigstraße,,
,,326,306,278,1,8,12,239,2,144,2,587.2887029288703,546.0,224.01,,,,702.3333333333334,678.0,62.18,703.6666666666666,795.0,215.07,774.2750000000001,774.2750000000001,29.44,799.8888888888889,831.0,261.36,2022,7200411.0,Julius-Leber-Brücke,,
,,252,220,209,3,20,12,186,11,102,9,630.2688172043011,575.5,229.41,463.5,463.5,44.55,548.7692307692307,519.0,66.96,698.4666666666667,593.0,220.18,803.0234545454546,750.684,165.64,1072.625,1105.0,421.11,2022,7200412.0,Schöneberger Linse,,
,,1001,916,869,10,45,40,780,24,445,17,626.001282051282,567.5,228.49,548.375,489.0,166.12,604.5405405405405,586.0,150.57,704.448275862069,684.0,150.49,838.4284583333333,764.4485,196.44,932.96,947.0,334.82,2022,7200413.0,Cheruskerstraße,,
,,312,270,241,0,23,19,217,9,133,6,605.4101382488479,558.0,219.22,,,,498.07142857142856,476.5,164.32,831.1,827.5,154.78,927.923,788.46,415.6,1109.5833333333333,1010.0,369.0,2022,7200414.0,Hohenfriedbergstraße,,
,,487,452,407,4,14,21,363,4,187,3,617.633608815427,589.0,190.09,506.0,506.0,79.2,576.0,595.0,86.48,653.0,670.5,184.4,778.145,745.9549999999999,167.47,940.0,792.5,466.15,2022,7300515.0,Taunusstraße,,
,,791,741,670,7,25,24,583,7,327,4,616.0771869639794,570.0,216.8,436.6666666666667,474.0,109.54,645.3076923076923,626.0,132.03,683.3,678.5,114.71,1017.9795714285714,798.537,576.12,899.95,725.5,439.45,2022,7300516.0,Odenwaldstraße,,
,,962,864,782,12,41,57,701,18,390,17,612.2895863052781,570.0,210.06,508.4,476.5,117.32,580.1481481481482,593.0,107.37,694.25,652.5,195.17,709.5443333333333,685.2080000000001,139.09,957.404761904762,891.0,438.89,2022,7300517.0,Perelsplatz,,
,,836,770,694,12,25,41,597,6,338,6,612.8358458961474,563.0,203.2,477.6666666666667,489.0,107.07,630.3571428571429,622.0,87.33,718.6428571428571,679.5,168.12,724.4351666666666,754.9000000000001,104.02,948.6774193548388,844.0,421.06,2022,7300618.0,Ceciliengärten,,
,,2154,1243,1141,23,75,110,977,32,517,25,626.7891504605936,588.0,207.31,481.875,476.0,62.4,593.1590909090909,550.5,113.48,704.4146341463414,706.0,89.04,793.4705625,772.2045,118.24,863.0833333333334,758.5,375.65,2022,7300619.0,Grazer Platz,,
,,2264,1490,1364,15,34,71,1233,8,686,6,623.4030819140308,573.0,222.1,468.6363636363636,451.0,127.95,600.68,607.0,117.13,745.6315789473684,740.0,149.69,773.853375,746.1785,140.62,904.3555555555556,824.0,394.44,2022,7400720.0,Gontermannstraße,,
,,882,779,737,8,69,33,666,17,293,12,691.0690690690691,636.5,276.04,507.125,493.5,147.22,604.0555555555555,584.0,149.67,690.2608695652174,674.0,150.83,812.386117647059,793.887,182.3,858.0416666666666,774.0,362.57,2022,7400721.0,Paradestraße,,
,,543,475,438,4,38,30,388,18,178,14,661.3092783505155,619.0,224.67,502.0,502.0,11.31,581.3846153846154,553.0,125.47,671.7083333333334,659.0,114.46,812.4912222222224,783.3900000000001,181.38,802.2142857142857,728.5,331.51,2022,7400822.0,Lindenhofsiedlung,,
,,1101,1024,923,12,25,52,827,5,483,3,585.7944377267231,562.0,186.25,490.4,496.5,84.02,617.3,546.0,237.77,674.1818181818181,783.0,216.65,798.5930000000001,853.49,228.97,927.2142857142856,771.0,377.48,2022,7400823.0,Wittekindstraße,,
,,1101,1001,927,14,38,62,829,8,487,7,582.2569360675512,527.0,250.36,406.8181818181818,325.0,169.07,509.53333333333336,482.0,135.57,700.4166666666666,732.5,196.42,763.184625,739.7605,132.49,790.8444444444444,685.0,421.62,2022,7400824.0,Bosepark,,
,,680,628,569,10,26,26,513,5,311,5,596.0370370370371,556.0,201.85,455.44444444444446,448.0,69.46,516.1666666666666,487.5,107.78,745.7,707.5,99.03,722.9015999999999,789.124,123.44,930.3529411764706,763.0,435.4,2022,7400825.0,Friedrich-Karl-Straße,,
,,632,603,535,11,13,16,483,4,278,3,619.2070393374742,574.0,212.91,503.3,496.0,33.0,607.375,576.0,112.38,735.0,729.0,107.59,785.9627499999999,707.8054999999999,256.73,992.5555555555557,692.0,433.44,2022,7400826.0,Marienhöhe,,
,,2253,1806,1646,22,96,105,1458,37,799,32,612.1941015089163,569.0,231.9,490.3684210526316,430.0,157.68,572.4727272727273,541.0,146.97,703.047619047619,705.0,119.29,794.7878378378379,729.547,163.71,966.8219178082192,881.0,406.54,2022,7400927.0,Rathaus Tempelhof,,
,,455,416,371,5,18,21,331,8,166,5,657.0996978851964,598.0,227.76,523.25,515.5,31.64,715.8,582.0,281.47,672.7,649.5,109.46,815.93225,820.4065,174.11,991.3333333333334,997.0,588.69,2022,7400928.0,Germaniagarten,,
,,983,913,801,9,26,44,706,10,422,5,611.8966005665723,559.5,222.37,452.0,478.0,110.03,667.7333333333333,657.0,154.33,719.6666666666666,664.0,127.15,915.404,871.6614999999999,212.63,869.2903225806451,715.0,420.15,2022,7501029.0,Ringstraße,,
,,1251,1190,1056,13,28,33,957,10,634,6,585.5475444096134,537.0,217.21,445.0,422.0,65.48,635.3333333333334,612.0,177.37,699.1333333333333,645.0,141.84,846.0346,849.36,113.69,872.6086956521739,765.0,443.03,2022,7501030.0,Machonstraße,,
,,1127,1037,933,11,31,59,846,9,440,8,641.6063829787234,594.5,209.33,510.5,526.5,84.77,641.8571428571429,616.5,136.95,716.1875,707.0,148.04,751.3246666666669,769.73,129.31,1122.7837837837835,939.0,446.86,2022,7501031.0,Eisenacher Straße,,
,,639,604,546,10,12,23,480,3,146,2,716.58125,668.0,213.81,531.4,601.0,142.9,624.5,632.0,142.84,833.7777777777778,867.0,137.24,818.0843333333333,812.586,84.95,1222.8,1370.0,495.34,2022,7501032.0,Imbrosweg,,
,,1610,1504,1379,21,50,55,1241,20,800,14,577.9476228847703,522.0,208.4,397.6470588235294,407.0,89.05,595.84,559.0,177.64,789.0967741935484,740.0,144.82,873.3822,854.325,158.47,803.2121212121212,616.0,456.26,2022,7501133.0,Fritz-Werner-Straße,,
,,1214,1139,1034,16,23,52,916,3,425,0,655.7368995633187,609.0,204.98,586.5,513.5,236.85,701.0833333333334,695.5,100.92,820.4444444444445,841.0,161.7,962.3286666666668,969.19,12.99,953.1538461538462,815.0,373.28,2022,7501134.0,Hundsteinweg,,
,,297,281,255,3,3,13,225,0,132,0,607.72,573.0,196.69,452.6666666666667,473.0,110.91,343.5,343.5,289.21,669.0,669.0,152.74,,,,1247.8,1469.0,533.04,2022,7501135.0,Birnhornweg,,
,,1210,1144,1000,21,24,42,895,4,432,0,654.0972067039106,608.0,218.81,537.5,512.0,115.22,725.5,644.0,175.07,805.4545454545455,782.0,165.08,1019.48725,1015.8529999999998,27.25,910.55,781.5,416.29,2022,7601236.0,Marienfelder Allee Nordwest,,
,,504,463,405,2,15,26,349,4,161,1,658.21776504298,623.0,226.37,463.0,463.0,8.49,600.2,559.0,163.92,851.2857142857143,875.0,254.82,916.382,909.291,39.6,854.0909090909091,689.0,423.34,2022,7601237.0,Kirchstraße,,
,,470,410,376,5,32,28,332,13,160,6,673.683734939759,606.0,238.35,662.0,696.0,143.33,639.1333333333333,560.0,221.79,824.7333333333333,828.0,166.42,908.4216923076924,926.886,157.47,939.6315789473684,771.0,490.97,2022,7601238.0,Marienfelde Nordost,,
,,831,782,679,10,22,27,596,7,199,2,708.6090604026846,671.0,211.09,647.625,619.5,127.09,757.8,699.0,165.66,830.3636363636364,815.0,117.74,982.9765714285714,1047.38,123.3,947.1764705882352,906.0,316.26,2022,7601339.0,Tirschenreuther Ring West,,
,,1010,952,862,13,26,32,764,6,285,0,691.1178010471205,644.5,212.98,467.3333333333333,485.0,109.71,741.6363636363636,667.0,171.18,910.6666666666666,872.0,179.44,1004.5693333333334,978.8935,79.26,839.7368421052631,760.0,278.55,2022,7601340.0,Tirschenreuther Ring Ost,,
,,439,374,341,5,35,30,295,11,98,1,708.4610169491525,658.0,243.24,619.75,592.5,103.71,913.4,907.0,268.45,901.1176470588236,890.0,152.92,1164.4129999999998,1108.114,194.1,1163.7857142857142,1108.5,430.36,2022,7601341.0,Diedersdorfer Weg,,
,,1230,1159,1049,16,23,48,883,5,297,1,711.6240090600227,666.0,225.97,578.5384615384615,577.0,103.08,744.1428571428571,684.0,188.33,847.875,850.5,109.63,1020.5396,1046.66,154.23,1052.7142857142858,1103.0,453.98,2022,7601442.0,Kettinger Straße,,
,,1054,983,880,11,19,52,753,2,264,0,709.9588313413014,676.0,245.39,456.2,490.0,159.44,791.4,723.0,199.96,875.4545454545455,846.0,132.23,1078.262,1078.262,83.9,1212.4545454545455,1171.5,411.15,2022,7601443.0,Töpchiner Weg,,
,,1295,1214,1114,22,32,49,918,7,337,0,734.5054466230937,690.0,258.91,626.0,585.0,142.77,768.1578947368421,749.0,238.84,999.0714285714286,984.5,163.04,1133.3378571428573,1123.97,184.14,1199.8275862068965,1286.0,392.19,2022,7601544.0,John-Locke-Straße,,
,,1132,1071,950,18,20,41,767,7,320,2,713.2359843546284,680.0,276.87,535.5384615384615,550.0,151.26,719.7692307692307,702.0,117.74,921.9166666666666,914.5,122.56,989.4102857142856,975.9,148.29,1053.6842105263158,934.0,351.63,2022,7601545.0,Nahariyastraße,,
,,652,589,522,15,12,50,428,2,96,0,782.0700934579439,727.5,249.69,677.3846153846154,697.0,141.57,1036.857142857143,959.0,261.95,1096.875,1069.0,179.31,1328.1915,1328.1915,2.22,1215.578947368421,1363.0,453.26,2022,7601546.0,Franziusweg,,
,,504,461,410,9,17,26,348,6,98,0,788.5977011494252,741.5,280.04,606.375,594.0,185.37,688.5,707.0,143.65,979.0,944.0,285.69,1186.3028333333334,1207.522,135.22,1292.5833333333333,1191.0,386.89,2022,7601547.0,Horstwalder Straße,,
,,275,250,216,4,4,21,179,1,61,0,772.5530726256983,738.0,275.27,843.5,805.5,99.69,947.0,947.0,291.33,1217.0,1217.0,,1178.387,1178.387,,1324.625,1316.5,398.69,2022,7601548.0,Wittelsbacherstraße,,
,,746,673,632,9,47,26,542,8,250,8,651.0756457564576,614.5,205.66,422.5,422.5,112.43,628.3333333333334,600.0,167.17,658.48,667.0,125.3,696.462125,696.018,94.97,1051.05,1009.0,348.64,2022,8100101.0,Hasenheide,,
,,940,866,801,15,40,34,720,8,333,8,656.2888888888889,611.0,204.34,528.9090909090909,508.0,94.84,574.8148148148148,576.0,65.21,619.125,610.5,83.96,653.552,676.845,97.71,1099.4814814814815,1100.0,432.22,2022,8100102.0,Schillerpromenade Nord,,
,,891,826,760,10,38,27,660,10,305,10,656.7484848484848,615.0,218.23,533.6,515.0,118.95,564.7692307692307,540.5,91.91,689.7083333333334,605.0,203.1,748.2238,742.207,92.02,744.2222222222222,651.0,242.86,2022,8100103.0,Schillerpromenade Süd,,
,,811,736,662,9,35,40,598,5,303,5,631.7090301003344,595.0,224.14,344.8,358.0,88.81,589.15,552.0,177.67,678.5,675.5,274.6,727.5944,725.69,56.22,1099.2083333333333,1219.5,408.46,2022,8100104.0,Wartheplatz,,
,,1115,1022,959,13,44,49,860,3,478,3,620.643023255814,574.0,235.13,348.25,362.5,130.84,492.65,489.5,78.2,543.2857142857143,546.0,76.74,646.891,649.943,32.45,783.8421052631579,636.0,324.93,2022,8100105.0,Silbersteinstraße,,
,,1517,1384,1265,16,81,52,1117,34,525,26,665.9033124440466,610.0,225.99,607.3,512.5,394.21,616.0307692307692,584.0,133.9,671.6315789473684,630.0,141.67,826.8979411764709,806.1735,180.07,936.3333333333334,913.0,320.61,2022,8100206.0,Flughafenstraße,,
,,1097,1015,926,16,35,47,833,9,376,6,655.4141656662665,626.0,217.0,598.9090909090909,635.0,127.11,540.9444444444445,555.5,116.98,665.9375,616.0,201.02,863.3966666666669,839.96,113.57,980.1388888888888,837.5,376.69,2022,8100207.0,Rollberg,,
,,1511,1388,1251,33,61,61,1106,22,608,17,594.3634719710669,559.0,233.13,392.54545454545456,372.0,112.32,494.0882352941176,431.0,157.41,569.5142857142857,514.0,181.12,854.5469545454545,747.019,302.42,879.219512195122,1030.0,412.55,2022,8100208.0,Körnerpark,,
,,1576,1424,1312,22,94,57,1133,38,622,25,611.8729037952339,575.0,225.53,420.89473684210526,407.0,92.8,530.6612903225806,502.5,112.5,641.890625,629.5,181.31,830.6725000000001,802.043,162.28,997.818181818182,1071.0,401.42,2022,8100209.0,Glasower Straße,,
,,687,621,561,3,32,34,496,4,299,4,599.6229838709677,541.5,209.74,390.6666666666667,296.0,176.23,535.7857142857143,507.0,159.79,793.0,798.0,144.84,762.455,770.585,86.63,837.4,642.0,405.93,2022,8100310.0,Maybachufer,,
,,907,836,773,6,34,37,666,6,395,5,612.0945945945946,566.0,194.09,545.75,546.5,69.24,571.9565217391304,557.0,85.9,717.5294117647059,676.0,129.19,799.2523333333335,798.297,110.59,886.5483870967741,830.0,375.33,2022,8100311.0,Reuterplatz,,
,,1319,1218,1127,13,50,51,983,9,423,7,666.0345879959308,635.0,209.62,488.1,490.5,147.45,593.939393939394,597.0,131.15,690.0,683.5,143.65,756.2656666666667,798.357,167.53,977.1176470588236,934.0,344.25,2022,8100312.0,Weichselplatz,,
,,306,273,251,3,19,14,229,5,94,3,686.2008733624455,643.0,209.92,596.0,492.0,182.74,611.0,599.0,80.86,730.1818181818181,702.0,129.91,887.5274000000002,719.703,312.01,1084.3,981.0,435.03,2022,8100313.0,Bouchéstraße,,
,,1615,1513,1414,23,34,68,1233,9,669,7,634.7396593673966,589.0,218.7,513.0,484.5,104.53,541.3809523809524,543.0,95.9,651.8235294117648,637.0,119.58,861.1303333333333,686.593,468.99,866.48,820.0,323.54,2022,8100314.0,Donaustraße,,
,,670,606,561,9,32,32,495,9,222,6,653.2626262626262,625.0,197.06,540.3333333333334,557.5,51.1,610.4285714285714,601.0,128.65,684.5555555555555,678.5,160.14,853.2897777777778,765.076,168.82,960.5833333333334,984.0,317.28,2022,8100415.0,Ganghoferstraße,,
,,659,591,532,6,33,35,471,15,218,12,650.9575371549894,624.0,215.56,508.2,496.0,98.94,565.8695652173913,542.0,98.57,662.04,657.0,132.02,820.5531333333332,835.006,156.47,911.3571428571428,890.0,347.21,2022,8100416.0,Alt-Rixdorf,,
,,1591,1488,1370,23,42,61,1181,10,599,9,625.8890770533446,595.0,229.64,454.2352941176471,412.0,115.72,584.5172413793103,523.0,248.62,565.0434782608696,508.0,144.65,807.667,831.192,241.11,940.829268292683,967.0,405.12,2022,8100417.0,Braunschweiger Straße,,
,,1118,1032,950,10,50,36,838,17,317,16,688.8138424821002,642.5,213.75,519.5555555555555,517.0,88.18,609.4285714285714,573.5,116.24,680.21875,672.0,83.13,776.1658235294117,758.517,85.97,896.5217391304348,833.0,353.43,2022,8100418.0,Hertzbergplatz,,
,,971,886,781,6,47,38,695,14,203,12,710.5812949640288,675.0,202.72,683.5,623.0,166.06,642.9642857142857,643.0,107.85,689.1538461538462,673.5,79.18,760.1144999999999,728.1285,125.88,944.0,893.0,301.49,2022,8100419.0,Treptower Straße Nord,,
,,967,876,778,5,33,58,697,11,168,8,771.7230989956959,739.0,232.79,546.25,561.5,91.45,731.375,665.5,245.37,723.9230769230769,737.0,93.83,834.7084545454544,758.48,154.91,918.808510638298,846.0,259.55,2022,8100520.0,Weiße Siedlung,,
,,1634,1474,1337,13,81,78,1220,32,343,26,714.8762295081967,682.5,201.84,564.0,558.0,155.38,630.5961538461538,589.5,174.84,731.275,722.0,178.83,796.5501250000001,761.4365,263.99,883.7678571428571,835.0,265.23,2022,8100521.0,Schulenburgpark,,
,,798,720,649,3,33,45,566,7,286,5,658.4434628975265,599.0,238.34,494.0,464.0,101.39,586.0,557.0,140.89,662.8421052631579,624.0,188.08,854.8485714285715,861.604,162.48,856.7647058823529,704.0,395.37,2022,8200622.0,Jahnstraße,,
,,902,832,774,12,35,35,677,7,336,6,656.3382570162481,604.0,228.76,467.6,500.5,106.68,587.6666666666666,575.0,99.01,656.4615384615385,645.0,146.0,782.771,789.02,103.39,930.318181818182,821.0,365.3,2022,8200623.0,Park am Buschkrug,,
,,1315,1234,1100,15,39,42,1000,20,444,17,657.78,619.0,210.18,540.9,543.0,76.91,616.1923076923077,622.0,59.51,684.6666666666666,671.5,116.06,794.30025,762.2685,202.68,1133.0833333333333,1143.5,418.51,2022,8200624.0,Tempelhofer Weg,,
,,468,437,394,8,19,12,361,12,106,9,714.595567867036,668.0,215.51,741.2857142857143,606.0,365.02,611.7692307692307,607.0,98.28,719.6666666666666,743.0,93.42,852.4939166666667,821.7035000000001,98.35,1204.3333333333333,1121.0,439.06,2022,8200725.0,Mohriner Allee Nord,,
,,702,636,579,11,33,33,518,9,219,4,666.6467181467182,632.5,193.87,473.8571428571428,487.0,90.69,686.1538461538462,661.0,165.82,775.9285714285714,772.0,161.25,940.1908888888888,913.827,280.1,937.04,859.0,397.05,2022,8200726.0,Hufeisensiedlung,,
,,1023,961,894,19,30,31,789,2,387,1,647.3269961977186,604.0,209.21,501.8,473.0,102.69,601.2142857142857,578.5,141.74,808.3333333333334,860.5,140.47,839.162,839.162,86.57,990.4666666666668,903.0,399.96,2022,8200727.0,Parchimer Allee Süd,,
,,322,309,284,7,3,10,253,0,130,0,641.3438735177865,587.0,223.08,587.6666666666666,541.0,203.49,624.0,624.0,,,,,,,,751.6666666666666,720.5,232.16,2022,8200728.0,Ortolanweg,,
,,316,297,283,6,10,9,250,4,54,2,773.616,706.0,240.07,554.1666666666666,557.5,146.28,670.8,676.0,90.9,1012.75,970.5,289.51,1113.5815,993.125,381.78,1302.8333333333333,1449.5,509.31,2022,8200729.0,Britzer Garten,,
,,611,567,524,9,14,30,472,3,177,1,698.3177966101695,666.5,234.07,465.3333333333333,453.0,103.57,567.5,566.0,61.89,755.6666666666666,758.0,11.68,1174.0013333333334,1305.687,276.74,1218.4666666666667,1256.0,477.07,2022,8200730.0,Handwerker-Siedlung,,
,,835,783,692,10,14,38,609,1,156,1,715.4252873563219,672.0,201.99,563.0,566.0,72.61,632.8333333333334,627.0,160.91,1053.2,840.0,462.0,804.04,804.04,,991.0434782608696,872.0,411.43,2022,8200831.0,Buckow West,,
,,1425,1346,1221,16,24,54,1095,6,263,3,737.8566210045663,699.0,216.34,615.0909090909091,583.0,78.21,760.5454545454545,786.0,192.15,911.9166666666666,899.5,82.21,1344.6656666666663,961.7585,947.17,1199.388888888889,1288.0,359.97,2022,8200832.0,Buckow Mitte,,
,,954,868,772,7,30,55,685,10,216,3,729.2394160583941,694.0,219.54,544.5,558.5,85.81,730.7894736842105,640.0,185.51,934.7647058823528,904.0,162.52,929.7211,923.745,72.25,997.34375,877.0,404.98,2022,8200833.0,Buckow Ost,,
,,2071,1964,1796,32,63,44,1560,15,788,11,660.6730769230769,597.0,261.29,469.2083333333333,425.0,152.45,638.88,536.0,262.77,865.1304347826087,834.0,193.46,836.7235333333334,814.083,63.6,893.6,931.0,364.95,2022,8300934.0,Gropiusstadt Nord-West,,
,,1130,1081,955,17,22,27,847,3,389,2,683.8606847697757,622.0,243.04,504.25,484.5,85.02,829.2,801.5,279.07,868.0,873.5,158.84,1012.933,802.503,377.06,820.15,615.0,365.46,2022,8300935.0,Gropiusstadt Süd-West,,
,,1117,1055,958,14,33,29,841,5,371,4,684.7479191438763,631.0,232.07,575.4444444444445,575.0,164.46,696.6153846153846,676.0,135.32,925.3846153846154,867.0,169.91,877.7046,869.53,103.29,862.2173913043479,856.0,351.64,2022,8301036.0,Gropiusstadt Mitte,,
,,1661,1547,1385,22,71,42,1216,20,605,16,661.2697368421053,602.0,233.19,500.2105263157895,462.0,112.02,680.8484848484849,669.0,205.07,789.96875,788.0,201.24,836.81575,810.44,143.81,851.0,754.0,311.29,2022,8301037.0,Gropiusstadt Süd-Ost,,
,,412,389,352,11,12,11,310,2,148,2,653.2903225806451,610.5,232.53,472.1428571428572,461.0,79.32,545.25,472.0,222.83,843.8,841.0,102.94,722.558,722.558,54.78,833.625,662.5,472.51,2022,8401138.0,Goldhähnchenweg,,
,,1480,689,614,8,47,24,525,24,301,18,616.4780952380952,556.0,252.23,441.0,422.0,62.6,590.68,490.0,212.53,779.9354838709677,757.0,168.83,827.5509583333333,807.2885,166.62,1046.529411764706,949.0,545.59,2022,8401139.0,Vogelviertel Süd,,
,,271,249,222,4,6,16,196,0,118,0,597.3367346938776,540.0,248.02,448.25,429.0,126.32,,,,,,,,,,661.0,505.0,586.42,2022,8401140.0,Vogelviertel Nord,,
,,883,828,747,10,14,41,660,3,368,1,611.0530303030303,577.5,211.23,432.22222222222223,411.0,112.52,682.0,682.0,85.87,843.5,872.5,197.45,831.341,910.496,140.97,861.6666666666666,763.0,411.53,2022,8401241.0,Blumenviertel,,
,,815,745,656,11,11,58,560,2,261,2,663.6267857142857,618.0,221.84,602.5555555555555,643.0,168.23,524.75,505.0,134.31,724.3333333333334,796.0,162.8,791.9085,791.9085,5.79,886.8636363636364,830.5,296.46,2022,8401242.0,Zittauer Straße,,
,,1321,1230,1111,16,35,56,969,13,477,8,651.6625386996905,604.0,236.22,497.8,460.0,170.14,724.2941176470588,644.0,272.57,766.1739130434783,723.0,131.66,928.9516923076924,868.247,275.72,886.15625,765.5,318.11,2022,8401243.0,Alt-Rudow,,
,,983,883,791,11,19,81,669,2,309,2,662.6113602391629,621.0,229.06,741.3333333333334,729.0,138.46,567.2,548.0,156.48,616.5,614.0,117.74,776.412,776.412,1.79,1013.7714285714286,967.0,368.78,2022,8401244.0,Waßmannsdorfer Chaussee,,
,,495,467,427,14,6,22,364,2,115,0,720.1098901098901,678.0,227.24,580.5,605.0,92.39,717.5,658.5,139.28,1173.0,933.0,422.64,1293.3735,1293.3735,520.07,1043.3,946.5,311.01,2022,8401245.0,Frauenviertel,,
,,785,739,660,19,9,37,553,0,187,0,699.8878842676311,660.0,220.64,635.5,582.0,158.6,630.5,608.5,174.86,769.0,769.0,46.67,,,,950.4,911.0,232.01,2022,8401246.0,Waltersdorfer Chaussee Ost,,
,,1819,1676,1554,15,70,73,1356,21,444,18,702.891592920354,662.0,219.77,647.6923076923077,615.0,202.8,694.7222222222222,693.5,100.59,785.1,760.0,143.49,799.7642857142857,758.8,169.64,949.3461538461538,860.5,296.99,2022,9100101.0,Alt-Treptow,,
,,557,509,458,11,15,29,401,3,86,2,742.9376558603491,710.0,207.1,631.3333333333334,598.0,205.53,773.0,723.0,204.57,812.75,823.5,114.16,871.4516666666667,870.593,114.61,968.5714285714286,984.0,331.93,2022,9100202.0,Plänterwald West,,
,,1093,1019,921,10,47,27,821,23,121,20,778.6552984165652,748.0,207.41,588.2222222222222,573.0,60.51,658.2424242424242,669.0,108.37,786.8611111111111,756.0,171.06,807.5347391304348,751.383,172.14,1052.95,949.0,371.79,2022,9100203.0,Plänterwald Ost,,
,,1873,1781,1615,18,40,52,1447,7,512,7,691.4816862474084,655.0,205.34,521.0,536.5,91.83,602.4545454545455,573.0,95.69,684.1176470588235,666.0,102.46,698.9842857142858,708.547,94.84,865.5227272727273,781.0,310.05,2022,9100304.0,Baumschulenweg West,,
,,572,535,469,5,22,15,424,4,116,2,717.3537735849056,672.5,198.36,575.25,576.0,14.34,592.6923076923077,597.0,127.45,799.4166666666666,833.5,109.0,916.672,899.1134999999999,127.58,831.2222222222222,784.0,262.6,2022,9100305.0,Baumschulenweg Ost,,
,,433,386,348,5,15,32,317,3,115,2,722.2965299684543,667.0,243.73,620.4,583.0,187.01,691.8333333333334,669.5,96.93,801.6,790.0,87.27,826.4156666666668,796.224,79.14,882.1333333333333,785.0,301.32,2022,9100306.0,Späthsfelde,,
,,1225,1157,1053,16,25,43,935,2,461,2,646.5133689839572,606.0,212.5,597.8181818181819,538.0,158.82,567.2857142857143,545.5,124.81,617.6153846153846,598.0,126.22,830.725,830.725,14.77,771.0909090909091,606.0,430.49,2022,9100407.0,Johannisthal West,,
,,1023,978,872,14,15,29,770,3,456,3,593.2662337662338,550.5,222.34,492.3636363636364,511.0,103.37,484.1428571428572,480.0,83.94,583.7142857142857,530.0,157.08,673.3123333333334,578.0640000000001,189.0,648.4761904761905,546.0,313.16,2022,9100408.0,Johannisthal Ost,,
,,495,429,396,4,39,27,342,5,164,3,646.4152046783626,603.0,196.0,488.6666666666667,511.0,45.79,630.4444444444445,611.5,127.71,726.9230769230769,712.0,162.35,854.4147999999999,870.714,165.55,717.3157894736842,676.0,295.46,2022,9100409.0,Landschaftspark Adlershof,,
,,1328,1221,1099,16,42,65,996,10,396,8,684.7700803212851,641.0,215.42,545.9230769230769,483.0,148.39,635.9,577.0,210.51,748.1052631578947,659.0,185.14,803.5296000000001,798.075,197.97,835.9333333333333,718.0,371.86,2022,9200510.0,Helmholtz-Kiez,,
,,1424,1327,1188,12,39,58,1067,11,382,8,680.3514526710403,650.0,193.19,504.7,509.5,75.31,625.1724137931035,587.0,175.18,718.9230769230769,719.0,155.08,801.4954545454544,749.42,227.03,830.6756756756756,768.0,286.01,2022,9200511.0,Griechischer Park,,
,,552,503,459,3,24,25,411,5,81,4,769.6496350364963,728.0,235.54,551.0,586.0,104.97,801.3529411764706,686.0,288.62,736.8333333333334,708.0,80.43,846.7848,757.63,254.22,1004.875,1007.5,264.51,2022,9200512.0,Wuhlheide,,
,,2022,1880,1725,25,61,81,1497,16,710,11,650.3393453573814,613.0,226.22,494.7647058823529,489.0,110.14,581.8888888888889,523.0,192.39,676.7727272727273,642.5,189.78,880.859125,852.5505,239.75,760.5438596491229,721.0,266.02,2022,9200613.0,Bahnhof Schöneweide,,
,,549,519,477,8,12,18,422,0,106,0,719.8601895734597,682.0,195.72,571.3333333333334,534.5,84.68,669.0,671.0,49.03,838.0,775.0,196.24,,,,766.1428571428571,769.0,111.08,2022,9200614.0,Oberspree,,
,,679,583,557,5,61,35,475,20,252,18,621.4126315789474,588.0,183.43,560.5,585.5,91.52,573.1388888888889,576.0,86.09,691.4242424242424,677.0,135.37,773.6024499999999,764.405,114.2,800.1818181818181,729.5,221.37,2022,9200715.0,Wista,,
,,948,873,782,13,39,36,680,14,244,12,673.9235294117647,648.0,212.95,598.5,601.5,116.26,659.7241379310345,645.0,98.36,729.5,698.5,100.14,802.6005000000001,746.8050000000001,166.27,890.304347826087,689.0,400.6,2022,9200716.0,Dörpfeldstraße West,,
,,1107,1045,905,12,21,41,811,8,307,5,661.3464858199753,646.0,189.94,533.5,531.0,70.04,606.7333333333333,637.0,127.55,796.0714285714286,779.0,135.65,835.116625,736.075,194.97,768.1111111111111,710.0,325.08,2022,9200717.0,Dörpfeldstraße Ost,,
,,364,345,313,5,7,12,261,0,118,0,657.992337164751,616.0,203.64,623.3333333333334,634.0,177.24,571.0,553.0,35.59,1077.3333333333333,828.0,608.59,,,,906.5,885.0,289.24,2022,9200818.0,Spindlersfeld,,
,,1171,1083,972,13,30,57,835,3,422,1,638.5353293413174,598.0,206.45,469.27272727272725,464.0,78.67,587.6111111111111,551.0,105.85,761.9230769230769,642.0,257.81,950.6076666666668,981.723,294.65,919.1944444444443,854.0,326.63,2022,9200819.0,Köllnische Vorstadt,,
,,1210,1131,1014,17,31,48,851,4,343,4,685.4089306698003,651.0,240.15,532.5,535.0,135.91,617.9047619047619,602.0,181.45,749.5,737.5,102.36,794.35425,822.71,86.48,1093.2272727272727,981.5,371.76,2022,9300920.0,Dorf Altglienicke,,
,,245,221,206,5,4,20,163,0,48,0,749.4049079754601,733.0,235.53,769.0,876.0,238.26,719.6666666666666,686.0,116.22,,,,,,,1066.5,1217.0,477.66,2022,9300921.0,Preußen Siedlung,,
,,892,815,725,7,22,55,625,7,139,4,775.4592,738.0,241.47,664.1666666666666,676.5,117.8,777.3888888888889,711.0,197.8,968.2142857142856,894.5,195.51,968.397,897.23,305.52,909.818181818182,868.5,213.72,2022,9300922.0,Kosmos Viertel,,
,,733,688,578,6,23,22,476,5,55,3,835.8697478991596,786.0,243.88,714.75,721.0,158.68,737.5384615384615,746.0,151.48,976.5714285714286,957.0,160.98,891.9948,866.343,123.45,1087.6923076923076,1031.0,257.53,2022,9300923.0,Kölner Viertel,,
,,705,353,330,6,22,21,274,10,135,0,678.4817518248175,604.0,277.17,535.6666666666666,463.0,162.67,689.5384615384615,685.0,80.9,1002.3529411764706,964.0,135.38,996.2094,977.1185,80.93,913.4545454545456,857.0,403.47,2022,9301024.0,Falkenberg,,
,,1355,1229,1068,20,66,60,862,33,322,9,737.8874709976798,682.0,268.28,621.625,601.0,223.09,805.95,788.0,132.5,1020.3695652173913,972.0,190.52,1009.294,969.76,173.58,1001.2,906.0,349.99,2022,9301025.0,Alt-Bohnsdorf,,
,,1113,1031,938,13,25,57,773,6,272,3,702.3958602846054,659.0,224.68,602.8181818181819,601.0,54.37,831.9285714285714,825.0,208.55,888.0,825.5,201.19,903.0773333333332,898.2785,124.62,1047.6857142857143,908.0,423.76,2022,9301126.0,Grünau,,
,,221,201,179,2,1,19,154,0,11,0,903.6103896103896,834.5,257.69,1106.5,1106.5,427.8,1054.0,1054.0,,1283.0,1283.0,,,,,1070.0,1066.5,278.14,2022,9301227.0,Karolinenhof,,
,,338,287,259,4,9,42,208,1,23,0,989.2836538461538,987.0,321.09,738.25,753.0,368.16,991.2,1032.0,162.82,1445.0,1445.0,,1424.613,1424.613,,684.8333333333334,654.0,456.96,2022,9301228.0,Schmöckwitz/Rauchfangswerder,,
,,1396,1315,1152,14,35,46,968,10,299,4,712.9421487603306,675.5,217.95,572.3636363636364,605.0,115.77,707.5333333333333,690.0,127.15,803.125,706.5,266.34,1101.5925000000002,1007.505,387.38,1085.78125,1008.0,401.19,2022,9401329.0,Kietzer Feld/Nachtheide,,
,,182,169,153,2,3,10,122,1,7,1,819.9918032786885,781.5,215.11,770.0,770.0,18.38,750.0,750.0,36.77,1085.5,1085.5,289.21,881.5,881.5,,1002.0,1030.0,293.28,2022,9401330.0,Wendenschloß,,
,,951,923,835,11,12,15,704,3,380,0,622.4943181818181,582.5,195.12,458.125,450.0,83.35,697.0,669.0,93.55,742.0,705.5,133.94,1256.0776666666668,973.3,536.89,932.0909090909092,757.0,348.01,2022,9401431.0,Allende I,,
,,175,159,150,3,6,9,118,1,46,0,672.4152542372881,640.0,224.98,498.0,498.0,24.04,891.0,689.0,433.68,781.0,781.0,,2116.294,2116.294,,716.5,716.5,57.28,2022,9401432.0,Siedlung Kämmereiheide,,
,,1010,629,549,15,26,22,457,10,188,5,665.6630196936543,638.0,224.32,534.3636363636364,497.0,94.76,820.0,752.0,224.77,942.8666666666668,968.0,274.89,1011.8888,936.4355,328.23,947.8823529411764,867.0,319.18,2022,9401433.0,Allende II,,
,,1127,1062,960,14,32,32,802,5,478,3,600.709476309227,563.0,214.83,436.1818181818182,455.0,107.04,570.45,522.5,182.27,641.4,633.0,151.14,1041.2914,809.803,374.61,1011.7307692307692,1054.5,386.25,2022,9401534.0,Altstadt Köpenick,,
,,722,632,562,16,17,73,456,2,115,0,818.2675438596491,779.5,278.72,549.8,537.0,164.03,706.7,659.5,154.85,958.0,958.0,,1192.9715,1192.9715,244.64,786.8965517241379,752.0,339.3,2022,9401635.0,Müggelheim,,
,,719,681,604,11,14,24,504,3,173,2,707.9484126984127,655.0,241.8,562.6666666666666,576.0,120.3,707.375,694.5,222.76,1006.0,929.0,363.67,874.2286666666668,771.103,254.67,977.8,864.5,365.27,2022,9501736.0,Hirschgarten,,
,,2110,1998,1812,21,38,73,1421,6,609,2,677.8522167487685,651.0,239.92,540.8421052631579,543.0,205.44,656.4545454545455,637.5,111.3,972.5333333333332,852.0,280.94,1003.812,975.8445,153.4,886.9677419354839,787.0,335.04,2022,9501737.0,Alt-Friedrichshagen,,
,,1319,1199,1085,15,35,85,824,3,292,0,758.6553398058253,687.5,289.6,574.2,482.0,271.12,736.2857142857143,740.0,147.16,1151.25,1143.5,73.04,1481.2766666666666,1276.24,534.31,804.4848484848485,741.0,345.59,2022,9501838.0,Rahnsdorf,,
,,1203,1131,1062,7,29,43,910,10,467,3,651.6186813186813,592.5,230.02,462.1666666666667,463.5,62.56,592.4761904761905,593.0,149.78,844.0,697.0,311.86,1014.2769,992.825,193.66,994.4666666666668,906.0,501.12,2022,9501939.0,Bahnhofstraße,,
,,451,436,404,3,2,13,331,0,198,0,622.0392749244713,570.0,192.44,504.6666666666667,519.0,33.86,570.5,570.5,20.51,867.0,867.0,,,,,947.7142857142856,735.0,520.72,2022,9501940.0,Güterbahnhof Köpenick,,
,,365,340,308,3,6,19,268,1,151,0,639.1679104477612,584.0,229.14,460.0,431.0,73.9,348.0,348.0,230.52,735.0,735.0,287.09,1118.7759999999998,1118.7759999999998,,1037.2,1210.0,385.93,2022,9501941.0,Friedrichshagener Straße,,
,,431,394,356,10,9,28,308,1,114,0,702.262987012987,646.5,217.45,546.0,536.0,57.56,694.0,661.0,150.14,805.0,705.0,310.47,1028.88,1028.88,,1074.7058823529412,1181.0,515.74,2022,9502042.0,Mittelheide,,
,,1266,1189,1068,12,34,43,946,2,241,0,732.1627906976744,691.5,205.56,583.2,566.0,61.86,702.0,678.0,128.31,797.5,721.5,142.73,946.4365,946.4365,17.95,973.2222222222222,835.0,390.54,2022,9502043.0,Dammheide,,
,,818,770,705,9,27,21,634,5,247,2,683.7776025236593,673.5,226.24,459.8571428571428,447.0,117.39,778.0666666666667,755.0,222.52,934.3571428571428,864.0,232.17,931.2746,955.474,154.6,1089.1,895.5,440.2,2022,10100101.0,Marzahn West,,
,,537,507,448,3,7,23,403,4,95,1,758.3995037220843,713.0,229.28,515.0,515.0,,755.6666666666666,750.5,58.12,956.6,856.0,234.53,1116.1217500000002,1082.7955000000002,288.29,1151.625,1023.0,431.04,2022,10100102.0,Rosenbecker Straße,,
,,1161,1112,987,14,28,21,878,9,196,3,748.255125284738,705.0,216.66,627.8333333333334,647.0,104.05,772.2777777777778,756.5,163.42,880.8947368421053,840.0,158.85,947.9590000000002,920.474,181.35,991.5,919.5,330.52,2022,10100103.0,Wittenberger Straße,,
,,872,811,718,11,35,26,640,9,117,1,759.284375,724.5,208.06,584.625,570.5,111.81,819.1764705882352,791.0,129.53,947.5,865.5,169.79,1040.9516666666668,973.627,164.22,1112.888888888889,1073.0,269.12,2022,10100104.0,Golliner Straße,,
,,656,628,558,9,16,12,510,5,181,3,694.2607843137255,641.5,234.93,400.57142857142856,375.0,113.71,798.0,743.0,216.75,867.9090909090909,866.0,180.17,917.184,811.933,206.99,874.2,772.5,391.0,2022,10100205.0,Gewerbegebiet Bitterfelder Straße,,
,,1526,1427,1286,14,49,50,1154,6,407,5,680.1819757365685,639.5,195.1,523.6153846153846,528.0,62.58,684.4,688.0,119.8,775.6875,776.0,88.66,842.3141666666667,788.017,168.53,949.3720930232558,802.0,414.65,2022,10100206.0,Wuhletalstraße,,
,,1011,954,866,17,33,24,769,8,206,7,700.0039011703511,682.0,196.6,588.3529411764706,586.0,101.69,679.4285714285714,680.0,133.01,763.5714285714286,733.0,131.27,794.964125,737.04,108.33,853.2941176470588,787.0,330.02,2022,10100207.0,Ahrensfelder Berge,,
,,1595,1508,1360,20,47,40,1218,12,425,8,681.6461412151067,643.5,199.7,565.6923076923077,571.0,105.48,692.9130434782609,673.0,168.7,844.3636363636364,743.0,242.24,891.2991666666667,805.335,225.13,828.1818181818181,712.0,329.9,2022,10100208.0,Bürgerpark,,
,,1153,1100,961,18,26,27,870,7,273,5,688.2632183908046,658.0,196.43,605.4,575.0,177.68,691.0833333333334,643.5,118.03,731.3333333333334,696.0,95.06,810.6037142857142,797.87,96.68,1014.6666666666666,884.0,362.13,2022,10100209.0,Lea-Grundig-Straße,,
,,1858,1749,1596,26,52,55,1435,19,758,13,636.5714285714286,590.0,216.4,476.8571428571428,469.0,83.6,620.1724137931035,574.0,138.27,678.68,618.0,193.45,863.5434210526314,843.496,107.21,936.8947368421052,768.0,360.93,2022,10100210.0,Marzahner Promenade,,
,,883,732,694,7,88,62,612,34,270,23,650.1470588235294,619.5,219.69,684.5,624.0,281.27,649.5409836065573,623.0,170.05,761.9454545454546,714.0,213.56,861.7873823529412,781.6700000000001,188.13,807.5777777777778,647.0,429.8,2022,10100311.0,Marzahner Chaussee,,
,,2172,2029,1800,41,62,80,1627,16,938,16,614.7645974185617,567.0,210.1,505.1428571428572,480.0,157.88,582.1428571428571,549.0,124.75,700.7586206896551,674.0,170.23,732.36475,727.8915,78.35,859.92,714.0,434.14,2022,10100312.0,Springpfuhl,,
,,655,608,548,9,20,27,483,2,309,2,600.103519668737,538.0,222.16,413.5,412.5,88.81,529.8,495.0,116.9,590.0,575.5,78.84,686.1755,686.1755,169.35,909.6315789473684,681.0,465.53,2022,10100313.0,Alt-Marzahn,,
,,747,708,640,10,18,21,592,2,337,1,612.6334459459459,577.5,201.5,532.25,459.5,174.1,580.0909090909091,612.0,103.85,736.8333333333334,651.0,197.92,821.2265,821.2265,417.81,770.5714285714286,642.0,402.13,2022,10100314.0,Auersbergstraße,,
,,804,755,671,14,22,27,598,5,278,4,640.7123745819398,611.5,199.33,528.5384615384615,543.0,116.14,637.4285714285714,598.0,99.69,688.625,688.0,70.38,826.7139999999999,801.65,147.31,927.1176470588236,812.0,429.55,2022,10100315.0,Bärenstein,,
,,638,594,549,6,25,19,486,5,172,3,687.298353909465,647.0,222.78,522.2,471.0,95.82,719.5714285714286,613.5,247.22,853.4285714285714,812.5,299.11,879.1634,806.197,223.12,944.181818181818,771.0,424.73,2022,10100316.0,Landsberger Tor,,
,,931,857,754,11,27,47,677,10,164,6,720.8020679468242,687.0,202.36,604.5,589.5,104.54,647.5,644.0,113.57,800.2727272727273,721.0,188.98,832.4635000000001,835.707,154.34,862.483870967742,814.0,261.02,2022,10200417.0,Zossener Straße,,
,,747,712,627,8,21,13,558,0,166,0,724.7455197132616,677.5,222.55,521.0,526.0,47.56,771.5454545454545,741.0,191.85,829.9090909090909,782.0,114.74,,,,925.7,966.5,437.98,2022,10200418.0,Kyritzer Straße,,
,,444,416,365,5,9,19,317,0,81,0,750.3091482649842,712.0,218.36,568.6666666666666,557.0,69.24,616.0,648.0,106.4,825.3333333333334,780.5,143.41,,,,989.9285714285714,954.5,332.07,2022,10200419.0,Havelländer Ring,,
,,1050,973,871,14,45,32,775,11,376,7,676.7845161290322,611.0,230.27,550.3571428571429,515.0,138.72,623.7307692307693,549.5,188.49,756.5217391304348,685.0,239.96,887.723909090909,831.73,202.98,981.4375,798.0,408.13,2022,10200420.0,Gut Hellersdorf,,
,,631,567,545,4,51,12,474,19,216,11,680.632911392405,618.0,226.33,453.0,502.0,86.61,659.7428571428571,619.0,142.9,811.5,812.5,201.68,966.719894736842,884.766,240.52,1016.0,853.0,395.41,2022,10200421.0,Helle Mitte,,
,,927,883,770,10,23,21,679,9,161,4,756.3770250368188,696.0,233.04,560.875,545.0,103.63,691.4285714285714,658.0,118.57,843.5625,798.0,266.72,976.3465555555556,922.873,184.28,892.4615384615385,926.0,227.58,2022,10200422.0,Hellersdorfer Promenade,,
,,648,609,523,8,20,19,455,4,72,1,768.4747252747253,718.0,217.19,624.75,606.0,93.71,874.5,857.0,170.27,788.8181818181819,762.0,137.71,961.9775,957.6165,124.91,877.2,860.5,154.07,2022,10200423.0,Böhlener Straße,,
,,1335,1254,1117,14,36,45,985,3,197,2,761.6324873096447,713.0,222.54,586.3636363636364,551.0,98.87,605.2666666666667,629.0,115.49,892.1111111111111,824.0,241.75,897.4753333333333,852.746,163.13,913.1071428571428,853.0,302.99,2022,10200524.0,Adele-Sandrock-Straße,,
,,550,516,452,14,12,22,390,2,112,0,747.0897435897435,677.0,243.19,575.1666666666666,564.0,113.32,929.5,974.5,256.83,808.0,725.0,149.86,1011.9615,1011.9615,43.73,854.0588235294117,803.0,214.8,2022,10200525.0,Schleipfuhl,,
,,733,664,592,9,51,18,510,14,204,4,710.7196078431373,640.0,246.16,541.7142857142857,524.0,100.28,567.0666666666667,562.0,133.97,782.4285714285714,744.0,258.01,906.0707857142856,956.265,161.29,725.125,759.0,175.15,2022,10200526.0,Boulevard Kastanienallee,,
,,341,302,274,3,23,16,237,3,161,3,592.6497890295359,500.0,293.47,412.5,412.5,50.2,573.9166666666666,508.0,195.56,782.7142857142857,724.0,281.66,757.8396666666667,748.86,20.06,594.75,578.0,320.22,2022,10200627.0,Am Kienberg,,
,,848,791,712,7,42,15,623,9,353,6,658.0288924558588,562.0,267.52,383.0,353.0,110.69,593.7142857142857,575.0,145.1,759.6666666666666,679.0,261.5,835.9773333333335,786.363,146.08,676.25,613.5,315.84,2022,10200628.0,Neue Grottkauer Straße,,
,,1251,1184,1088,23,30,35,970,4,621,3,611.2298969072165,541.0,258.61,462.4761904761905,454.0,113.46,620.0,589.0,144.31,851.0,797.0,281.19,896.92275,808.7935,287.1,758.8518518518518,700.0,300.46,2022,10200629.0,Teterower Ring,,
,,892,842,749,16,18,32,671,5,451,1,584.806259314456,510.0,233.6,443.84615384615387,417.0,98.04,594.8333333333334,621.5,203.5,1057.6666666666667,1084.0,483.04,1005.4966,1052.496,204.98,746.2777777777778,631.0,361.54,2022,10200630.0,Cecilienplatz,,
,,845,797,745,16,9,38,678,2,361,2,633.6622418879056,589.5,213.29,558.0909090909091,523.0,103.18,769.2,565.0,504.19,721.5,721.5,197.28,579.4835,579.4835,2.99,832.0,784.5,392.73,2022,10300731.0,Oberfeldstraße,,
,,1444,970,861,13,33,38,773,17,441,13,605.796895213454,560.0,222.05,494.2307692307692,485.0,140.6,630.2777777777778,595.0,153.24,796.4444444444445,796.5,218.04,813.5495294117646,786.664,167.69,914.1875,660.0,530.78,2022,10300732.0,Buckower Ring,,
,,833,789,717,8,12,32,642,4,212,3,696.1370716510903,665.0,227.77,607.75,564.5,172.59,677.0,684.5,54.19,740.5555555555555,699.0,76.83,763.7394999999999,727.723,112.39,908.1875,868.0,429.22,2022,10300733.0,Alt-Biesdorf,,
,,1106,1016,932,15,29,61,854,9,169,3,755.0281030444964,727.5,218.6,570.0833333333334,580.0,127.46,718.8823529411765,723.0,127.03,824.5384615384615,824.0,64.76,966.7696666666668,921.21,253.53,1127.2,1148.0,477.46,2022,10300734.0,Biesdorf Süd,,
,,659,593,534,10,23,43,472,2,216,0,675.603813559322,613.0,242.37,579.8,580.5,132.61,691.0,723.5,125.11,795.75,747.0,232.09,980.497,980.497,57.29,728.2272727272727,627.0,335.42,2022,10400835.0,Kaulsdorf Nord,,
,,945,633,593,9,13,24,525,1,251,1,661.3390476190476,606.0,235.03,472.0,467.0,63.85,573.0,552.5,63.75,730.0,730.0,,879.026,879.026,,776.5454545454545,816.0,324.53,2022,10400836.0,Alt-Kaulsdorf,,
,,755,692,622,15,12,51,539,1,111,0,756.9313543599258,742.0,214.59,636.2857142857143,636.0,111.55,654.0,675.0,202.52,1047.5,1047.5,323.15,1215.733,1215.733,,946.6,895.0,361.87,2022,10400837.0,Kaulsdorf Süd,,
,,850,785,717,13,14,51,645,4,75,2,838.893023255814,782.0,258.34,650.0,651.5,184.42,778.2222222222222,727.0,150.63,973.2,900.0,216.49,967.6155,897.538,193.56,998.875,974.5,255.28,2022,10400938.0,Mahlsdorf Nord,,
,,580,538,503,2,14,28,434,2,98,1,761.2119815668203,720.0,215.44,682.0,682.0,104.65,643.6666666666666,628.5,53.26,823.0,808.0,102.33,959.4285,959.4285,120.66,1082.6363636363635,1156.0,448.28,2022,10400939.0,Alt-Mahlsdorf,,
,,519,446,412,10,10,63,335,1,48,0,794.8268656716418,762.0,233.68,632.125,630.5,167.27,792.2857142857143,756.0,181.12,842.5,842.5,125.16,978.35,978.35,,948.1764705882352,859.0,292.61,2022,10400940.0,Elsensee,,
,,598,560,496,11,9,29,434,3,31,1,840.6612903225806,807.0,193.7,818.8333333333334,773.0,206.54,1011.6666666666666,820.0,393.25,1057.0,1046.0,122.87,1208.3246666666666,940.35,592.54,1150.875,1044.0,439.28,2022,10400941.0,Pilgramer Straße,,
,,413,355,323,5,23,35,288,1,82,0,750.9652777777778,712.0,244.31,612.0,620.0,120.57,875.75,845.5,235.74,834.6666666666666,835.0,149.5,984.45,984.45,,838.5909090909091,781.0,400.0,2022,11100101.0,Dörfer Malchow-Wartenberg,,
,,401,385,324,3,8,8,301,2,111,1,711.1528239202657,682.0,255.51,409.5,409.5,54.45,682.5,729.5,297.97,899.0,856.0,114.71,921.7165,921.7165,82.95,949.3333333333334,908.5,295.07,2022,11100102.0,Dorf Falkenberg,,
,,1030,967,843,8,35,28,744,12,312,7,683.1317204301075,641.0,207.54,523.3333333333334,514.5,184.81,748.25,756.0,219.82,865.6153846153846,861.0,68.42,942.1699166666666,874.24,255.79,909.3157894736842,806.0,249.54,2022,11100203.0,Falkenberg Ost,,
,,957,881,770,5,44,32,675,11,247,7,704.3511111111111,666.0,226.1,564.6,595.0,91.11,681.0416666666666,686.0,136.31,845.9411764705883,818.0,116.11,865.1669999999999,850.423,101.56,1079.5454545454545,1007.5,353.07,2022,11100204.0,Falkenberg West,,
,,752,715,652,8,22,15,586,9,203,7,720.3225255972696,675.0,237.47,520.1428571428571,559.0,145.97,748.1666666666666,738.0,243.84,929.1538461538462,878.0,207.99,818.168,815.736,73.75,919.5714285714286,931.0,303.76,2022,11100205.0,Wartenberg Süd,,
,,1031,990,871,13,19,22,764,4,227,4,721.4659685863875,701.0,239.67,569.8333333333334,589.0,155.1,749.6,705.0,432.92,1012.0,880.0,379.47,830.07825,829.345,62.6,793.8181818181819,691.0,296.02,2022,11100206.0,Wartenberg Nord,,
,,1703,1599,1427,20,53,51,1279,14,266,9,748.0,709.0,211.93,618.5625,606.5,130.86,742.1153846153846,690.5,271.02,957.7619047619048,888.0,302.21,918.4262142857144,876.4695,137.94,883.3684210526316,826.5,281.85,2022,11100307.0,Zingster Straße Ost,,
,,1290,1213,1092,22,41,36,975,17,257,6,715.4564102564102,668.0,200.78,595.65,569.5,106.27,700.448275862069,659.0,216.96,882.1,924.5,158.07,973.3691176470588,977.333,144.23,945.8125,873.5,294.23,2022,11100308.0,Zingster Straße West,,
,,877,825,719,10,34,18,631,9,179,8,731.919175911252,689.0,222.6,603.25,569.5,118.08,624.5333333333333,631.0,122.35,919.7333333333332,797.0,285.61,853.6466666666666,859.384,102.1,854.2,892.5,242.41,2022,11100309.0,Mühlengrund,,
,,1277,1192,1057,14,32,52,926,15,299,11,710.4060475161987,676.5,219.37,710.9,721.5,252.83,689.5,661.5,167.46,833.0434782608696,835.0,148.58,827.7800666666667,757.49,130.35,1075.970588235294,1061.0,293.31,2022,11200410.0,Malchower Weg,,
,,1156,1074,966,10,47,35,857,24,315,19,673.4924154025671,656.0,218.76,586.5,572.5,162.2,674.5555555555555,686.0,119.69,769.9677419354839,755.0,123.41,872.3283333333335,799.3435,288.7,858.2272727272727,715.0,346.31,2022,11200411.0,Hauptstraße,,
,,791,732,680,3,24,35,602,17,210,13,679.0398671096345,651.5,204.07,551.6666666666666,579.0,123.29,644.85,628.0,86.48,677.421052631579,694.0,128.77,784.437294117647,775.277,165.09,775.88,824.0,249.26,2022,11200512.0,Orankesee,,
,,1102,1036,907,10,37,29,817,8,334,4,664.7380660954713,632.0,201.23,558.7,549.5,112.11,645.6842105263158,609.0,149.95,808.4736842105264,770.0,196.01,909.491125,860.608,167.01,835.5263157894736,746.0,274.45,2022,11200513.0,Große-Leege-Straße,,
,,2021,1903,1684,22,51,67,1525,21,672,17,656.6170491803279,622.0,201.24,503.6190476190476,521.0,87.09,613.9722222222222,608.0,127.4,755.8,728.0,151.11,820.9479047619047,792.064,150.0,853.8979591836735,762.0,311.6,2022,11200514.0,Landsberger Allee,,
,,454,429,386,3,11,14,344,1,160,1,644.1511627906976,613.0,178.19,484.0,445.0,175.78,660.1428571428571,606.0,236.65,645.75,645.0,29.2,671.967,671.967,,859.0,686.0,492.7,2022,11200515.0,Weiße Taube,,
,,874,831,736,7,18,25,678,12,289,11,664.4144542772862,627.0,204.76,555.0,548.0,74.48,612.7,595.5,60.14,722.2307692307693,743.0,112.49,743.1170833333334,727.5,102.45,867.5238095238095,899.0,217.7,2022,11300616.0,Hohenschönhausener Straße,,
,,953,908,845,7,17,28,763,7,265,6,694.745740498034,662.0,209.72,657.5,584.5,285.42,644.875,647.5,97.2,755.5,775.0,126.11,787.6291428571429,770.714,85.09,940.2857142857144,917.0,331.21,2022,11300617.0,Fennpfuhlpark,,
,,656,620,567,5,18,15,510,6,256,5,630.756862745098,599.5,201.59,417.2,443.0,111.72,574.5454545454545,583.0,117.09,665.3333333333334,609.0,117.61,759.5279999999999,749.7005,134.49,931.1538461538462,1054.0,372.04,2022,11300618.0,Storkower Bogen,,
,,1014,971,848,11,18,25,784,4,395,3,656.1823979591836,597.0,227.03,509.7,502.5,52.87,607.2,592.5,161.73,682.1428571428571,632.0,157.11,802.96075,794.2135000000001,99.24,879.5555555555555,827.5,362.95,2022,11300619.0,Rudolf-Seiffert-Park,,
,,1584,1494,1369,22,42,48,1211,11,679,8,614.6639141205616,564.0,212.07,445.42105263157896,460.0,86.1,603.2962962962963,533.0,184.25,783.5333333333333,801.0,110.73,825.7265454545453,841.88,92.4,873.6388888888889,799.0,352.14,2022,11300620.0,Fennpfuhl Ost,,
,,1671,1187,1095,14,165,69,973,90,432,66,644.464542651593,617.0,214.85,458.375,476.5,113.34,641.2574257425742,625.0,190.56,769.2252252252252,759.0,182.94,835.5582222222216,798.535,164.05,984.2978723404256,951.0,359.09,2022,11300721.0,Herzbergstraße,,
,,2027,1902,1779,27,74,51,1608,31,957,24,601.2064676616916,552.0,202.23,445.7916666666667,444.0,63.38,609.1702127659574,525.0,273.78,722.0851063829788,683.0,194.18,815.8879999999998,762.37,176.37,1030.4166666666667,1012.5,417.65,2022,11300722.0,Rathaus Lichtenberg,,
,,368,292,262,1,67,9,240,35,135,28,600.5125,533.5,232.04,208.0,208.0,,534.7142857142857,491.0,167.04,717.6,726.5,182.83,803.3287142857143,764.253,156.28,703.0,510.5,599.62,2022,11300723.0,Bornitzstraße,,
,,503,451,418,7,32,20,358,4,190,3,635.3519553072625,587.0,229.82,483.57142857142856,435.0,119.06,627.5333333333333,577.0,136.51,784.9090909090909,772.0,80.48,875.5939999999999,797.125,224.17,986.8333333333334,1012.0,450.14,2022,11300724.0,Roedeliusplatz,,
,,1401,972,890,20,43,25,783,12,456,8,619.5849297573435,560.0,230.69,500.5384615384616,482.0,139.07,555.6190476190476,518.0,169.27,694.4117647058823,729.0,141.22,884.9072500000001,813.3634999999999,193.9,967.2142857142856,819.0,399.61,2022,11300725.0,Nibelungenviertel,,
,,1700,1589,1469,18,52,59,1326,21,542,16,670.552790346908,639.0,207.29,530.8,493.0,169.94,624.0370370370371,629.0,118.86,846.0,846.0,175.54,855.9330476190477,855.266,66.24,961.7708333333334,800.0,396.85,2022,11300826.0,Frankfurter Allee Süd,,
,,338,297,274,2,21,20,240,12,94,11,678.4791666666666,642.5,213.79,445.5,445.5,99.7,552.1666666666666,536.5,98.37,743.3333333333334,680.0,143.65,795.6233333333334,793.55,98.8,1040.5454545454545,977.0,334.45,2022,11400927.0,Victoriastadt,,
,,286,269,252,4,6,11,227,1,77,0,699.0044052863436,688.0,241.71,587.0,622.5,131.64,759.6666666666666,814.0,117.35,934.3333333333334,883.0,241.13,1196.71,1196.71,,1070.0,988.0,339.24,2022,11400928.0,Nöldnerplatz,,
,,1501,1388,1252,23,48,65,1111,9,357,7,693.4266426642664,676.0,210.77,519.2352941176471,544.0,146.96,690.6666666666666,677.0,125.18,821.551724137931,840.0,127.92,848.1315555555555,864.06,124.0,975.3030303030304,850.0,429.21,2022,11400929.0,Weitlingkiez,,
,,417,400,363,6,6,11,335,2,104,2,704.0029850746268,675.0,223.66,619.25,615.0,76.23,710.0,722.0,68.26,790.6,787.0,43.43,797.0485,797.0485,9.61,710.8,639.0,433.34,2022,11400930.0,Zachertstraße,,
,,957,900,823,9,36,21,736,10,262,6,699.0122282608696,661.0,221.21,567.3333333333334,571.5,57.8,713.3333333333334,698.5,160.29,820.2666666666667,842.0,83.82,869.4978000000001,850.11,136.36,1137.4545454545455,1120.0,473.79,2022,11400931.0,Massower Straße,,
,,909,853,785,9,19,37,694,2,186,2,719.4985590778098,686.0,218.41,647.2857142857143,603.0,120.11,721.2857142857143,723.0,126.16,858.8571428571429,882.0,106.62,803.038,803.038,87.24,1023.2307692307692,818.5,445.13,2022,11401032.0,Rosenfelder Ring,,
,,750,712,633,11,20,18,570,12,139,10,716.2052631578947,697.0,193.06,595.8888888888889,586.0,113.15,726.4166666666666,683.5,135.9,812.8571428571429,754.0,191.59,819.9015833333334,796.7049999999999,94.31,833.5,740.0,328.54,2022,11401033.0,Gensinger Straße,,
,,596,568,515,13,15,13,476,6,149,4,711.7626050420168,667.5,237.8,521.3846153846154,542.0,90.02,719.2222222222222,690.0,156.62,792.7,796.0,107.82,882.1460000000001,821.288,184.87,1018.8571428571428,976.0,274.75,2022,11401034.0,Tierpark,,
,,1450,1380,1204,13,25,44,1069,15,391,6,719.5790458372311,676.0,228.71,563.0,550.0,89.77,921.6,868.0,244.2,924.2857142857144,896.0,107.16,924.3080666666666,938.43,95.89,931.6538461538462,706.0,458.14,2022,11401135.0,Dolgenseestraße,,
,,1247,1198,1089,20,18,31,971,5,305,2,711.5406797116375,689.0,216.88,581.7647058823529,631.0,134.38,707.4545454545455,679.0,134.38,915.9,904.0,113.46,974.5948,928.274,276.74,1134.35,1028.0,346.18,2022,11401136.0,Volkradstraße,,
,,1247,1152,1046,12,55,40,930,16,321,15,702.4354838709677,658.0,216.92,521.2222222222222,525.0,59.0,699.1923076923077,659.0,185.0,865.8620689655172,787.0,209.68,829.1148124999997,814.37,51.86,1092.909090909091,901.5,418.44,2022,11401137.0,Erieseering,,
,,563,497,463,6,35,31,411,10,129,1,713.6423357664233,695.0,231.06,504.6666666666667,445.0,151.58,788.6315789473684,747.0,177.24,939.5217391304348,913.0,261.88,1153.5603999999998,1070.6285,283.12,864.2083333333334,825.0,286.49,2022,11501238.0,Rummelsburg,,
,,829,764,675,13,20,44,560,3,267,1,679.0535714285714,610.5,268.87,438.125,419.0,126.29,582.7,592.0,162.14,932.0,934.0,70.15,1080.8239999999998,1029.846,216.85,909.0333333333332,958.0,427.65,2022,11501339.0,Karlshorst West,,
,,1113,1043,957,15,27,43,847,6,293,1,724.1357733175915,699.0,232.01,567.0714285714286,576.5,90.93,730.6666666666666,735.0,184.03,953.4615384615385,989.0,162.01,1231.0183333333334,963.18,672.74,953.1923076923076,1062.5,280.51,2022,11501340.0,Karlshorst Nord,,
,,702,648,597,5,22,32,511,5,195,4,709.8551859099804,664.0,264.15,621.6,623.0,140.58,503.7857142857143,480.0,95.95,892.3333333333334,882.5,120.45,839.6852000000001,834.513,76.56,755.578947368421,609.0,326.57,2022,11501341.0,Karlshorst Süd,,
,,1285,1199,1060,14,32,54,923,7,358,5,683.4431202600217,648.0,227.72,529.1111111111111,512.0,101.32,683.3333333333334,649.0,97.42,757.5,756.0,133.03,842.2114285714287,787.977,190.12,957.1111111111112,825.0,395.33,2022,12100101.0,Letteplatz,,
,,1232,1156,1025,18,39,36,923,10,252,6,729.5395449620802,686.0,220.53,506.0,516.0,125.79,675.3333333333334,665.5,118.66,898.95,833.5,230.26,932.263,847.5835,241.05,938.8214285714286,904.0,290.97,2022,12100102.0,Hausotterplatz,,
,,1120,1064,958,19,26,30,843,7,253,4,709.8991696322657,673.0,221.57,557.0,523.5,127.22,800.7857142857143,695.0,256.87,881.125,863.5,300.39,912.9952857142858,885.51,224.75,787.304347826087,758.0,262.61,2022,12100103.0,Breitkopfbecken,,
,,1484,1357,1247,17,59,68,1095,25,463,19,672.3214611872146,621.0,224.64,528.3846153846154,529.0,95.65,615.5348837209302,612.0,149.4,763.84375,760.5,154.2,835.17536,809.954,172.33,959.6666666666666,867.0,351.22,2022,12100204.0,Schäfersee,,
,,2340,2151,1947,28,80,108,1741,28,808,21,660.6312464101092,616.0,226.84,507.2307692307692,499.5,92.6,654.8444444444444,612.0,174.93,802.3829787234042,806.0,179.83,807.5762500000002,778.3534999999999,151.36,789.367088607595,684.0,335.02,2022,12100205.0,Teichstraße,,
,,538,513,462,10,8,17,414,0,173,0,671.2584541062802,633.5,211.22,495.6666666666667,506.0,141.4,651.0,651.0,216.37,794.8,721.0,154.25,,,,818.9090909090909,785.0,196.95,2022,12100206.0,Humboldtstraße,,
,,454,428,388,5,11,15,360,1,175,0,662.1666666666666,606.0,213.09,495.75,541.0,110.02,671.5,653.0,58.79,811.2,753.0,92.82,924.053,924.053,,712.8461538461538,621.0,279.04,2022,12200307.0,Reinickes Hof,,
,,661,626,563,9,11,24,509,4,173,4,698.7956777996071,667.0,205.67,608.1428571428571,592.0,89.6,655.6,649.0,203.59,702.8333333333334,768.0,161.94,761.58225,798.4455,105.86,1057.2222222222222,949.5,395.97,2022,12200308.0,Mellerbogen,,
,,1674,1560,1440,10,59,54,1296,33,508,30,677.6381172839506,637.0,205.27,567.7142857142857,594.0,143.03,575.5714285714286,573.5,113.05,704.55,680.0,87.23,739.598696969697,712.753,101.39,824.9777777777778,840.0,250.84,2022,12200309.0,Scharnweberstraße,,
,,990,913,811,8,34,42,736,9,294,7,686.1182065217391,640.0,233.56,587.8571428571429,548.0,297.11,645.7272727272727,627.0,79.76,764.1428571428571,726.5,142.7,907.0007777777778,844.767,206.65,841.96875,829.0,218.4,2022,12200310.0,Klixstraße,,
,,87,71,68,1,5,11,62,1,20,1,683.516129032258,682.5,204.7,491.0,491.0,,592.0,592.0,22.63,514.0,514.0,,728.823,728.823,,898.5714285714286,768.0,253.42,2022,12200411.0,Schumacher-Quartier,,
,,940,832,771,18,42,66,669,13,282,4,690.237668161435,641.0,243.51,526.8461538461538,469.0,149.75,702.9,630.0,264.7,855.6363636363636,817.5,167.77,979.405,916.086,175.21,892.9473684210526,870.5,304.64,2022,12200412.0,Waldidyll/Flughafensee,,
,,960,899,806,11,18,43,730,1,307,0,695.5410958904109,656.0,258.78,525.6666666666666,444.0,350.18,545.25,543.5,215.94,682.75,728.5,162.11,1024.197,1024.197,,938.0,871.5,364.86,2022,12200413.0,Tegel Süd,,
,,650,605,551,5,26,19,497,18,66,8,872.0764587525151,824.0,276.11,717.5,734.5,170.0,793.2352941176471,779.0,125.94,873.1666666666666,879.0,121.68,898.7582777777777,925.5345,93.5,980.5,951.5,432.64,2022,12200414.0,TXL,,
,,2599,2384,2226,43,81,82,1934,25,1024,9,613.9312306101344,565.0,267.23,430.5,399.5,127.55,632.53125,506.5,257.18,920.8666666666668,894.0,278.84,948.95592,957.046,128.05,832.6101694915254,802.0,393.03,2022,12200515.0,Alt-Tegel,,
,,606,549,497,9,10,46,389,2,230,0,646.8046272493573,561.0,278.73,603.6666666666666,591.5,148.47,678.1666666666666,648.0,114.42,1099.6666666666667,1012.0,230.37,1212.258,1212.258,210.35,964.0,832.5,367.21,2022,12400616.0,Konradshöhe/Tegelort,,
,,608,572,518,7,8,28,442,2,44,0,839.4841628959276,783.5,244.61,640.8333333333334,687.0,137.39,927.0,927.0,,935.0,819.0,294.66,1143.547,1143.547,34.28,1045.571428571429,880.0,356.62,2022,12400617.0,Alt-Heiligensee,,
,,513,476,438,7,9,28,391,1,57,0,847.1074168797954,825.0,260.93,603.8,634.0,287.07,1053.3333333333333,1018.0,180.61,1039.0,1020.0,148.41,1248.62,1248.62,,1182.6153846153843,1077.0,327.65,2022,12400618.0,Heiligensee Nord,,
,,785,706,620,14,19,60,536,3,97,0,786.3824626865671,737.5,256.39,609.0833333333334,591.5,182.46,952.2857142857144,942.0,208.25,1079.4,1026.0,325.61,1212.809,1131.51,178.21,1009.6969696969696,896.0,409.14,2022,12400619.0,Heiligensee,,
,,898,797,724,16,17,84,600,3,179,0,764.455,681.5,284.73,649.1666666666666,572.0,263.64,727.0,738.0,119.9,1047.6,957.0,202.84,1013.0233333333334,1009.85,41.27,1107.0857142857142,1164.0,365.56,2022,12400720.0,Frohnau West,,
,,904,793,720,16,22,89,589,4,236,2,743.081494057725,664.0,309.01,643.7142857142857,626.0,224.88,703.5,730.0,86.72,1023.7142857142856,913.0,202.06,891.5485,894.09,51.95,1166.3111111111111,1171.0,409.74,2022,12400721.0,Frohnau Ost,,
,,1141,796,727,13,16,55,615,1,345,0,641.590243902439,561.0,283.34,459.8,461.0,90.7,533.7272727272727,519.0,89.98,953.6,815.0,229.01,1149.886,1149.886,,917.9,960.0,420.05,2022,12400722.0,Hermsdorf West,,
,,723,637,574,13,30,56,485,7,246,2,662.4329896907217,597.0,264.22,561.2857142857143,529.0,143.7,508.4705882352941,530.0,101.59,866.8888888888889,843.0,157.03,1168.501142857143,945.156,483.43,811.8666666666667,755.0,334.73,2022,12400723.0,Hermsdorf Ost/Waldsee,,
,,1173,1113,999,22,37,23,869,3,406,3,672.5972382048332,617.0,238.34,500.0,473.0,88.04,606.0588235294117,524.0,203.69,782.1333333333333,750.0,204.56,738.6923333333334,762.154,42.5,1003.0714285714286,892.0,347.28,2022,12500824.0,Ziekowstraße/Freie Scholle,,
,,1014,912,836,9,67,35,745,27,362,18,669.0805369127517,610.0,233.05,439.8888888888889,452.0,107.24,636.219512195122,591.0,136.68,748.047619047619,704.0,192.76,871.778037037037,857.75,158.54,876.6896551724138,856.0,227.27,2022,12500825.0,Borsigwalde,,
,,1214,1151,1078,21,34,29,949,14,503,14,638.7154899894626,587.0,248.7,461.11764705882354,485.0,103.75,545.3333333333334,491.0,153.34,751.0,759.0,198.76,744.1855714285714,741.178,68.83,632.6470588235294,519.0,314.63,2022,12500926.0,Wittenau Süd,,
,,1484,974,903,14,33,36,797,14,370,11,671.547051442911,617.0,240.77,531.7,456.5,153.99,655.1666666666666,618.5,160.31,779.7777777777778,723.0,188.79,843.4339285714285,819.5685,178.96,1037.857142857143,1009.5,394.22,2022,12500927.0,Wittenau Nord,,
,,597,541,499,17,15,41,449,1,230,0,670.7193763919822,593.0,269.86,515.1666666666666,470.0,116.07,566.5714285714286,596.0,119.29,724.5,687.5,98.19,1024.066,1024.066,,883.0769230769231,828.5,411.71,2022,12500928.0,Waidmannslust,,
,,469,433,396,9,12,24,345,3,62,2,764.3826086956522,721.0,212.19,639.5714285714286,611.0,107.96,738.7777777777778,718.0,97.57,1109.0,1182.0,180.91,926.5323333333332,792.074,240.59,913.5,846.0,268.48,2022,12500929.0,Lübars,,
,,2034,1935,1716,30,38,58,1499,12,621,11,684.68245496998,645.0,249.1,523.695652173913,519.0,103.59,597.1176470588235,575.0,190.01,784.1904761904761,678.0,223.22,814.8548333333333,822.6845000000001,126.85,713.3684210526316,642.5,317.83,2022,12500930.0,Wittenau Mitte,,
,,441,407,378,7,17,17,337,6,169,5,663.0178041543027,599.0,241.08,556.8571428571429,558.0,152.62,633.0,610.5,71.13,739.8333333333334,798.5,121.83,769.6201666666667,780.3985,131.35,768.6153846153846,788.0,118.12,2022,12601031.0,Lübarser Straße,,
,,898,826,734,3,29,43,637,5,211,2,722.61852433281,674.0,231.7,799.0,799.0,18.38,656.4166666666666,645.0,91.46,811.3333333333334,750.5,183.64,965.5582,901.594,174.79,805.3142857142857,771.0,246.52,2022,12601032.0,Rollbergesiedlung,,
,,1745,1640,1461,23,68,37,1277,30,225,18,800.989819890368,763.0,238.08,652.5555555555555,666.0,159.44,753.9047619047619,742.5,162.51,920.2058823529412,894.5,182.16,921.9885999999996,869.3435,218.14,881.7142857142857,873.0,303.76,2022,12601133.0,Treuenbrietzener Straße,,
,,2659,2484,2225,29,80,43,1929,38,405,20,783.9896319336444,745.0,242.93,645.1666666666666,631.0,193.51,673.6511627906976,640.0,171.94,868.1025641025641,903.0,203.09,903.7042368421052,893.817,145.25,838.9,753.0,282.39,2022,12601134.0,Märkisches Zentrum,,
,,1305,1249,1120,20,26,30,975,9,273,6,759.2738461538462,725.0,245.64,591.7058823529412,603.0,97.71,639.4375,603.5,115.79,998.4615384615385,917.0,227.85,883.3128888888888,842.69,184.8,827.2,743.5,298.51,2022,12601235.0,Dannenwalder Weg,,
,,395,366,327,5,10,19,273,1,125,1,684.9706959706959,634.0,277.77,452.0,447.0,19.71,512.0,518.5,52.61,785.5,785.5,55.86,828.123,828.123,,974.3,674.5,496.51,2022,12601236.0,Schorfheidestraße,,
,,25010,21268,19948,201,1656,852,17400,977,9117,835,629.83,589.0,225.16,496.61,487.5,126.97,578.34,577.0,132.08,721.35,701.0,158.09,775.92,749.28,166.76,885.22,795.0,371.82,2022,,,110.0,Zentrum
,,14882,13710,12607,151,638,531,11021,302,5570,255,638.93,598.0,229.76,483.13,462.0,124.11,555.25,526.0,151.2,713.53,701.0,154.91,775.9,752.2,173.18,798.54,704.0,341.9,2022,,,120.0,Moabit
,,11780,10530,9530,122,494,492,8444,147,4120,114,643.17,606.0,227.85,490.09,474.0,140.67,572.78,549.5,148.09,728.35,708.0,157.76,788.73,756.7,157.7,944.81,831.0,430.15,2022,,,130.0,Gesundbrunnen
,,16399,13775,12483,204,486,608,11123,179,5936,151,628.85,584.0,222.71,467.13,457.5,105.26,597.32,560.5,155.4,761.73,745.0,170.19,794.38,777.37,163.44,897.08,862.0,351.21,2022,,,140.0,Wedding
,,6937,6288,5739,65,351,296,5059,148,3119,132,591.1,547.0,208.62,457.35,429.0,141.06,561.39,534.0,142.81,703.85,692.0,140.32,754.25,751.8,134.68,758.84,653.0,333.36,2022,,,210.0,Kreuzberg Nord
,,8084,6807,6295,95,434,379,5510,141,3176,128,610.45,564.0,223.66,451.07,438.0,101.59,565.91,532.0,153.79,711.24,701.0,145.42,769.4,758.52,137.54,839.57,713.0,394.12,2022,,,220.0,Kreuzberg Süd
,,6680,6185,5751,69,240,254,4940,46,3275,35,573.59,516.0,224.7,416.02,403.0,136.72,550.72,483.0,210.97,704.2,682.0,219.3,763.55,727.75,166.35,872.88,803.0,386.51,2022,,,230.0,Kreuzberg Ost
,,9638,8443,7847,108,389,305,6847,181,4109,154,594.78,552.0,221.56,447.79,435.0,122.28,524.5,495.0,141.52,685.16,658.0,168.68,763.69,726.93,224.83,899.86,772.5,422.67,2022,,,240.0,Friedrichshain West
,,9625,8796,8182,71,387,439,7124,99,3823,80,624.4,585.0,212.08,464.02,461.0,107.3,577.98,558.0,155.43,739.5,699.0,191.31,772.65,748.02,170.89,945.56,804.0,408.07,2022,,,250.0,Friedrichshain Ost
,,3190,2723,2418,27,114,122,1850,37,806,13,714.61,626.5,280.01,528.48,503.0,198.26,754.1,730.0,157.64,805.12,758.0,144.48,1009.06,970.95,197.35,920.96,911.0,246.0,2022,,,310.0,Buch
,,4899,4596,4133,70,99,203,3533,18,957,14,756.09,707.0,243.83,554.14,561.0,92.67,687.82,640.0,270.79,813.61,802.0,217.25,887.8,775.47,347.07,869.03,773.0,377.28,2022,,,320.0,Nördliches Pankow
,,4105,3844,3444,60,105,156,2902,27,1183,16,694.5,640.5,244.37,573.15,535.0,162.31,647.76,621.0,208.26,816.62,791.0,186.09,913.86,868.34,189.1,852.24,765.0,320.15,2022,,,330.0,Nördliches Weißensee
,,10474,9485,8547,115,299,379,7590,83,2981,61,695.97,651.0,239.84,553.85,557.0,154.6,630.16,610.0,183.14,771.59,729.0,201.72,814.86,783.9,159.83,877.13,788.0,371.13,2022,,,340.0,Südliches Pankow
,,6907,5914,5324,72,221,295,4766,65,2277,43,650.24,610.0,219.45,508.71,504.0,113.62,588.13,557.0,144.66,683.56,627.5,194.47,850.43,799.68,250.16,750.17,669.0,317.92,2022,,,350.0,Südliches Weißensee
,,11499,10531,9646,115,486,479,8479,138,3699,116,656.95,627.0,212.77,518.04,514.5,139.04,607.38,592.5,135.84,699.0,690.0,129.41,796.94,753.66,196.58,932.78,831.0,369.09,2022,,,360.0,Nördlicher Prenzlauer Berg
,,4966,4545,4169,44,189,230,3635,65,1879,59,630.73,592.0,223.88,470.44,500.0,92.11,598.35,578.0,140.34,687.84,680.5,156.82,743.24,704.96,146.05,883.33,759.0,350.53,2022,,,370.0,Südlicher Prenzlauer Berg
,,3085,2819,2546,39,108,154,2281,18,1153,13,645.91,598.0,229.1,473.55,451.0,137.82,631.75,563.0,259.03,767.24,737.0,247.77,842.48,789.82,159.96,791.93,724.0,317.07,2022,,,410.0,Charlottenburg Nord
,,7353,6180,5689,84,227,332,4979,76,1921,63,687.42,652.0,233.72,536.42,549.0,138.4,684.72,674.0,191.91,711.29,700.0,156.05,820.71,818.53,126.3,947.31,900.0,352.0,2022,,,420.0,Charlottenburg West
,,14611,13131,12066,140,630,632,10575,247,6299,212,597.37,555.0,212.9,446.21,435.0,99.5,556.29,533.0,152.75,671.08,652.0,157.16,760.3,726.99,147.65,781.46,718.5,311.33,2022,,,430.0,Charlottenburg Zentrum
,,6812,5973,5441,83,202,364,4804,54,1888,49,673.89,641.0,208.09,524.11,510.0,139.48,672.65,637.0,177.68,772.63,762.0,165.23,772.64,759.08,112.1,972.44,921.0,350.43,2022,,,440.0,Wilmersdorf Süd
,,17771,15895,14673,206,772,731,12811,388,7534,350,604.21,565.0,206.97,445.3,430.0,110.37,555.48,537.0,143.39,670.23,650.0,166.66,723.98,695.86,141.64,809.17,709.5,339.11,2022,,,450.0,Wilmersdorf Zentrum
,,16758,14776,13389,191,498,632,11467,144,4926,84,670.99,630.0,228.51,538.56,525.0,136.65,672.04,655.0,189.67,755.43,714.0,208.46,899.58,867.79,260.72,996.19,925.0,373.96,2022,,,510.0,Spandau Mitte / Nord
,,12967,11909,10787,168,497,554,9156,172,3597,99,684.96,646.0,228.88,558.01,554.0,133.48,692.4,672.0,183.05,790.33,775.5,199.13,920.03,879.44,230.61,986.51,884.0,411.07,2022,,,520.0,Wilhelmstadt / Staaken
,,4604,4171,3775,45,199,233,3302,81,1462,46,660.95,633.0,227.06,526.47,502.0,209.1,680.25,669.0,191.6,829.16,813.5,186.29,929.77,890.33,182.9,914.29,846.0,331.17,2022,,,530.0,Haselhorst / Siemensstadt
,,2264,1749,1619,32,34,260,1197,7,513,1,715.46,636.0,296.85,593.32,552.0,170.94,808.64,811.0,235.25,1102.67,1192.0,206.06,1326.1,1197.64,471.7,982.19,978.5,339.63,2022,,,540.0,Gatow / Kladow
,,8374,7746,7064,99,301,327,6139,78,3337,63,611.51,579.0,205.09,477.52,464.0,93.61,589.18,542.5,167.8,758.95,756.5,143.38,823.55,796.0,149.74,892.84,750.0,389.78,2022,,,610.0,Steglitz
,,10206,9153,8283,134,254,392,7176,68,2992,45,672.1,636.0,212.95,530.91,520.0,116.49,675.23,641.0,170.17,818.4,780.0,158.52,878.89,841.75,156.64,1020.25,863.0,433.4,2022,,,620.0,Lankwitz/Lichterfelde Ost
,,9871,8437,7662,109,230,453,6664,82,2722,51,691.82,641.0,235.4,528.08,505.0,124.36,655.81,615.0,209.53,757.93,733.0,181.94,892.88,864.32,162.34,940.42,817.0,420.83,2022,,,630.0,Zehlendorf Süd/Lichterfelde West
,,8972,7623,6967,104,279,599,5976,54,2175,35,714.79,666.0,246.28,587.47,577.0,140.03,707.86,664.0,198.85,767.86,752.0,184.09,871.87,837.15,175.92,987.26,869.5,430.37,2022,,,640.0,Zehlendorf Nord/Wannsee
,,6734,6133,5624,58,275,325,4931,103,2626,95,627.17,588.0,207.19,508.7,512.0,101.08,565.16,551.0,102.86,696.51,680.0,145.41,752.23,747.35,109.98,857.2,808.0,292.84,2022,,,710.0,Schöneberg Nord
,,6123,5598,5126,67,237,288,4485,89,2760,75,595.33,550.0,218.01,463.55,463.0,112.81,541.62,516.0,153.7,703.73,672.5,149.99,788.6,750.07,193.78,943.53,911.0,371.68,2022,,,720.0,Schöneberg Süd
,,5230,4070,3694,58,180,253,3221,67,1759,55,618.08,577.0,207.02,481.98,481.0,92.7,599.2,593.0,109.51,697.41,674.0,144.77,787.28,736.89,226.92,910.17,794.0,410.83,2022,,,730.0,Friedenau
,,9911,8222,7510,101,357,416,6728,110,3681,87,619.44,575.0,230.28,477.82,476.0,122.82,587.49,549.5,161.88,702.08,699.0,136.98,794.71,759.41,167.28,904.89,793.0,407.37,2022,,,740.0,Tempelhof
,,7121,6668,6004,83,173,279,5371,55,2999,35,620.69,575.0,215.47,477.98,462.0,146.06,632.3,629.0,163.42,757.0,730.0,147.32,857.91,836.27,156.82,967.24,795.5,456.28,2022,,,750.0,Mariendorf
,,10606,9852,8804,151,281,472,7507,75,2808,13,709.99,662.0,243.72,581.21,575.5,153.77,762.95,717.0,217.93,904.45,881.0,183.76,1044.54,1031.93,173.1,1072.21,987.5,421.49,2022,,,760.0,Marienfelde / Lichtenrade
,,22648,20748,19003,263,962,935,16773,278,7750,223,653.47,618.0,221.26,492.18,483.0,161.03,584.76,569.0,146.44,664.05,655.0,159.63,804.04,760.63,201.76,928.6,861.0,355.09,2022,,,810.0,Neukölln
,,9671,8990,8166,123,284,394,7275,81,2774,52,689.66,650.0,220.78,542.61,543.5,151.73,638.7,620.5,141.91,777.8,754.5,199.1,911.91,856.01,332.62,1027.83,940.5,413.42,2022,,,820.0,Britz/Buckow
,,5979,5647,5094,85,189,142,4464,43,2153,33,669.77,611.0,245.19,499.92,465.0,133.96,688.74,669.0,228.74,843.45,824.0,193.9,853.83,813.59,143.56,858.13,754.0,341.42,2022,,,830.0,Gropiusstadt
,,7445,6219,5580,104,159,346,4806,48,2284,33,653.78,613.0,232.21,548.86,538.0,157.6,627.86,584.0,211.53,789.3,757.0,183.17,866.67,810.89,225.41,919.64,850.5,394.21,2022,,,840.0,Buckow Nord/Rudow
,,9090,8470,7686,98,288,327,6813,71,2475,59,690.8,657.0,218.63,573.92,562.0,147.03,638.87,628.5,124.79,743.99,740.0,155.45,802.46,766.81,158.53,864.33,787.5,345.13,2022,,,910.0,Treptow-Köpenick 1
,,10144,9379,8477,112,336,428,7455,87,3018,67,670.2,639.0,210.98,531.38,518.0,110.11,624.18,592.0,171.93,732.16,699.0,181.15,820.93,778.81,193.06,833.93,755.0,309.4,2022,,,920.0,Treptow-Köpenick 2
,,6812,5956,5297,80,203,344,4386,66,1348,23,751.9,710.0,262.58,631.09,601.0,206.79,762.3,754.0,179.15,980.5,949.5,195.08,977.7,948.9,183.37,971.98,914.5,387.43,2022,,,930.0,Treptow-Köpenick 3
,,5563,4889,4361,75,131,207,3627,32,1513,13,680.14,636.0,234.33,521.29,506.0,129.47,696.41,668.0,204.44,803.14,739.0,252.5,1109.16,976.84,392.72,956.39,854.5,371.65,2022,,,940.0,Treptow-Köpenick 4
,,7864,7368,6699,82,167,328,5512,26,2245,7,693.81,646.0,240.37,543.33,537.0,161.34,661.94,635.0,155.41,892.07,834.0,275.1,1048.95,1010.39,272.69,943.5,794.0,413.39,2022,,,950.0,Treptow-Köpenick 5
,,17086,15992,14387,228,555,535,12909,148,5209,97,671.6,636.0,215.08,534.84,521.0,141.81,671.51,649.0,168.06,783.46,751.0,206.91,867.3,804.11,181.57,917.81,799.5,400.45,2022,,,1010.0,Marzahn
,,11328,10570,9439,146,408,346,8321,93,3335,48,694.67,644.0,243.61,526.62,508.0,120.09,647.2,619.0,170.84,806.3,751.0,230.14,912.97,897.18,190.23,850.48,793.0,313.71,2022,,,1020.0,Hellersdorf
,,4228,3572,3255,52,83,169,2947,32,1183,21,675.13,643.0,228.26,551.52,536.5,136.69,683.92,659.5,195.92,789.6,789.0,155.57,835.79,794.46,206.12,957.49,866.0,464.58,2022,,,1030.0,Biesdorf
,,4906,4247,3877,70,95,289,3384,14,830,5,761.42,728.0,239.88,629.56,629.0,164.18,723.75,707.5,189.86,909.95,862.5,199.91,1032.03,950.22,279.86,930.04,874.0,347.45,2022,,,1040.0,Kaulsdorf/Mahlsdorf
,,8454,7930,7021,94,279,245,6243,79,1884,49,721.36,685.0,223.02,579.72,590.0,130.85,723.14,692.0,237.56,906.69,855.5,221.04,904.08,866.23,151.3,914.47,864.0,311.57,2022,,,1110.0,Hohenschönhausen Nord
,,6801,6366,5680,62,202,232,5071,86,1990,65,672.42,639.0,207.47,564.93,546.0,162.89,652.96,638.5,138.47,765.63,743.0,153.43,835.77,792.35,199.67,887.66,812.0,326.47,2022,,,1120.0,Hohenschönhausen Süd
,,12751,11217,10278,139,546,374,9234,233,4596,178,639.02,602.0,214.88,486.12,475.0,131.73,609.01,583.0,187.87,750.09,755.0,173.07,823.98,796.02,152.5,942.92,867.5,374.66,2022,,,1130.0,Lichtenberg Nord
,,9698,9117,8236,122,269,311,7359,90,2385,65,706.89,677.0,219.12,559.53,570.0,115.3,717.01,685.0,173.84,836.32,822.0,153.6,860.09,846.05,129.58,1008.15,868.0,410.65,2022,,,1140.0,Lichtenberg Mitte
,,3207,2952,2692,39,104,150,2329,24,884,7,708.31,678.0,248.82,535.53,520.5,127.83,669.38,655.0,195.63,931.56,931.0,195.91,1098.44,1022.04,394.16,880.31,904.0,343.2,2022,,,1150.0,Lichtenberg Süd
,,7999,7440,6699,106,244,313,5939,77,2307,55,684.78,644.0,225.07,520.09,515.0,110.91,663.26,643.5,169.45,810.44,788.5,197.47,845.46,809.95,182.25,878.74,797.0,342.23,2022,,,1210.0,Reinickendorf Ost
,,9015,8318,7624,110,287,356,6793,105,2849,63,678.63,645.0,250.62,510.55,472.0,192.14,645.18,613.0,196.22,804.04,776.0,191.18,865.97,853.8,158.31,873.85,838.5,334.04,2022,,,1220.0,Tegel
,,6178,5326,4818,95,131,446,4047,23,1434,4,738.22,683.0,285.01,598.94,554.5,198.38,674.04,642.5,195.67,988.46,936.0,218.75,1110.14,1063.52,289.31,1026.02,1016.0,397.84,2022,,,1240.0,Grüner Norden
,,7985,7059,6427,122,236,246,5653,74,2554,59,674.95,625.0,245.18,509.0,485.0,117.27,623.52,593.5,161.2,772.05,729.0,201.37,831.93,806.26,151.42,855.56,767.0,354.49,2022,,,1250.0,Wittenau/Borsigwalde
,,7443,6972,6245,87,230,189,5428,89,1408,52,763.86,724.0,245.96,617.0,612.0,157.44,684.87,664.0,158.13,885.56,887.0,199.18,901.39,873.5,178.0,838.36,776.0,288.2,2022,,,1260.0,Märkisches Viertel
11001.0,Tiergarten Süd,4093,3216,3074,36,328,203,2710,205,1352,171,639.75,601.0,238.01,552.0,561.0,147.52,600.07,590.0,119.31,723.37,708.5,156.1,801.11,771.37,162.67,858.99,763.0,336.71,2023,,,,
11002.0,Regierungsviertel,4926,4294,4145,21,440,192,3687,314,1741,262,638.35,612.0,207.32,519.88,474.0,139.67,604.67,603.5,112.81,748.16,739.0,158.57,797.53,767.17,150.41,943.85,864.0,375.82,2023,,,,
11003.0,Alexanderplatz,13831,11715,11161,94,850,478,9982,519,5763,453,608.1,568.0,219.99,438.79,443.5,96.92,570.61,564.0,134.18,711.09,690.0,154.6,756.87,717.14,203.48,955.56,851.0,423.29,2023,,,,
11004.0,Brunnenstraße Süd,2616,2342,2232,27,138,136,2005,73,1185,64,598.65,561.0,217.97,437.74,416.0,107.04,544.21,531.5,134.1,672.83,626.5,188.55,730.28,700.1,142.8,921.83,734.0,438.23,2023,,,,
12005.0,Moabit West,5544,5060,4746,43,245,239,4226,72,2139,66,621.22,597.0,202.42,481.43,488.0,97.9,592.36,559.0,176.78,732.22,713.0,165.46,776.55,734.8,211.22,858.49,810.5,339.26,2023,,,,
12006.0,Moabit Ost,8596,7882,7436,63,465,247,6639,271,3715,243,619.67,571.0,225.77,480.51,471.0,108.58,546.73,522.0,179.76,715.32,698.0,173.47,764.2,758.95,126.13,876.39,803.0,390.11,2023,,,,
13007.0,Osloer Straße,5176,4553,4306,49,179,198,3830,56,1780,50,649.38,614.0,211.15,467.0,466.0,104.75,601.99,588.5,156.78,766.98,756.0,139.25,755.95,737.17,156.78,875.91,794.0,335.57,2023,,,,
13008.0,Brunnenstraße Nord,6257,5691,5335,61,276,290,4818,92,2848,76,601.86,554.0,221.37,444.32,427.5,106.13,563.01,523.5,180.64,686.63,683.0,153.79,744.21,730.0,167.55,907.31,722.0,455.3,2023,,,,
14009.0,Parkviertel,7978,6340,5935,69,268,244,5387,96,3043,80,610.25,570.0,211.34,486.58,474.0,127.54,609.99,584.5,186.34,783.94,778.0,152.5,799.88,793.05,161.99,867.31,798.0,366.4,2023,,,,
14010.0,Wedding Zentrum,8105,7324,6851,88,256,303,6100,75,3768,61,589.8,547.0,209.05,444.61,420.5,139.15,581.28,544.5,184.64,751.5,723.0,192.04,764.93,707.58,208.04,870.2,734.0,406.81,2023,,,,
21001.0,Südliche  Friedrichstadt,7295,6468,6104,54,440,386,5456,158,3321,135,589.34,551.0,199.53,438.95,430.0,103.87,569.8,547.5,143.19,713.15,711.0,125.99,784.39,766.66,132.45,819.14,685.0,366.16,2023,,,,
22002.0,Tempelhofer Vorstadt,8161,6955,6591,78,361,330,5832,122,3482,109,597.44,557.0,208.08,451.07,422.0,163.21,545.13,532.0,148.25,721.62,689.0,147.08,771.07,742.53,150.77,819.37,695.0,364.81,2023,,,,
23003.0,Nördliche Luisenstadt,3317,3073,2936,38,113,131,2596,32,1770,30,561.72,519.0,206.32,419.0,410.0,128.19,520.46,511.5,131.1,707.96,681.0,196.01,651.01,622.07,126.47,846.36,734.0,416.23,2023,,,,
23004.0,Südliche Luisenstadt,3488,3195,3029,36,152,140,2643,32,1712,27,577.35,524.0,225.04,412.2,387.0,162.87,556.84,500.0,176.0,743.57,693.0,203.22,744.6,742.49,149.63,842.06,791.5,381.71,2023,,,,
24005.0,Karl-Marx-Allee Nord,3701,2931,2748,34,130,128,2465,47,1438,37,601.96,566.0,210.56,463.69,478.5,91.59,574.65,547.0,120.73,719.95,717.5,155.35,834.19,729.75,310.46,932.03,839.0,393.07,2023,,,,
24006.0,Karl-Marx-Allee Süd,5427,5005,4717,45,250,171,4229,121,2709,96,576.51,536.0,210.36,430.36,431.0,82.27,542.95,495.0,168.85,727.25,681.0,200.98,783.21,747.68,176.81,991.7,961.0,444.64,2023,,,,
25007.0,Frankfurter Allee Nord,2848,2631,2487,19,107,110,2219,35,1198,29,619.49,585.0,198.28,516.79,530.5,123.41,588.61,579.0,145.24,712.13,669.5,163.49,779.53,740.1,191.15,924.96,837.0,334.21,2023,,,,
25008.0,Frankfurter Allee Süd FK,6297,5780,5544,42,289,227,4935,88,2644,70,618.53,587.0,197.93,499.47,462.0,166.64,580.01,540.0,183.2,707.12,694.0,166.77,797.12,762.96,240.28,923.1,737.5,450.01,2023,,,,
31001.0,Buch,2866,2409,2233,19,87,99,1777,28,845,13,678.56,612.0,249.55,537.27,526.0,86.97,734.25,751.0,167.18,822.72,799.5,155.35,957.89,920.63,168.81,916.07,923.5,275.28,2023,,,,
32002.0,Blankenfelde/Niederschönhausen,2787,2597,2418,33,85,104,2108,21,605,17,730.48,692.0,226.34,543.93,529.0,171.59,648.82,589.0,246.38,831.21,795.0,209.57,812.51,780.41,197.75,823.92,784.0,326.57,2023,,,,
32003.0,Buchholz,1733,1644,1545,27,37,49,1383,7,437,1,731.36,676.0,232.51,522.47,513.0,112.14,643.08,612.0,144.39,889.57,834.0,301.07,1092.64,949.11,353.89,867.56,727.0,462.13,2023,,,,
33004.0,Karow,1639,1558,1419,17,37,44,1176,8,600,5,654.38,596.0,249.25,547.85,568.0,122.67,618.8,633.5,104.41,846.46,846.0,197.97,905.42,859.66,246.33,866.45,759.5,312.78,2023,,,,
33005.0,Blankenburg/Heinersdorf/Märchenland,2248,2081,1928,27,64,103,1749,22,691,17,691.5,644.0,218.4,504.05,521.5,104.13,675.5,626.0,184.98,795.34,734.0,282.57,828.06,774.12,212.51,906.51,835.0,384.63,2023,,,,
34006.0,Schönholz/Wilhelmsruh/Rosenthal,1967,1843,1718,33,58,66,1493,15,485,8,718.4,687.0,222.36,573.5,530.5,100.4,660.12,677.0,148.61,835.96,881.0,199.28,884.79,857.37,176.21,838.24,722.0,287.15,2023,,,,
34007.0,Pankow Zentrum,4184,3552,3360,38,126,165,3020,34,1424,27,660.75,616.0,230.81,475.03,467.0,110.01,587.09,592.5,147.1,793.63,776.0,186.3,812.35,772.69,237.47,872.21,755.0,423.43,2023,,,,
34008.0,Pankow Süd,3743,3432,3208,36,134,177,2887,39,1198,33,668.91,634.0,212.38,503.21,511.0,116.27,640.15,618.5,160.75,753.18,722.5,226.61,764.82,722.36,156.38,942.17,970.0,396.16,2023,,,,
35009.0,Weißensee,4266,3655,3382,33,134,230,3077,31,1600,18,632.98,592.0,210.96,495.48,492.0,75.21,562.7,540.5,141.11,664.81,658.0,164.0,881.92,848.16,204.81,725.17,640.0,301.75,2023,,,,
35010.0,Weißensee Ost,2475,2173,2044,27,81,83,1894,31,917,15,650.32,607.0,216.46,558.44,551.0,107.67,601.04,535.0,236.89,720.98,705.0,231.08,918.0,904.84,230.33,828.2,696.0,351.55,2023,,,,
36011.0,Prenzlauer Berg Nordwest,2501,2230,2121,25,130,139,1912,19,819,17,659.48,630.0,206.76,467.05,461.0,111.32,627.26,603.0,169.8,738.02,741.0,156.13,766.97,766.21,127.01,936.65,891.0,404.33,2023,,,,
36012.0,Prenzlauer Berg Nord,2674,2434,2310,23,114,125,2081,31,970,29,647.15,617.0,211.1,508.32,516.0,106.39,605.22,601.0,128.51,746.08,738.5,164.49,772.78,759.17,133.81,857.43,788.5,325.62,2023,,,,
36013.0,Helmholtzplatz,1428,1272,1192,8,64,92,1075,9,529,9,641.11,605.0,217.68,528.6,478.0,121.81,563.39,545.5,128.04,660.15,620.0,154.32,741.07,729.49,69.4,921.22,854.0,373.44,2023,,,,
36014.0,Prenzlauer Berg Ost,4242,3898,3635,44,181,163,3279,61,1543,50,644.07,611.0,205.02,523.7,525.0,124.05,649.55,623.5,176.5,756.76,726.0,189.86,782.82,735.04,154.12,970.22,940.0,353.94,2023,,,,
37015.0,Prenzlauer Berg Südwest,2464,2260,2156,15,109,94,1910,39,985,36,628.68,594.0,224.65,487.55,486.0,84.61,556.14,538.0,138.24,669.67,672.0,182.86,743.72,732.29,133.43,931.29,781.0,438.99,2023,,,,
37016.0,Prenzlauer Berg Süd,2463,2232,2082,25,98,132,1880,24,952,22,630.79,598.0,201.18,489.65,501.0,113.14,613.21,591.0,137.36,698.28,665.5,174.55,712.31,697.2,130.64,901.65,861.5,357.97,2023,,,,
41001.0,Charlottenburg Nord,3141,2890,2699,33,109,140,2414,21,864,16,684.15,660.0,212.58,586.4,565.0,144.96,661.9,642.0,226.2,761.71,728.5,196.04,818.37,805.07,83.45,940.98,837.5,333.82,2023,,,,
42002.0,Heerstraße,2605,2317,2200,28,79,77,1944,27,467,20,752.5,706.5,244.86,546.95,542.0,56.68,776.82,709.0,207.71,826.27,771.0,202.17,920.91,859.21,256.27,1071.19,977.0,380.02,2023,,,,
42003.0,Westend,4629,3796,3585,42,133,207,3203,58,1483,49,651.14,621.0,219.89,479.6,492.5,125.71,601.39,584.0,147.63,757.38,745.0,195.34,806.99,788.78,161.07,939.54,873.0,407.37,2023,,,,
43004.0,Schloss Charlottenburg,5532,4892,4594,47,193,247,4129,43,2373,35,602.7,558.0,224.45,448.36,430.0,119.74,569.34,536.0,162.95,708.38,698.0,179.28,777.96,756.31,154.0,850.02,769.0,364.71,2023,,,,
43005.0,Mierendorffplatz,1985,1804,1681,16,94,87,1534,29,776,26,631.21,599.0,204.45,412.36,397.5,74.58,597.37,601.0,160.93,680.39,660.0,159.74,741.51,721.95,167.67,887.82,803.0,354.57,2023,,,,
43006.0,Otto-Suhr-Allee/Kantstraße,7201,6525,6182,71,365,311,5528,184,3306,169,595.63,557.5,208.11,451.33,460.0,104.58,541.18,512.0,134.61,640.74,629.0,134.17,703.27,681.04,141.53,825.68,746.5,318.53,2023,,,,
44007.0,Grunewald,2763,2241,2110,31,82,138,1884,27,705,22,672.71,647.0,192.43,521.78,528.0,119.93,660.75,660.0,118.31,780.15,758.0,150.41,778.98,760.44,122.88,970.04,986.5,333.46,2023,,,,
44008.0,Schmargendorf,3916,3692,3444,40,102,120,3081,29,1310,27,655.29,628.0,188.98,553.84,554.0,108.95,643.82,620.0,133.43,755.74,751.0,128.34,777.98,777.77,90.44,962.93,902.0,397.14,2023,,,,
45009.0,Halensee,3641,3338,3170,39,121,181,2894,59,1789,51,596.21,551.0,208.05,444.12,423.0,100.74,559.24,517.0,160.16,661.72,640.0,129.76,730.81,702.36,175.15,811.59,763.0,305.72,2023,,,,
45010.0,Lietzenburger Straße,7651,6804,6458,69,493,353,5687,275,3654,261,582.52,541.0,210.31,427.35,433.0,87.68,497.44,473.0,113.83,663.04,653.0,147.61,706.61,687.02,124.12,747.18,650.0,342.79,2023,,,,
45011.0,Volkspark Wilmersdorf,5972,5096,4750,59,238,276,4276,95,2804,90,576.83,533.0,206.88,443.84,427.5,81.02,508.16,488.0,117.35,654.14,636.0,142.54,747.74,704.7,425.38,768.4,698.0,331.77,2023,,,,
51001.0,Hakenfelde,3873,3579,3298,46,125,124,2904,40,1075,19,699.46,656.0,213.86,572.03,535.5,149.09,746.91,686.0,219.74,768.12,694.0,203.07,956.74,917.79,220.43,1085.25,913.0,435.38,2023,,,,
51002.0,Falkenhagener Feld,5611,4827,4452,61,151,186,3831,36,1595,20,660.81,630.0,198.95,538.56,516.5,121.77,719.49,722.0,165.94,848.06,812.0,211.88,922.68,887.44,161.06,999.59,928.0,332.7,2023,,,,
51003.0,Spandau Mitte,6569,5835,5510,64,216,241,4943,51,2849,39,601.99,563.0,215.33,494.83,471.5,112.59,586.72,572.5,130.16,675.26,604.0,225.57,797.87,741.34,180.5,929.64,748.0,433.26,2023,,,,
52004.0,Brunsbütteler Damm,2618,2435,2266,31,103,80,1925,37,562,22,711.5,687.0,202.28,611.95,609.5,119.32,732.61,766.0,151.51,844.52,817.5,163.24,931.67,885.7,173.84,1061.21,985.0,330.77,2023,,,,
52005.0,Heerstraße,3807,3520,3303,36,140,147,2898,49,827,27,713.83,677.0,198.55,554.46,558.5,86.78,680.37,635.0,159.93,757.61,702.0,173.71,961.02,891.83,210.18,976.1,877.0,355.82,2023,,,,
52006.0,Wilhelmstadt,5760,5357,5027,53,160,233,4456,45,2705,34,601.84,554.0,210.0,458.0,449.0,97.29,558.44,547.0,123.25,638.51,600.0,174.92,801.42,732.78,213.36,877.86,694.0,430.22,2023,,,,
53007.0,Haselhorst,2560,2354,2220,17,80,126,1986,27,946,14,639.45,613.0,227.36,445.6,409.5,137.96,744.1,749.5,154.68,783.8,739.0,222.94,909.37,899.47,149.06,1100.54,1051.5,327.67,2023,,,,
53008.0,Siemensstadt,1873,1673,1579,18,107,92,1413,50,648,25,653.16,617.0,205.38,480.71,482.0,123.05,754.7,755.0,165.82,805.18,813.0,164.72,905.76,898.69,131.43,972.25,887.5,330.18,2023,,,,
54009.0,Gatow/Kladow,2139,1743,1629,27,52,91,1241,15,565,2,690.11,619.0,264.44,573.82,551.0,118.97,742.67,766.0,183.51,1048.69,997.0,237.26,1094.38,1072.88,178.04,963.78,933.0,302.55,2023,,,,
61001.0,Schloßstraße,3016,2779,2646,25,122,115,2348,39,1262,29,613.81,581.0,202.37,504.0,510.5,96.58,567.87,532.0,145.66,779.77,767.5,143.74,847.41,795.37,157.98,977.29,960.0,381.23,2023,,,,
61002.0,Albrechtstraße,5149,4832,4521,51,131,183,4055,28,2362,27,598.16,563.0,203.96,450.51,434.0,121.3,562.37,536.0,157.42,744.79,710.0,208.24,780.52,766.48,75.0,908.84,854.5,410.7,2023,,,,
62003.0,Lankwitz,5475,5017,4697,63,120,139,4259,30,2068,18,637.84,606.0,201.92,528.18,518.5,123.81,677.14,659.0,137.36,767.43,753.0,132.94,864.77,864.96,132.55,933.15,801.0,405.38,2023,,,,
62004.0,Ostpreußendamm,4476,4022,3764,58,93,140,3257,26,1239,10,689.17,658.0,219.94,569.27,568.0,114.13,723.74,621.5,254.62,837.42,829.5,177.36,920.94,912.42,131.89,961.98,827.0,444.66,2023,,,,
63005.0,Teltower Damm,4230,3702,3470,49,107,149,3052,31,1218,13,684.07,650.0,223.51,526.38,501.0,138.6,687.11,644.5,143.41,778.46,709.0,216.43,946.03,918.98,222.86,973.29,822.0,437.0,2023,,,,
63006.0,Drakestraße,5189,4492,4172,58,164,156,3737,63,1619,45,663.21,625.0,205.5,525.55,506.0,128.78,645.95,615.0,127.6,779.35,754.0,169.01,835.94,817.67,152.78,904.99,797.0,361.73,2023,,,,
64007.0,Zehlendorf Südwest,3663,3163,2969,30,120,164,2476,24,828,7,718.91,666.0,235.36,557.35,569.0,98.0,817.96,744.0,282.65,974.59,967.0,217.5,1003.81,1022.65,174.19,1008.48,901.0,398.96,2023,,,,
64008.0,Zehlendorf Nord,4578,4074,3841,65,142,175,3476,41,1432,25,677.25,641.0,216.33,500.46,502.0,100.97,682.93,650.0,156.78,772.05,722.0,251.08,887.75,855.55,204.39,985.74,873.5,399.62,2023,,,,
71001.0,Schöneberg Nordwest,4278,3990,3766,33,147,141,3324,63,1912,58,614.21,572.0,209.34,514.54,510.5,126.3,546.35,524.0,119.64,692.4,662.0,151.72,755.98,753.07,132.18,791.17,760.0,306.96,2023,,,,
71002.0,Schöneberg Nordost,2373,2146,2028,19,106,120,1821,25,1112,23,596.17,558.0,187.86,491.29,483.5,79.81,553.19,531.5,114.36,692.91,677.5,122.22,738.66,722.39,107.09,818.7,741.0,283.76,2023,,,,
72003.0,Schöneberg Südwest,2340,2181,2042,27,63,96,1853,16,1190,15,585.25,550.0,189.25,434.83,435.5,94.33,552.29,517.0,149.07,720.2,679.5,213.68,718.23,698.86,161.11,868.42,770.5,341.99,2023,,,,
72004.0,Schöneberg Südost,3837,3502,3301,23,168,165,3021,63,1971,56,572.41,529.0,207.74,461.05,438.0,198.54,531.45,520.0,120.73,690.6,683.0,122.71,809.21,739.35,309.92,858.88,857.0,368.01,2023,,,,
73005.0,Friedenau West,2283,2069,1912,17,92,122,1711,34,1000,31,597.54,570.0,197.94,467.45,497.0,117.16,590.64,582.5,97.6,721.97,703.5,119.77,735.94,707.76,112.71,919.25,866.5,335.84,2023,,,,
73006.0,Friedenau Ost,2777,1964,1861,28,81,99,1657,27,940,25,613.93,574.0,202.48,436.05,450.0,77.4,608.15,586.5,166.08,709.04,674.5,172.24,740.04,719.45,130.45,901.06,853.5,343.33,2023,,,,
74007.0,Tempelhof Nord,3430,2630,2431,18,133,98,2203,31,1080,24,648.3,605.0,229.25,500.64,467.0,195.44,629.51,568.0,247.82,726.88,704.0,158.05,824.37,818.19,150.46,923.91,837.0,396.15,2023,,,,
74008.0,Tempelhof Südwest,4008,3710,3465,38,144,152,3138,42,1855,33,591.13,562.0,197.3,423.2,410.0,94.75,583.14,563.5,147.53,701.95,697.0,169.74,804.28,778.61,144.39,950.12,832.0,424.34,2023,,,,
74009.0,Tempelhof Südost,2524,2144,2008,17,164,143,1848,82,990,67,619.62,581.0,221.15,439.4,451.0,101.79,581.06,548.0,149.35,744.03,740.0,185.46,809.5,767.57,203.26,932.13,850.5,413.95,2023,,,,
75010.0,Mariendorf Nord,4024,3825,3552,35,88,111,3237,29,1803,21,618.83,580.0,207.45,469.45,487.0,111.14,621.4,605.5,120.92,780.43,769.0,139.88,837.96,815.91,115.64,1017.3,890.0,418.76,2023,,,,
75011.0,Mariendorf Süd,3256,3065,2860,37,84,106,2602,35,1482,30,612.16,569.0,206.91,471.77,472.5,78.55,620.11,576.0,145.7,778.27,759.5,161.02,805.47,811.01,106.29,956.59,817.0,453.79,2023,,,,
76012.0,Marienfelde Nord,2219,2068,1932,25,73,77,1762,18,857,8,655.71,608.0,215.29,535.81,523.0,103.99,682.55,646.0,205.25,825.0,846.0,178.22,971.46,919.0,180.32,988.47,900.5,425.89,2023,,,,
76013.0,Marienfelde Süd,2259,2150,1997,22,55,54,1780,20,616,4,695.15,651.0,206.16,574.71,578.0,118.13,742.81,707.0,195.59,842.85,852.0,146.67,1074.31,993.81,332.45,1011.03,920.5,337.7,2023,,,,
76014.0,Lichtenrade Nord,2349,2232,2056,33,37,80,1792,7,542,3,723.24,688.0,227.04,575.24,585.0,107.83,728.9,742.0,182.7,863.78,834.0,151.01,952.04,918.06,187.38,1014.54,885.0,371.61,2023,,,,
76015.0,Lichtenrade Süd,3626,3431,3184,39,85,110,2697,20,896,2,750.09,720.0,255.25,619.45,621.0,162.37,797.62,768.0,226.7,966.58,959.0,167.29,1067.39,1025.03,180.02,1103.26,1032.0,370.82,2023,,,,
81001.0,Schillerpromenade,4250,3891,3682,39,196,162,3295,28,1806,22,621.71,577.0,216.48,453.28,440.5,109.38,587.33,558.0,150.77,674.83,614.0,206.18,776.88,710.88,240.15,926.76,838.5,378.63,2023,,,,
81002.0,Neuköllner Mitte/Zentrum,5799,5260,4971,39,289,250,4460,100,2518,78,603.92,567.0,216.73,431.32,444.5,105.25,540.98,516.0,149.36,647.53,642.5,185.84,822.35,777.06,175.03,900.66,825.0,406.68,2023,,,,
81003.0,Reuterstraße,4652,4307,4060,48,165,180,3588,18,2038,15,616.31,577.0,201.81,492.78,478.0,107.46,598.97,558.0,162.94,722.88,682.0,195.63,732.99,686.01,204.75,909.47,794.0,374.84,2023,,,,
81004.0,Rixdorf,4983,4597,4305,41,197,189,3873,37,1811,30,642.8,614.0,208.96,486.16,505.0,101.57,581.77,560.0,148.64,715.5,669.5,244.25,829.88,782.07,216.01,1029.28,1042.0,374.85,2023,,,,
81005.0,Köllnische Heide,2496,2246,2100,21,119,130,1925,53,631,41,694.39,664.0,195.31,571.56,580.0,120.32,617.1,610.5,129.7,692.1,674.0,145.25,817.16,775.15,161.04,922.65,844.5,298.34,2023,,,,
82006.0,Britz Nord,3174,2937,2741,26,116,120,2497,42,1265,34,636.89,597.0,202.34,460.1,467.0,81.51,584.76,571.0,101.43,689.69,658.5,173.89,785.53,728.99,204.24,901.54,786.0,398.87,2023,,,,
82007.0,Britz,3404,3197,3000,48,99,107,2737,18,1165,12,672.96,634.0,222.98,521.92,509.5,143.75,655.07,634.0,148.27,821.61,797.5,181.58,890.13,796.91,300.09,952.22,845.0,408.12,2023,,,,
82008.0,Buckow,3206,3047,2799,35,61,98,2549,9,689,5,723.96,682.0,205.01,566.37,557.0,88.3,715.32,684.0,142.72,840.93,846.0,177.48,854.27,853.8,154.57,1071.04,846.0,431.82,2023,,,,
83009.0,Gropiusstadt West,3255,3078,2846,39,80,94,2557,21,1402,15,641.85,570.0,240.53,481.66,461.0,108.5,675.09,574.0,273.01,864.08,877.5,240.54,831.87,800.26,88.87,830.96,650.0,388.35,2023,,,,
83010.0,Gropiusstadt Ost,2693,2501,2352,33,100,92,2114,32,1030,26,666.07,605.0,224.49,498.76,476.0,91.11,584.58,573.5,114.32,753.79,751.5,155.04,836.84,751.97,242.1,832.26,748.5,287.85,2023,,,,
84011.0,Buckow Nord,2214,1334,1248,16,65,35,1094,24,622,23,606.8,552.0,238.2,459.0,421.5,114.43,601.45,634.0,165.96,696.97,719.0,135.97,744.25,736.58,70.07,846.38,758.0,436.32,2023,,,,
84012.0,Rudow,5010,4744,4431,64,95,170,3925,19,1780,18,658.71,624.0,215.61,506.31,477.5,134.88,563.69,575.5,143.15,749.22,746.5,90.93,736.48,746.15,82.67,893.34,815.0,325.21,2023,,,,
91001.0,Alt-Treptow,1813,1674,1585,16,65,73,1411,23,521,15,690.25,651.0,205.03,559.0,530.0,91.43,676.4,633.0,134.97,774.94,734.5,205.62,885.76,821.61,173.19,993.47,1009.0,370.05,2023,,,,
91002.0,Plänterwald,1479,1383,1296,18,41,51,1180,14,214,11,737.42,705.0,183.29,642.33,622.0,150.74,661.07,650.5,89.83,776.41,726.5,188.12,839.06,775.25,208.27,999.91,918.5,363.2,2023,,,,
91003.0,Baumschulenweg,2693,2553,2369,39,72,68,2159,18,717,12,693.15,660.0,194.94,537.64,538.0,94.23,611.92,586.0,157.23,686.31,659.5,156.98,834.46,855.2,178.42,850.39,755.0,288.19,2023,,,,
91004.0,Johannisthal,2653,2467,2291,33,85,101,2087,14,1089,9,627.68,591.0,217.83,460.54,432.0,103.31,548.27,549.0,94.4,673.47,618.5,247.3,776.12,682.27,216.15,776.34,698.0,367.22,2023,,,,
92005.0,Oberschöneweide,3137,2906,2692,26,124,107,2427,32,737,19,707.85,668.0,201.65,553.45,559.5,60.95,636.73,602.0,195.57,729.72,677.0,184.72,912.1,840.52,304.98,933.67,853.0,338.03,2023,,,,
92006.0,Niederschöneweide,2350,2187,2091,21,85,76,1893,13,809,10,673.17,632.0,224.59,547.28,527.5,123.03,586.42,534.0,195.06,747.68,739.5,177.75,851.82,824.44,150.3,789.39,788.0,234.72,2023,,,,
92007.0,Adlershof,2646,2412,2245,23,122,112,1992,33,733,20,671.78,648.0,205.64,542.95,545.0,113.41,601.3,588.0,99.85,768.69,757.5,144.45,929.87,830.46,240.37,788.41,718.0,257.81,2023,,,,
92008.0,Köllnische Vorstadt/Spindlersfeld,1344,1266,1182,17,39,38,1059,6,490,4,653.08,612.0,212.27,538.93,523.0,136.58,606.93,581.0,130.66,666.65,629.0,138.42,815.66,776.63,137.86,869.87,763.5,387.34,2023,,,,
93009.0,Altglienicke,3050,2882,2674,40,76,92,2322,25,455,16,757.83,738.5,207.36,653.45,628.0,167.7,699.53,707.0,155.0,877.24,869.0,118.36,869.91,834.37,126.57,953.59,917.0,301.86,2023,,,,
93010.0,Bohnsdorf,1994,1573,1457,13,88,56,1211,30,531,11,693.82,640.0,249.09,529.0,488.0,117.0,787.51,813.0,140.52,967.33,938.0,176.96,1336.58,944.11,1959.42,1015.72,896.0,430.58,2023,,,,
93011.0,Grünau,1101,1034,987,12,19,48,837,7,276,4,710.51,673.0,228.16,505.5,503.0,119.39,929.79,756.0,418.75,867.0,788.0,247.02,882.6,751.6,246.17,906.43,815.5,282.51,2023,,,,
93012.0,Schmöckwitz,496,459,422,6,11,26,352,3,13,0,963.03,930.5,258.99,832.33,862.0,150.16,1244.0,1104.0,232.45,1185.4,1096.0,138.34,1388.06,1323.84,182.51,928.77,1030.0,396.24,2023,,,,
94013.0,Köpenick Süd,1545,1468,1368,23,27,50,1195,4,304,2,726.71,687.0,213.14,619.26,574.0,164.27,715.76,716.0,137.75,809.11,691.0,433.03,1075.23,1073.55,340.93,927.83,833.0,313.21,2023,,,,
94014.0,Allende-Viertel,2118,1733,1616,24,38,30,1428,9,691,7,646.98,606.0,220.01,550.61,564.5,142.3,716.82,689.0,131.89,919.0,866.0,289.82,925.17,865.66,194.33,1030.74,870.0,412.68,2023,,,,
94015.0,Altstadt Köpenick,1126,1063,990,15,35,26,879,8,556,5,602.48,550.0,231.6,411.07,397.5,80.46,562.35,555.5,143.33,622.9,571.0,175.93,861.72,844.66,138.49,974.21,987.0,473.99,2023,,,,
94016.0,Müggelheim,579,528,491,11,11,39,409,3,82,0,854.7,838.0,274.96,534.0,542.0,157.31,670.0,742.0,204.62,963.5,953.5,70.58,1360.14,1200.13,296.04,895.87,905.0,193.24,2023,,,,
95017.0,Friedrichshagen,2664,2506,2332,30,48,109,1968,9,712,3,694.81,671.0,226.38,570.9,553.0,152.38,652.28,625.0,160.4,959.94,919.5,189.9,1058.48,1104.56,183.19,1049.98,951.0,374.5,2023,,,,
95018.0,Rahnsdorf,1061,983,906,11,23,55,706,3,236,0,771.11,700.5,292.42,508.5,479.5,119.57,770.09,719.0,165.1,1134.0,1134.0,55.15,1450.58,1154.25,599.0,721.33,742.0,230.13,2023,,,,
95019.0,Dammvorstadt,1754,1623,1526,15,64,67,1359,11,789,6,619.11,569.0,214.46,515.44,521.0,81.11,607.33,580.5,158.31,724.77,626.5,234.04,878.69,840.08,139.65,971.4,775.0,408.52,2023,,,,
95020.0,Köpenick Nord,1647,1563,1441,20,27,57,1291,6,321,4,733.35,691.0,201.4,606.33,581.0,96.67,716.0,723.0,133.03,868.31,760.0,330.03,996.95,861.66,417.06,977.61,796.5,413.23,2023,,,,
101001.0,Marzahn Nord,3271,3048,2822,29,127,95,2587,26,798,11,714.67,681.0,213.82,539.76,522.0,104.68,788.71,771.0,159.31,881.63,843.0,161.47,964.66,918.48,225.3,1077.03,952.0,350.76,2023,,,,
101002.0,Marzahn Mitte,7166,6676,6198,66,260,229,5732,67,2269,43,666.7,636.0,195.19,513.75,510.0,109.92,711.59,681.0,201.96,745.61,722.5,147.71,895.09,870.54,194.25,923.05,796.0,391.3,2023,,,,
101003.0,Marzahn Süd,5721,5300,4953,57,192,228,4578,54,2476,35,617.71,584.0,201.23,484.42,465.0,112.79,614.0,589.0,159.5,734.66,676.5,212.98,878.23,830.22,232.58,922.5,720.0,466.19,2023,,,,
102004.0,Hellersdorf Nord,5203,4843,4484,49,181,178,4041,30,1189,18,725.22,684.0,212.36,557.51,534.0,109.04,658.11,635.0,182.93,786.48,731.5,216.19,958.65,867.36,228.68,945.39,852.0,331.47,2023,,,,
102005.0,Hellersdorf Ost,2628,2461,2287,27,93,74,2069,31,522,15,744.6,695.0,218.37,577.08,578.0,109.91,674.35,606.5,225.8,821.04,780.5,250.63,953.67,904.92,235.91,919.34,804.5,315.66,2023,,,,
102006.0,Hellersdorf Süd,3149,2973,2786,42,90,84,2504,21,1538,14,609.67,544.0,233.56,448.28,457.5,84.16,570.89,519.5,143.0,816.0,767.0,243.34,879.7,779.46,225.95,710.82,592.0,330.79,2023,,,,
103007.0,Biesdorf,4054,3480,3277,50,80,125,3046,30,1206,19,666.91,644.0,205.95,560.37,523.0,147.15,712.3,665.5,286.49,814.56,762.0,221.48,886.92,871.2,210.55,847.66,788.5,353.07,2023,,,,
104008.0,Kaulsdorf,2243,1871,1754,25,68,97,1573,17,590,10,697.75,658.0,237.98,591.62,558.0,158.61,568.11,557.0,142.49,848.41,826.0,172.81,949.61,874.68,175.41,783.58,704.5,299.71,2023,,,,
104009.0,Mahlsdorf,2492,2336,2216,34,54,102,1965,11,254,0,819.2,795.0,221.48,680.66,675.0,139.67,704.9,665.5,235.72,1015.94,902.0,289.01,1107.31,1049.41,147.72,897.74,868.0,247.42,2023,,,,
111001.0,"Malchow, Wartenberg und Falkenberg",766,706,655,11,25,35,599,1,242,0,682.27,667.0,237.79,531.0,540.0,151.14,797.36,833.5,286.88,768.0,783.5,111.77,921.41,921.41,,967.19,913.0,436.04,2023,,,,
111002.0,Neu-Hohenschönhausen Nord,3603,3375,3136,38,114,114,2820,30,1122,17,684.35,642.0,219.36,570.91,541.0,111.24,770.51,772.0,196.65,916.36,882.0,143.25,939.65,874.11,190.62,997.75,910.0,364.01,2023,,,,
111003.0,Neu-Hohenschönhausen Süd,3703,3467,3183,36,101,134,2904,30,693,14,728.59,691.0,205.23,569.55,559.0,148.68,742.16,722.0,208.74,884.09,879.0,134.52,941.37,912.93,131.19,998.44,950.0,327.31,2023,,,,
112004.0,Alt-Hohenschönhausen Nord,2353,2172,2003,22,92,89,1808,37,721,31,665.95,647.5,210.04,508.89,534.0,110.13,631.39,626.5,170.89,783.96,749.0,128.52,798.65,752.4,155.65,957.3,879.0,330.68,2023,,,,
112005.0,Alt-Hohenschönhausen Süd,4164,3876,3606,49,133,154,3302,58,1629,43,640.96,603.0,205.82,500.67,473.0,112.01,640.23,606.0,119.25,779.92,765.0,168.9,822.95,800.59,156.09,964.82,915.5,347.04,2023,,,,
113006.0,Fennpfuhl,4739,4468,4137,49,137,131,3802,40,1981,34,632.93,591.0,216.89,483.82,473.5,104.38,589.28,554.0,136.43,773.78,754.0,161.59,815.37,809.82,147.58,997.05,894.0,396.26,2023,,,,
113007.0,Alt-Lichtenberg,5782,4640,4366,56,310,150,3980,111,2348,86,599.35,551.0,215.71,467.42,445.0,129.11,598.84,591.0,143.0,785.78,776.0,179.49,846.22,814.28,233.98,953.84,752.5,493.53,2023,,,,
113008.0,Frankfurter Allee Süd,1610,1497,1414,10,67,46,1307,23,592,17,662.21,622.0,215.68,547.33,551.0,70.45,655.47,617.5,153.42,851.21,857.0,170.18,849.94,823.48,130.02,872.04,795.0,299.13,2023,,,,
114009.0,Neu-Lichtenberg,3272,3021,2810,33,123,128,2555,46,962,31,671.67,649.0,206.89,557.07,525.0,135.33,701.43,677.5,162.86,812.89,806.0,142.23,857.81,821.06,156.18,1127.39,1105.0,444.21,2023,,,,
114010.0,Friedrichsfelde Nord,2269,2125,2004,17,58,86,1817,19,530,15,703.81,685.0,197.77,612.73,595.0,176.59,746.98,729.0,87.41,804.91,771.0,173.67,800.67,791.54,90.19,1066.65,925.0,452.42,2023,,,,
114011.0,Friedrichsfelde Süd,3813,3588,3322,42,105,120,3005,33,1109,14,693.22,663.0,204.96,593.31,583.0,102.21,703.51,655.0,150.32,875.49,865.0,137.96,956.96,933.89,168.16,971.13,831.5,379.12,2023,,,,
115012.0,Rummelsburger Bucht,607,530,505,5,27,50,457,9,149,2,702.47,682.0,212.82,487.0,481.5,190.5,722.5,678.5,264.07,951.69,889.0,221.27,1018.61,1004.0,149.1,1053.68,943.5,382.66,2023,,,,
115013.0,Karlshorst,2706,2519,2358,17,90,96,2054,20,850,5,698.32,650.0,252.78,526.67,529.0,94.5,703.64,711.0,253.82,909.13,902.0,157.0,1040.18,959.73,241.91,966.34,850.5,435.01,2023,,,,
121001.0,Ost 1 - Reginhardstraße,3924,3687,3439,49,108,129,3129,27,1210,23,673.83,643.0,200.03,583.39,576.0,137.47,661.55,657.5,94.23,805.35,771.0,176.86,761.7,733.46,124.09,880.52,825.0,324.92,2023,,,,
121002.0,Ost 2 - Alt-Reinickendorf,4428,4094,3885,53,166,167,3482,61,1790,56,635.62,594.0,210.41,522.41,501.0,133.4,602.37,589.0,138.47,755.82,724.0,205.89,764.16,738.33,123.71,838.74,779.0,316.81,2023,,,,
122003.0,West 4 - Auguste-Viktoria-Allee,4016,3777,3544,33,124,115,3211,55,1381,46,662.34,626.0,200.81,545.21,539.0,82.5,672.05,656.0,170.36,743.02,718.5,124.32,784.39,745.25,154.32,854.97,776.0,264.57,2023,,,,
122004.0,West 1 - Tegel-Süd/Flughafensee,3021,2816,2630,35,96,109,2384,33,829,16,721.17,687.0,245.29,526.62,499.0,151.52,686.92,641.0,237.19,913.2,850.0,288.76,914.44,905.95,145.29,981.74,864.0,393.63,2023,,,,
122005.0,West 5 - Tegel,2540,2355,2236,29,82,84,1999,27,1034,20,612.74,579.0,258.59,389.08,397.0,109.24,503.27,442.0,160.81,834.42,850.0,223.39,835.16,819.59,117.69,883.47,847.0,410.89,2023,,,,
124006.0,West 2 - Heiligensee/Konradshöhe,2502,2355,2187,35,48,99,1903,9,484,2,750.37,727.0,243.63,642.72,659.0,174.5,820.86,792.0,228.53,1136.54,1192.0,183.76,1164.7,1179.25,198.4,969.34,875.5,389.61,2023,,,,
124007.0,Nord 1 - Frohnau/Hermsdorf,3462,2999,2784,52,54,144,2373,8,1198,3,650.7,598.0,248.68,525.57,483.5,143.29,646.34,592.0,242.79,910.65,852.0,161.23,988.8,947.6,129.98,1007.08,948.5,434.61,2023,,,,
125008.0,West 3 - Borsigwalde/Freie Scholle,2158,1987,1862,23,94,77,1677,28,828,16,651.67,605.0,221.31,481.67,431.5,130.03,636.4,578.0,223.82,782.57,732.0,167.91,949.68,870.4,283.86,930.33,880.0,320.13,2023,,,,
125009.0,Nord 2 - Waidmannslust/Wittenau/Lübars,5539,4867,4552,60,148,151,4048,38,1936,21,652.67,610.5,244.58,535.41,527.5,149.81,662.21,642.5,240.19,809.69,761.5,163.73,903.53,877.99,163.78,885.57,800.0,344.57,2023,,,,
126010.0,Rollbergesiedlung,1257,1171,1097,22,44,42,976,16,437,11,665.74,619.0,201.33,586.78,566.5,163.27,646.56,618.0,112.1,865.77,813.5,262.28,873.69,826.11,191.24,904.06,843.5,301.75,2023,,,,
126011.0,MV Nord,4229,3955,3698,36,129,100,3277,54,823,34,767.65,732.0,239.34,600.54,613.0,154.98,685.65,689.0,168.93,979.75,957.0,203.15,892.04,875.54,184.49,859.23,818.0,238.19,2023,,,,
126012.0,MV Süd,1568,1487,1393,14,32,49,1226,7,496,6,703.35,667.5,244.27,529.8,505.5,125.75,679.33,633.0,175.63,940.0,930.0,86.46,840.94,847.63,103.74,807.08,720.0,294.36,2023,,,,
,,668,414,383,10,43,39,332,26,188,23,610.6325301204819,576.0,202.43,516.0,523.5,107.85,531.3611111111111,505.5,103.5,643.9444444444445,657.0,144.6,728.7269615384616,699.9190000000001,136.7,811.3333333333334,717.0,411.8,2023,1100101.0,Stülerstraße,,
,,1828,1543,1502,7,192,92,1322,127,581,102,677.0673222390318,627.0,260.15,624.5714285714286,661.0,101.72,619.6118421052631,608.0,122.06,751.5405405405405,752.0,164.53,826.2212519685032,808.203,168.38,911.2575757575758,833.0,347.47,2023,1100102.0,Großer Tiergarten,,
,,1104,844,791,11,47,40,710,32,400,29,596.6802816901409,571.0,212.27,510.3333333333333,528.0,144.02,581.8648648648649,574.0,114.57,674.2285714285714,666.0,131.84,749.8548124999998,740.1469999999999,117.31,778.2727272727273,691.0,278.92,2023,1100103.0,Lützowstraße,,
,,493,415,398,8,46,32,346,20,183,17,613.5086705202312,587.0,207.58,584.4285714285714,567.0,220.18,605.2647058823529,604.5,100.6,734.4324324324324,710.0,115.26,817.7988,767.942,181.49,876.2413793103449,869.0,283.33,2023,1100104.0,Körnerstraße,,
,,991,861,841,1,88,42,755,56,372,49,642.3165562913907,603.0,219.02,641.0,641.0,,601.3235294117648,602.0,94.86,742.2142857142857,736.5,138.18,773.8541607142857,734.865,96.53,993.2727272727273,998.0,377.11,2023,1100205.0,Wilhelmstraße,,
,,2483,2176,2132,9,227,80,1883,176,883,147,639.6664896441848,614.0,215.9,489.0,459.5,111.13,600.3076923076923,601.0,115.01,754.2894736842105,745.5,180.12,801.6648352272731,772.6800000000001,164.72,974.8545454545456,901.0,406.9,2023,1100206.0,Unter den Linden,,
,,1452,1257,1172,11,125,70,1049,82,486,66,633.1353670162059,614.0,181.4,535.625,496.5,169.61,615.5454545454545,619.0,119.91,740.7623762376238,729.0,125.99,804.8208292682924,772.81,148.33,882.0555555555555,808.0,338.81,2023,1100207.0,Leipziger Straße,,
,,2069,1199,1135,11,140,75,960,99,542,79,610.4822916666667,562.5,233.74,423.1428571428572,366.0,127.04,557.0347826086957,550.0,116.15,738.2368421052631,713.0,179.39,785.0269393939395,741.67,167.96,1040.9811320754718,1060.0,455.22,2023,1100308.0,Charitéviertel,,
,,2174,1740,1655,14,212,92,1469,125,776,110,622.5153165418652,590.0,232.07,443.22222222222223,432.0,107.21,594.0122699386503,595.0,116.05,711.0509554140127,685.0,138.52,754.3614159999998,713.88,171.3,1076.0,1166.0,451.44,2023,1100309.0,Oranienburger Straße,,
,,5208,4776,4609,32,282,148,4142,189,2310,164,616.4599227426364,574.0,223.81,467.0,466.0,107.27,564.088785046729,549.5,138.8,710.066037735849,694.0,152.67,769.9793121693123,725.22,266.23,886.7333333333333,750.0,408.62,2023,1100310.0,Alexanderplatzviertel,,
,,1694,1526,1434,26,107,61,1280,60,794,55,589.01875,546.0,212.25,403.0869565217391,406.0,78.92,539.3809523809524,519.0,184.94,683.2285714285714,685.5,132.23,708.7144833333332,709.1565,117.36,957.28,905.0,408.4,2023,1100311.0,Karl-Marx-Allee,,
,,1354,1249,1179,4,55,49,1077,24,647,23,602.6350974930363,563.0,203.26,455.0,467.0,69.31,616.0769230769231,614.0,129.64,740.8108108108108,714.0,178.97,742.0926250000001,726.5995,113.83,873.8857142857142,824.0,358.42,2023,1100312.0,Heine-Viertel West,,
,,1332,1225,1149,7,54,53,1054,22,694,22,581.7542694497154,548.0,195.57,468.3333333333333,451.5,59.64,551.6285714285714,525.0,115.07,653.2857142857143,618.0,145.46,679.2267727272726,644.047,102.25,886.7777777777778,741.0,395.03,2023,1100313.0,Heine-Viertel Ost,,
,,435,388,363,7,31,16,329,22,207,19,590.4802431610942,541.0,226.47,431.3333333333333,393.0,144.1,546.2,540.0,123.04,691.4615384615385,644.5,132.53,701.2808636363636,653.4465,147.34,796.6363636363636,634.0,474.25,2023,1100414.0,Nordbahnhof,,
,,1257,1124,1075,12,74,59,971,34,571,31,596.5520082389289,565.0,209.52,396.3,370.0,79.75,553.3090909090909,537.0,145.57,657.0188679245283,629.0,135.21,722.6111470588233,717.065,134.66,921.7555555555556,763.0,388.74,2023,1100415.0,Invalidenstraße,,
,,924,830,794,8,33,61,705,17,407,14,605.3489361702127,563.0,225.35,502.4285714285714,487.0,85.9,521.2916666666666,499.5,119.32,689.6666666666666,581.0,324.17,783.1598823529412,739.213,147.04,951.2127659574468,804.0,477.25,2023,1100416.0,Arkonaplatz,,
,,950,842,802,5,66,42,718,35,327,32,637.9038997214485,618.0,198.25,491.75,476.0,113.48,585.2051282051282,583.0,129.14,749.6,731.0,146.63,823.9132000000001,781.137,248.54,952.9722222222222,824.0,391.68,2023,1200517.0,Huttenkiez,,
,,684,622,570,7,36,26,505,7,246,7,608.8732673267327,606.0,176.82,556.0,513.0,123.2,616.9375,573.5,207.39,730.7142857142857,700.0,128.36,657.0962857142856,664.43,72.65,808.2173913043479,926.0,305.08,2023,1200518.0,Beusselkiez,,
,,972,883,821,9,33,56,721,7,343,6,630.4147018030513,608.0,183.06,522.0,526.5,77.49,682.5,632.5,255.61,761.1363636363636,763.5,150.09,791.719,777.133,109.25,850.1951219512196,784.0,333.26,2023,1200519.0,Emdener Straße,,
,,1099,1028,971,10,37,34,877,9,460,8,630.7263397947548,590.0,215.85,489.875,522.5,67.26,592.2142857142857,568.5,149.98,722.4117647058823,646.0,246.29,761.0065555555556,720.98,257.85,822.6538461538462,764.0,330.62,2023,1200520.0,Bremer Straße,,
,,599,549,513,4,21,29,449,5,238,4,613.022271714922,586.0,209.55,386.5,386.5,38.89,546.2,484.0,202.92,634.75,685.5,151.23,712.0074,634.797,193.02,833.9565217391304,730.0,347.43,2023,1200521.0,Zwinglistraße,,
,,1240,1136,1069,8,52,52,956,9,525,9,603.4058577405858,575.5,214.17,404.375,383.0,79.14,521.6111111111111,505.5,118.98,729.8,688.0,166.5,724.9071111111111,712.26,83.76,849.0,884.0,320.03,2023,1200522.0,Elberfelder Straße,,
,,1335,1239,1118,7,43,53,1020,15,555,15,627.2637254901961,578.0,216.07,440.1666666666667,429.0,117.99,551.4814814814815,530.0,126.86,700.24,686.0,136.31,693.6130666666667,699.116,74.57,861.4761904761905,792.0,396.84,2023,1200623.0,Stephankiez,,
,,749,638,610,8,71,40,550,31,348,26,600.2618181818182,549.0,218.82,445.4285714285714,421.0,53.16,569.08,531.5,174.33,667.8909090909091,664.0,137.67,770.2497741935484,758.116,126.22,1006.529411764706,970.5,457.73,2023,1200624.0,Heidestraße,,
,,1008,947,879,12,36,24,776,23,394,20,637.2989690721649,597.5,200.9,527.4444444444445,487.0,98.95,597.2758620689655,524.0,256.14,748.4516129032259,749.0,215.33,742.2162173913044,739.147,158.49,766.7777777777778,689.5,355.63,2023,1200625.0,Lübecker Straße,,
,,922,860,816,9,33,29,727,12,410,11,620.9504814305365,568.0,205.77,503.6,511.0,53.92,553.8888888888889,523.5,166.5,690.8095238095239,664.0,174.58,721.6985,717.352,138.34,799.5217391304348,841.0,300.89,2023,1200626.0,Thomasiusstraße,,
,,784,755,693,9,15,14,621,5,368,5,607.3349436392915,561.0,215.45,467.8,470.0,156.91,543.0,515.5,99.26,722.3333333333334,701.5,86.6,681.2701999999999,628.05,114.72,784.7142857142857,716.5,330.17,2023,1200627.0,Zillesiedlung,,
,,2979,2708,2620,9,225,45,2326,169,1293,150,618.7648323301805,564.0,249.59,473.375,455.0,157.11,524.8865979381443,490.5,164.49,721.6666666666666,716.5,161.97,783.0983136094674,778.55,123.61,941.5263157894736,883.5,398.2,2023,1200628.0,Lüneburger Straße,,
,,819,735,700,9,42,42,619,16,347,16,616.6235864297254,572.0,213.8,488.3333333333333,490.0,97.13,611.9545454545455,563.0,264.01,765.28,647.0,278.76,708.4208125,709.502,83.05,833.3103448275862,819.0,373.89,2023,1200629.0,Hansaviertel,,
,,1428,1103,1058,13,34,47,940,9,455,8,645.618085106383,603.0,207.13,490.75,505.5,103.45,640.9375,694.5,173.11,755.8181818181819,768.0,61.98,780.5498888888887,744.784,108.99,889.6829268292682,841.0,327.6,2023,1300730.0,Drontheimer Straße,,
,,1009,926,873,9,37,45,771,13,305,10,675.0804150453956,638.0,203.0,511.6666666666667,485.0,122.16,616.1666666666666,617.5,146.82,788.4,760.5,121.54,813.7643846153848,762.62,235.59,952.1515151515152,837.0,359.99,2023,1300731.0,Koloniestraße,,
,,1054,970,903,16,45,39,810,16,352,15,648.4283950617285,624.0,198.36,474.8571428571428,477.5,88.92,596.1,576.0,130.82,802.258064516129,829.0,168.21,717.9236874999999,709.178,148.69,897.2,753.5,297.74,2023,1300732.0,Soldiner Straße,,
,,1685,1554,1472,11,63,67,1309,18,668,17,637.5378151260504,596.0,224.91,393.3333333333333,406.0,97.05,584.45,552.0,173.81,724.5757575757576,697.0,130.67,735.7067222222223,706.932,102.85,799.695652173913,733.0,335.07,2023,1300733.0,Gesundbrunnen,,
,,2183,2006,1910,19,90,87,1729,20,989,16,622.5066512434934,565.0,220.22,453.8888888888889,434.0,110.22,594.875,548.5,209.8,664.2340425531914,623.0,171.22,764.9969000000001,738.2555,202.5,945.3384615384616,754.0,454.02,2023,1300834.0,Brunnenstraße,,
,,1602,1473,1373,14,61,68,1244,23,725,17,611.2363344051447,564.0,207.82,526.7777777777778,541.0,105.48,597.5384615384615,553.0,200.67,689.2105263157895,688.0,146.98,790.5530869565218,792.81,185.39,1048.5471698113208,855.0,475.41,2023,1300835.0,Humboldthain Süd,,
,,2472,2212,2052,28,125,135,1845,49,1134,43,576.1891598915989,529.0,228.78,404.5652173913044,391.0,84.52,522.2048192771084,484.0,134.52,699.1842105263158,686.5,146.09,713.9705918367347,703.707,138.19,803.59375,612.5,423.34,2023,1300836.0,Humboldthain Nordwest,,
,,1712,1610,1502,12,47,55,1371,12,702,10,629.7330415754924,595.0,205.17,503.3636363636364,465.0,166.6,641.7727272727273,597.5,183.05,788.6666666666666,788.0,132.55,790.2080833333333,787.975,90.2,891.85,803.0,348.19,2023,1400937.0,Afrikanische Straße,,
,,2453,1189,1126,19,58,82,1007,21,599,16,597.1320754716982,562.0,206.72,533.2142857142857,506.5,163.62,663.3235294117648,614.5,198.23,798.3529411764706,788.5,170.83,833.8347142857142,827.783,161.38,873.2615384615384,899.0,347.61,2023,1400938.0,Kameruner Straße,,
,,815,752,702,9,44,17,638,16,382,14,586.3448275862069,538.5,218.7,432.8,462.0,92.9,553.0,510.0,142.26,802.2307692307693,810.5,147.1,788.4367500000001,782.8,131.77,857.0,772.5,433.67,2023,1400939.0,Glasgower Straße,,
,,1156,1090,1010,13,38,28,922,9,542,8,608.0889370932755,557.5,220.03,442.875,414.0,66.47,720.2727272727273,616.0,370.52,812.3333333333334,773.5,159.61,784.4234444444445,791.583,155.82,785.44,648.0,355.04,2023,1400940.0,Schillerpark,,
,,622,600,554,3,9,13,509,5,241,5,645.6679764243615,607.0,216.97,454.6666666666667,486.0,66.76,562.1666666666666,572.5,133.48,777.5714285714286,788.0,113.52,722.3436,699.864,123.09,979.818181818182,859.0,380.9,2023,1400941.0,Londoner Straße,,
,,1220,1099,1041,13,72,49,940,33,577,27,595.0659574468085,552.0,203.82,475.3636363636364,475.0,78.73,571.6274509803922,560.0,124.85,755.5957446808511,751.0,153.55,803.2929696969699,797.686,202.1,855.8055555555555,686.0,406.57,2023,1400942.0,Westliche Müllerstraße,,
,,1190,1127,1072,18,30,33,954,7,621,7,564.9161425576519,524.0,199.96,394.2857142857143,387.5,61.29,536.3333333333334,548.0,120.01,740.0,734.0,129.17,651.2431428571429,643.13,77.71,974.7692307692308,1003.0,456.4,2023,1401043.0,Antonstraße,,
,,1102,1004,929,9,36,62,823,8,504,8,581.7849331713244,541.0,204.3,417.375,372.0,142.66,546.3333333333334,516.0,147.83,771.8947368421053,751.0,209.15,667.983125,673.1385,90.38,871.6190476190476,656.5,497.36,2023,1401044.0,Uferstraße,,
,,1113,1029,984,12,31,53,871,9,484,8,617.9115958668198,574.0,211.71,409.77777777777777,400.0,96.4,519.6923076923077,466.0,181.27,718.4375,692.0,119.42,670.5547777777778,658.057,113.6,811.7567567567568,722.0,314.43,2023,1401045.0,Schwedenstraße,,
,,751,687,643,8,35,29,576,8,335,7,601.7673611111111,572.0,197.94,461.57142857142856,484.0,71.06,583.3478260869565,572.0,157.48,753.7727272727273,695.0,160.08,777.433,752.0419999999999,160.42,905.8,734.0,397.61,2023,1401046.0,Nordufer,,
,,1089,1004,947,7,36,49,829,12,544,8,577.5030156815441,528.0,213.35,716.25,585.0,454.23,605.9473684210526,609.0,159.43,760.6666666666666,670.5,294.22,885.1870833333331,750.9069999999999,361.63,839.8421052631579,697.0,392.76,2023,1401047.0,Sparrplatz,,
,,1306,1206,1123,18,48,52,1010,17,635,13,592.329702970297,547.0,218.56,436.0,416.0,57.39,634.1724137931035,562.0,214.1,800.0833333333334,802.5,191.29,798.3242941176469,787.257,116.03,932.051282051282,855.0,394.19,2023,1401048.0,Leopoldplatz,,
,,1554,1267,1153,16,40,25,1037,14,645,10,596.1465766634523,543.0,208.69,456.9230769230769,438.0,43.25,582.4285714285714,488.0,245.15,705.68,723.0,148.11,787.0933571428571,700.5,236.26,716.5555555555555,566.0,316.6,2023,1401049.0,Schulstraße,,
,,1364,1204,1130,9,95,64,1019,43,522,38,629.0009813542689,595.0,196.54,505.0,467.0,122.59,605.5217391304348,579.0,133.71,730.0677966101695,738.0,99.31,788.7147441860466,768.843,110.72,899.9387755102041,863.0,347.95,2023,2100101.0,Askanischer Platz,,
,,1650,1391,1313,11,168,91,1185,64,649,56,610.9198312236286,578.0,198.03,501.44444444444446,466.0,100.02,567.6696428571429,542.5,141.18,724.9711538461538,720.0,116.82,783.1423437499997,772.7515,107.73,819.3333333333334,693.0,343.56,2023,2100102.0,Mehringplatz,,
,,602,532,498,7,44,26,448,21,272,16,581.9174107142857,562.5,168.74,416.8,390.0,62.11,599.7027027027027,593.0,143.91,694.7666666666667,693.5,120.49,795.4703333333335,741.093,145.15,791.8421052631579,698.0,297.11,2023,2100103.0,Am Berlin Museum,,
,,1026,926,887,2,49,51,803,15,520,15,575.5815691158157,537.0,192.43,392.0,392.0,128.69,521.15,501.5,90.55,686.4166666666666,634.0,134.82,700.4006666666667,697.176,117.39,882.8157894736842,720.0,398.73,2023,2100104.0,Moritzplatz,,
,,1367,1229,1144,9,53,85,1019,13,705,9,561.873405299313,505.0,199.24,372.6666666666667,367.5,66.6,534.8648648648649,491.0,178.26,673.9130434782609,629.0,186.48,812.7774615384616,800.77,206.5,761.469696969697,627.0,361.39,2023,2100105.0,Prinzenstraße,,
,,1286,1186,1132,16,31,69,982,2,653,1,565.3034623217923,510.5,213.97,398.25,431.0,85.2,487.7692307692308,458.0,95.54,698.5555555555555,697.0,179.84,1060.34,1060.34,332.21,780.1509433962265,667.0,408.99,2023,2100106.0,Wassertorplatz,,
,,434,377,364,2,45,12,331,26,127,19,689.3957703927492,660.0,222.67,439.0,439.0,277.19,636.2424242424242,628.0,137.01,745.375,718.0,130.21,834.3160000000001,816.4265,106.63,876.4285714285714,625.0,515.39,2023,2200207.0,Gleisdreieck,,
,,1054,976,939,10,42,36,821,12,495,11,599.0645554202192,561.0,206.42,487.25,504.0,76.88,555.0588235294117,549.5,136.44,726.2692307692307,699.0,180.05,793.8602500000001,759.5450000000001,169.79,930.2272727272727,738.5,441.13,2023,2200208.0,Rathaus Yorckstraße,,
,,905,812,767,9,38,55,689,5,379,5,623.2772133526851,580.0,196.71,406.4,412.0,64.82,583.1904761904761,583.0,125.9,740.8260869565217,707.0,117.64,747.6367999999999,724.584,82.37,844.1020408163265,836.0,233.45,2023,2200209.0,Viktoriapark,,
,,1361,1232,1159,12,60,67,1023,18,677,16,547.8748778103617,501.0,206.84,364.375,356.0,66.8,482.4473684210527,457.5,122.54,766.52,724.0,179.82,771.2452777777778,736.8515,133.7,674.0,560.0,374.63,2023,2200210.0,Urbanstraße,,
,,1464,1377,1299,16,40,47,1147,17,703,17,596.2702702702703,564.0,183.54,548.0,488.0,280.42,543.448275862069,527.0,120.85,719.7307692307693,682.5,159.0,694.8652941176471,682.05,63.94,780.7272727272727,652.0,328.67,2023,2200211.0,Chamissokiez,,
,,1019,935,884,13,39,45,789,9,452,9,612.212927756654,557.0,221.06,442.375,424.5,72.07,533.65625,508.0,151.01,672.6842105263158,651.0,116.47,709.7981111111112,700.546,86.53,782.078947368421,692.5,303.77,2023,2200212.0,Graefekiez Süd,,
,,1924,1246,1179,16,97,68,1032,35,649,32,588.5532945736434,541.5,215.07,397.2,387.5,60.49,520.2037037037037,486.0,172.47,691.0625,660.5,132.28,772.3068857142856,738.713,206.32,934.5555555555557,775.0,435.84,2023,2200213.0,Graefekiez Nord,,
,,1573,1484,1418,12,44,45,1259,16,855,15,561.306592533757,514.0,208.94,404.9090909090909,390.0,135.35,537.3333333333334,556.5,96.04,746.2857142857143,723.0,206.83,633.1436249999999,617.3505,123.02,817.0857142857143,643.0,423.33,2023,2300314.0,Oranienplatz,,
,,938,852,804,12,40,46,710,10,481,9,564.4577464788732,517.0,217.42,393.4285714285714,410.0,79.52,501.15,466.0,150.89,723.1428571428571,688.0,219.13,704.9617000000001,673.428,143.99,837.9354838709677,822.0,381.24,2023,2300315.0,Lausitzer Platz,,
,,806,737,714,14,29,40,627,6,434,6,559.4688995215311,531.0,187.54,456.1111111111111,413.0,152.89,526.3571428571429,496.5,145.2,621.5384615384615,614.0,102.46,608.7561666666667,593.965,86.4,890.6896551724138,716.0,452.86,2023,2300316.0,Köpenicker Straße,,
,,1056,970,906,10,35,50,799,7,564,4,536.9436795994993,485.0,219.26,335.5,343.5,73.36,491.5263157894737,454.0,138.82,720.1875,677.0,167.06,826.7150000000001,806.907,172.96,796.5,740.5,369.99,2023,2300417.0,Reichenberger Straße West,,
,,1018,920,874,11,58,40,748,7,457,7,591.379679144385,526.0,248.69,475.5,376.5,255.31,570.3076923076923,547.5,190.93,742.3529411764706,693.0,203.08,742.7851428571429,748.004,98.45,894.4642857142857,881.5,414.16,2023,2300418.0,Reichenberger Straße Ost,,
,,1414,1305,1249,15,59,50,1096,18,691,16,597.2436131386861,545.0,207.94,424.1111111111111,396.0,88.21,586.5333333333333,531.5,178.29,755.90625,692.5,223.67,713.3781666666669,694.9884999999999,151.78,849.0,788.0,373.2,2023,2300419.0,Wrangelkiez,,
,,1564,954,875,11,58,40,796,32,460,26,601.6934673366834,572.5,199.91,490.77777777777777,489.0,110.23,624.5,620.5,123.85,724.4324324324324,705.0,142.54,853.3534687500003,732.99,363.01,1021.4,1101.0,333.16,2023,2400520.0,Barnimkiez,,
,,966,895,843,9,28,43,751,6,459,5,593.693741677763,558.0,215.82,435.2,442.0,47.07,525.0555555555555,516.0,104.39,654.6,687.0,168.75,763.5546666666665,744.7885,116.66,726.25,559.0,357.46,2023,2400521.0,Friedenstraße,,
,,1171,1082,1030,14,44,45,918,9,519,6,608.9488017429194,571.5,215.14,455.25,478.5,91.53,538.56,528.0,101.75,747.1,744.5,159.49,813.1486666666667,725.993,171.38,1032.8285714285714,1042.0,405.37,2023,2400522.0,Richard-Sorge-Viertel,,
,,2872,2705,2566,27,87,79,2301,53,1484,48,577.7418513689701,533.0,204.41,437.5833333333333,446.0,63.01,509.46153846153845,479.5,116.67,695.271186440678,652.0,195.03,734.3179433962266,725.513,161.67,969.56,837.5,429.21,2023,2400623.0,Andreasviertel,,
,,1402,1284,1156,7,61,57,1061,11,677,9,563.205466540999,523.0,219.33,383.0,336.0,92.26,490.53333333333336,452.5,169.22,757.4642857142857,723.5,246.74,794.5775454545455,787.404,104.49,1088.904761904762,1149.0,468.42,2023,2400624.0,Weberwiese,,
,,1153,1016,995,11,102,35,867,57,548,39,589.5121107266436,553.0,214.02,442.6666666666667,452.0,115.78,593.9230769230769,534.0,190.74,742.5441176470588,697.5,184.01,826.4682280701753,796.657,191.26,877.2692307692307,750.0,416.95,2023,2400625.0,Wriezener Bahnhof,,
,,635,574,539,5,30,31,464,7,253,6,606.4375,584.0,197.58,498.5,542.0,192.04,566.6470588235294,557.0,89.02,719.0666666666667,690.0,140.18,769.4701428571428,721.114,159.0,886.3181818181819,851.5,313.26,2023,2500726.0,Hausburgviertel,,
,,605,553,529,4,28,24,463,9,255,8,617.0215982721382,586.0,213.93,484.3333333333333,489.0,162.05,635.0,624.5,111.59,668.7777777777778,695.0,96.48,775.1473333333333,696.756,223.19,901.6875,814.5,333.63,2023,2500727.0,Forckenbeckplatz,,
,,793,735,681,3,28,30,616,12,322,8,620.1282467532468,587.5,187.33,571.0,571.0,,621.7058823529412,592.0,195.42,745.35,649.5,214.89,827.9552500000001,748.2805,220.1,978.1739130434784,922.0,319.07,2023,2500728.0,Samariterviertel,,
,,815,769,738,7,21,25,676,7,368,7,629.5591715976332,583.0,197.21,536.1666666666666,530.5,70.9,538.3846153846154,568.0,144.41,674.3,647.0,122.81,712.1899999999999,759.177,128.11,924.9166666666666,821.0,379.11,2023,2500729.0,Pettenkofer Straße,,
,,394,363,340,3,16,15,308,4,186,3,597.3733766233767,554.0,201.49,473.0,473.0,103.24,710.6,496.0,461.78,680.8571428571429,678.0,152.69,1113.16075,682.3815,994.78,1066.5454545454545,1200.0,479.25,2023,2500830.0,Niederbarnimstraße,,
,,650,604,570,8,26,20,507,9,279,7,612.6015779092702,588.0,166.63,427.0,433.5,101.04,552.4375,538.0,142.97,770.4444444444445,725.0,185.46,804.6512222222221,761.627,144.2,1053.7692307692307,1230.0,484.02,2023,2500831.0,Wismarplatz,,
,,794,712,676,8,44,37,623,15,336,13,630.4189406099518,590.0,197.13,480.4,481.0,41.04,592.96,561.0,164.24,688.96875,652.0,136.38,785.7009333333333,802.62,120.05,1007.8518518518518,894.0,448.82,2023,2500832.0,Traveplatz,,
,,890,812,778,5,48,30,679,9,423,9,576.6745213549337,541.0,188.74,436.0,405.0,69.31,531.36,459.0,188.86,689.0967741935484,675.0,201.43,664.5604444444446,634.343,82.74,966.32,833.0,461.36,2023,2500833.0,Boxhagener Platz,,
,,1166,1067,1028,5,61,38,921,16,526,13,610.5874049945711,574.0,204.25,557.6666666666666,514.0,107.38,538.5806451612904,506.0,150.29,662.3448275862069,661.0,143.57,790.3386250000001,768.3215,151.79,782.2083333333334,605.5,436.23,2023,2500834.0,Revaler Straße,,
,,1950,1805,1754,11,75,70,1533,27,804,21,622.8095238095239,592.0,202.38,527.75,422.5,276.13,592.2368421052631,547.5,157.86,714.081081081081,692.0,180.23,774.2888148148146,768.09,145.32,813.1136363636364,649.0,418.82,2023,2500835.0,Stralauer Kiez,,
,,453,417,398,2,19,17,364,8,90,4,704.4560439560439,676.0,190.14,717.5,717.5,55.86,746.6666666666666,699.0,171.32,794.5714285714286,772.5,94.12,891.7565,905.29,113.39,1120.0,1204.0,413.73,2023,2500836.0,Stralauer Halbinsel,,
,,589,520,485,2,33,36,401,11,99,8,758.9551122194514,693.0,240.67,624.5,624.5,43.13,727.2222222222222,754.0,145.66,830.8235294117648,813.0,187.68,859.6643636363635,854.874,92.76,904.6111111111112,898.5,228.94,2023,3100101.0,Bucher Forst,,
,,774,460,427,6,21,22,308,7,153,1,654.2954545454545,603.5,253.24,584.5,572.5,69.47,742.0,752.0,111.12,797.0,783.0,108.12,1090.311,1030.2469999999998,197.27,882.3636363636364,865.0,280.41,2023,3100102.0,Klinikum Buch,,
,,1503,1429,1321,11,33,41,1068,10,593,4,655.3661048689139,579.0,245.67,464.6,459.0,46.77,738.25,716.0,202.34,843.7692307692307,774.0,165.75,973.2573,985.2945,155.85,960.4615384615385,955.0,340.23,2023,3100103.0,Karower Chaussee,,
,,340,307,291,3,14,19,258,1,82,1,787.1821705426356,728.0,301.02,523.0,523.0,67.88,785.0909090909091,660.0,363.98,,,,773.63,773.63,,818.7,763.0,200.67,2023,3200204.0,Blankenfelde,,
,,769,719,665,11,21,29,573,3,112,3,747.0471204188482,707.0,203.85,597.5,537.0,166.85,654.2142857142857,616.0,143.4,920.8,813.5,222.35,839.2896666666667,837.61,51.53,900.6470588235294,899.0,307.92,2023,3200205.0,Uhlandstraße,,
,,624,589,558,6,17,17,490,6,168,6,697.8816326530613,672.0,209.46,567.75,580.5,36.63,511.3333333333333,481.5,127.46,745.7,755.0,112.0,710.9513333333333,686.6895,119.55,704.4,708.5,165.92,2023,3200206.0,Pastor-Niemöller-Platz,,
,,1054,982,904,13,33,39,787,11,243,7,720.135959339263,675.0,219.4,490.3636363636364,486.0,210.45,652.6,544.0,250.98,828.2857142857143,755.0,238.26,864.1352727272726,780.413,247.08,821.4347826086956,703.0,422.2,2023,3200207.0,Herthaplatz,,
,,431,412,376,4,8,11,330,1,111,0,729.5242424242424,660.5,243.44,524.6666666666666,523.0,57.52,611.5,611.0,38.78,709.3333333333334,688.0,92.86,949.11,949.11,,699.5714285714286,560.0,360.67,2023,3200308.0,Nisbléstraße,,
,,535,503,486,11,10,19,436,3,159,1,719.5871559633027,669.0,241.3,547.8571428571429,480.0,179.27,713.1666666666666,679.0,163.21,1283.0,1283.0,391.74,1229.4066666666663,921.296,567.39,752.4,568.5,482.65,2023,3200309.0,Eddastraße,,
,,767,729,683,12,19,19,617,3,167,0,740.6547811993516,683.0,219.84,502.0,513.0,48.2,625.3076923076923,602.0,163.32,862.2222222222222,857.0,272.46,1003.712,1005.523,59.65,1100.3,1020.5,447.68,2023,3200310.0,Krugpfuhl,,
,,1026,982,886,7,21,23,742,6,396,5,649.1118598382749,587.5,244.09,598.2,600.0,140.18,597.0,587.0,91.48,826.3,838.0,144.28,809.5596666666667,821.252,141.8,922.3,773.0,389.26,2023,3300411.0,Karow Nord,,
,,446,423,391,8,10,13,320,2,146,0,676.846875,618.5,261.42,516.7142857142857,568.0,116.46,684.3333333333334,677.5,47.28,1076.5,1076.5,325.98,1192.9885,1192.9885,322.0,808.7142857142857,750.0,198.77,2023,3300412.0,Karow Bahnhof,,
,,167,153,142,2,6,8,114,0,58,0,625.6491228070175,595.0,244.77,514.0,514.0,,575.0,621.0,165.79,588.0,588.0,,,,,835.6,710.0,314.03,2023,3300413.0,Karow Ost,,
,,804,751,704,12,22,31,625,5,215,4,717.7504,665.0,235.13,534.8888888888889,534.0,85.71,635.8333333333334,604.5,116.74,925.1666666666666,801.0,440.92,837.6029999999998,831.18,178.78,887.1578947368421,772.0,413.05,2023,3300514.0,Blankenburg,,
,,20,17,16,1,0,3,13,0,6,0,706.0,609.0,253.08,536.0,536.0,,,,,,,,,,,682.0,682.0,,2023,3300515.0,Blankenburger Süden,,
,,1214,1117,1023,11,37,60,939,13,407,12,674.9105431309904,627.0,207.9,471.2,458.5,128.34,685.0,633.5,212.62,722.5454545454545,684.5,168.95,742.3934615384616,751.247,96.71,967.2647058823528,876.0,384.37,2023,3300516.0,Heinersdorf,,
,,210,196,185,3,5,9,172,4,63,1,685.5581395348837,668.0,200.46,513.5,513.5,12.02,828.0,828.0,274.36,1001.0,946.0,415.09,1094.55075,1073.3765,330.83,742.7777777777778,781.0,316.56,2023,3300517.0,Märchenland,,
,,424,396,363,4,17,11,317,7,61,3,772.5110410094637,740.0,219.7,626.6666666666666,668.0,98.72,653.875,679.5,105.31,870.125,949.5,206.19,864.2695714285713,916.153,180.66,800.4,706.0,268.58,2023,3400618.0,Rosenthal,,
,,1035,974,903,20,29,32,781,5,291,2,704.8732394366198,666.0,224.71,574.8125,557.0,100.76,675.7916666666666,680.5,176.01,818.3333333333334,858.0,202.24,979.2096,933.25,196.67,776.25,688.5,279.89,2023,3400619.0,Wilhelmsruh,,
,,508,473,452,9,12,23,395,3,133,3,701.7291139240506,676.0,213.44,547.7142857142857,519.0,105.7,623.8888888888889,654.0,96.98,831.5,831.5,262.34,775.3246666666668,777.89,18.63,922.2941176470588,811.0,295.75,2023,3400620.0,Schönholz,,
,,885,819,785,10,22,44,701,5,294,4,659.8188302425107,630.0,214.33,498.625,480.5,143.85,647.0,652.0,116.79,751.0,760.0,125.61,750.8922,759.42,137.69,904.5172413793103,868.0,380.45,2023,3400721.0,Florakiez,,
,,546,506,478,4,26,14,423,10,204,9,659.2647754137116,611.0,209.71,466.3333333333333,482.0,47.48,603.0714285714286,608.5,133.3,811.1052631578947,729.0,225.09,759.7298,736.615,160.17,1051.0,1149.0,378.99,2023,3400722.0,Parkstraße,,
,,1155,735,699,5,35,44,633,7,325,6,643.8562401263823,589.0,237.6,473.8,429.0,158.22,556.4705882352941,582.0,116.11,697.8888888888889,734.5,151.22,787.275857142857,785.96,143.38,913.5217391304348,732.0,500.63,2023,3400723.0,Garbátyplatz,,
,,716,647,610,7,28,41,546,7,271,5,662.010989010989,604.0,249.7,483.1666666666667,459.0,103.43,603.875,604.5,198.56,873.7333333333333,895.0,161.64,901.7944285714286,832.794,374.23,741.0952380952381,606.0,378.24,2023,3400724.0,Wolfshagener Straße,,
,,882,845,788,12,15,22,717,5,330,3,676.489539748954,625.0,236.64,445.7142857142857,445.0,64.23,493.25,534.0,123.61,946.0,1049.5,205.95,888.9344000000001,804.663,337.02,856.3076923076923,746.0,460.45,2023,3400725.0,Schlosspark,,
,,984,921,872,7,24,39,784,7,301,6,674.5331632653061,651.0,213.87,445.8333333333333,434.5,173.02,641.2941176470588,595.0,176.52,768.125,693.5,334.92,785.3041428571427,717.367,203.32,1047.5384615384614,999.0,402.64,2023,3400826.0,Tiroler Viertel,,
,,954,857,788,6,48,49,724,22,291,19,666.0883977900553,632.0,202.71,521.1666666666666,523.0,174.4,621.0540540540541,642.0,125.8,687.6176470588235,672.0,134.53,760.095681818182,722.9615,130.79,907.5625,848.0,400.8,2023,3400827.0,Trelleborger Viertel,,
,,432,403,379,6,12,17,331,1,113,0,701.1299093655589,670.0,211.99,556.5,552.0,28.99,719.3,687.0,181.49,815.0,793.5,126.43,946.364,946.364,,950.0,732.0,446.23,2023,3400828.0,Spiekermann Straße,,
,,562,504,470,11,19,39,424,4,192,3,665.5424528301887,611.5,210.01,502.6666666666667,509.0,62.59,665.7142857142857,599.5,194.29,811.6923076923077,762.0,220.23,847.5,809.2185,216.4,857.3913043478261,828.0,417.75,2023,3400829.0,Arnold-Zweig-Straße,,
,,744,697,650,6,23,24,580,4,275,4,656.35,608.5,222.02,510.25,492.5,56.66,634.1538461538462,611.0,181.97,846.4166666666666,730.0,353.91,663.1195,662.0070000000001,135.84,1023.5,1051.0,263.67,2023,3400830.0,Kissingenviertel,,
,,67,50,49,0,8,9,44,1,26,1,571.0454545454545,520.0,200.56,,,,512.0,502.0,87.43,489.0,489.0,,619.774,619.774,,838.1428571428571,705.0,422.73,2023,3400831.0,Pankower Tor,,
,,830,765,704,7,29,36,646,10,292,8,652.6300309597523,615.5,194.81,518.5714285714286,519.0,65.4,563.3333333333334,541.0,115.98,697.4090909090909,700.5,154.17,820.3945000000001,793.512,154.02,853.6666666666666,882.0,340.41,2023,3500932.0,Bühringstraße,,
,,1311,957,882,6,34,73,807,7,470,4,606.3742255266419,553.0,233.95,460.0,423.0,87.87,522.8846153846154,485.0,142.14,645.4583333333334,658.5,204.04,921.9611428571428,883.204,140.9,657.7,594.0,279.62,2023,3500933.0,Weißer See,,
,,815,731,685,7,33,51,624,11,299,6,651.3429487179487,609.5,195.73,504.0,497.5,48.35,569.2916666666666,562.0,124.38,668.6315789473684,651.0,125.44,866.4994545454546,842.723,272.75,774.6363636363636,689.0,318.29,2023,3500934.0,Weißenseer Spitze,,
,,511,460,427,4,18,33,380,2,214,0,614.8921052631579,559.5,193.39,480.5,465.0,138.61,610.25,586.5,159.14,628.7,636.0,162.42,1094.8015,1094.8015,182.51,664.8846153846154,589.5,262.64,2023,3500935.0,Behaimstraße,,
,,799,742,684,9,20,37,620,1,325,0,639.7306451612903,593.0,216.73,496.25,488.5,58.09,595.2222222222222,504.0,201.45,669.25,625.0,161.41,960.644,960.644,,754.2380952380952,686.0,297.92,2023,3500936.0,Komponistenviertel Weißensee,,
,,1311,1209,1135,9,58,43,1059,23,542,13,642.7610953729934,595.0,220.49,567.125,517.5,126.19,585.8571428571429,534.0,198.11,727.0,729.0,216.53,857.6399130434783,858.134,140.99,794.4827586206897,679.0,379.59,2023,3501037.0,Rathaus Weißensee,,
,,1164,964,909,18,23,40,835,8,375,2,659.9005988023952,619.0,210.99,554.3529411764706,568.0,101.81,649.3636363636364,549.0,340.15,702.9230769230769,609.0,279.31,1091.525875,1095.017,344.24,860.8,710.5,325.31,2023,3501038.0,Hansastraße,,
,,334,293,274,5,15,26,249,1,110,1,646.5341365461848,614.0,194.15,527.8,577.0,121.65,600.5454545454545,604.0,38.26,767.1111111111111,755.0,169.58,800.68,800.68,,832.0,666.0,438.48,2023,3601139.0,Norweger Viertel,,
,,465,413,387,5,17,35,360,3,148,2,658.1055555555556,630.0,193.63,425.0,391.0,114.85,727.6,656.0,249.74,804.7142857142857,776.0,116.76,892.971,844.88,237.9,949.5384615384615,890.0,440.52,2023,3601140.0,Malmöer Straße,,
,,590,516,494,5,34,40,434,4,184,4,663.1267281105991,632.5,196.37,420.6666666666667,319.0,180.44,605.6153846153846,596.0,126.59,724.0,682.5,118.25,778.7292500000001,818.3834999999999,102.08,986.7741935483872,989.0,340.02,2023,3601141.0,Arnimplatz,,
,,1112,1008,966,10,64,38,869,11,377,10,661.9378596087457,635.0,220.32,467.57142857142856,461.0,67.34,636.6052631578947,602.0,203.97,718.1666666666666,709.5,185.11,725.2725454545454,708.29,88.02,933.0,810.0,422.37,2023,3601142.0,Falkplatz,,
,,673,603,581,4,38,32,512,14,226,13,668.939453125,634.0,217.31,668.3333333333334,649.0,97.45,578.7333333333333,561.0,129.41,711.7777777777778,733.0,164.17,779.7287142857143,755.6500000000001,167.03,933.64,875.0,336.57,2023,3601243.0,Rodenbergstraße,,
,,623,565,526,0,26,32,477,4,206,4,659.1090146750524,629.0,206.13,,,,613.1176470588235,641.0,144.24,758.6111111111111,750.0,135.97,820.1585,828.4535000000001,64.47,790.3333333333334,632.5,389.33,2023,3601244.0,Humannplatz,,
,,1378,1266,1203,19,50,61,1092,13,538,12,631.717032967033,604.0,209.24,478.3125,482.5,78.96,623.5555555555555,628.5,119.7,767.3030303030303,749.0,178.45,750.7160000000001,759.174,110.31,839.5384615384615,748.0,283.5,2023,3601245.0,Ostseestraße,,
,,348,319,297,0,13,16,267,4,122,4,660.5355805243446,616.0,224.26,,,,553.0,563.0,111.99,655.6666666666666,554.0,220.45,735.3782500000001,736.6685,24.22,948.7692307692308,1019.0,411.47,2023,3601346.0,Gethsemanekirche,,
,,658,578,535,3,32,48,481,3,239,3,636.1912681912681,602.0,212.25,535.6666666666666,478.0,151.94,548.2857142857143,531.0,128.26,686.7777777777778,721.0,155.39,798.045,789.243,73.36,915.90625,856.5,325.51,2023,3601347.0,Helmholtzplatz,,
,,422,375,360,5,19,28,327,2,168,2,632.4831804281346,596.0,219.8,518.0,518.0,113.14,585.9285714285714,591.5,143.7,642.4166666666666,619.0,125.33,666.995,666.995,71.86,913.375,737.5,425.02,2023,3601348.0,Senefelderstraße,,
,,1585,1476,1359,24,56,53,1225,22,602,19,637.0057142857142,604.0,208.44,519.6111111111111,484.0,152.54,604.2121212121212,599.0,120.41,727.3103448275862,731.0,125.35,761.2888181818181,726.298,146.98,899.1818181818181,830.5,325.17,2023,3601449.0,Michelangelostraße,,
,,1158,1071,995,13,54,33,904,19,397,16,655.3075221238938,621.0,201.45,547.7777777777778,555.0,76.7,655.2424242424242,637.0,158.64,790.7931034482758,732.0,266.46,750.7252105263158,717.757,131.32,986.8333333333334,954.5,287.91,2023,3601450.0,Volkspark Prenzlauer Berg,,
,,612,564,523,3,24,24,469,3,223,3,638.0362473347548,609.0,193.36,543.0,543.0,25.46,643.9285714285714,645.0,147.14,739.5555555555555,702.0,210.8,692.4979999999999,677.787,73.84,1193.529411764706,1152.0,400.86,2023,3601451.0,Anton-Saefkow-Park,,
,,558,507,492,3,17,34,446,3,193,2,654.4013452914799,628.5,212.24,442.6666666666667,402.0,98.51,653.5,624.0,205.17,745.8,709.5,141.31,831.5913333333333,779.767,202.1,998.6296296296296,1017.0,365.26,2023,3601452.0,Velodrom,,
,,329,280,266,1,30,19,235,14,128,10,630.0510638297873,584.0,208.08,585.0,585.0,,734.25,617.5,280.36,765.0,754.5,138.88,869.1261428571428,804.8050000000001,176.05,803.2727272727273,677.0,372.2,2023,3601453.0,Alter Schlachthof,,
,,922,849,817,2,38,34,727,9,387,9,616.2393397524072,585.0,231.04,541.0,541.0,,529.2916666666666,514.5,158.61,607.15,540.5,201.45,717.3241111111112,708.017,86.62,913.1153846153846,683.0,468.76,2023,3701554.0,Teutoburger Platz,,
,,903,848,805,3,20,35,704,6,362,6,639.3480113636364,593.5,232.65,517.0,517.0,31.11,528.8571428571429,508.5,96.17,664.8,559.5,196.09,732.3090000000001,735.987,48.17,907.4,767.0,445.18,2023,3701555.0,Sredzkistraße,,
,,639,563,534,10,51,25,479,24,236,21,631.8726513569937,604.0,201.18,473.5,443.0,95.95,587.2424242424242,559.0,134.55,704.7837837837837,674.0,163.78,756.4749583333332,755.76,160.69,990.7222222222222,885.0,403.52,2023,3701556.0,Kollwitzplatz,,
,,506,453,417,2,27,25,370,7,138,6,677.0837837837838,648.5,221.48,480.0,480.0,57.98,636.3076923076923,629.0,182.99,709.9090909090909,645.0,193.07,705.834,676.634,109.55,788.7647058823529,833.0,315.11,2023,3701657.0,Thälmannpark,,
,,459,402,377,6,24,33,346,1,170,1,637.1416184971098,602.5,194.48,587.8,617.0,102.75,628.3684210526316,618.0,118.57,663.8421052631579,669.0,123.13,841.746,841.746,,966.4615384615385,899.0,380.9,2023,3701658.0,Christburger Straße,,
,,599,541,505,5,21,37,460,7,254,7,616.8804347826087,583.5,204.66,402.6666666666667,338.0,141.55,594.0,585.5,138.69,707.9166666666666,656.0,126.47,694.6948571428572,707.186,132.98,917.1935483870968,861.0,407.5,2023,3701659.0,Immanuelkirchstraße,,
,,899,836,783,12,26,37,704,9,390,8,612.4289772727273,583.5,186.85,459.57142857142856,498.0,83.41,597.6111111111111,566.5,124.01,723.9375,666.5,242.11,716.654,692.067,156.14,892.7857142857143,874.5,298.75,2023,3701660.0,Bötzowstraße,,
,,2061,1864,1756,22,88,107,1574,17,574,12,681.0705209656925,656.0,216.83,591.5882352941177,565.0,156.44,666.219512195122,647.0,233.15,759.0882352941177,728.5,169.99,836.0608823529411,830.117,79.28,928.3170731707318,834.0,337.49,2023,4100101.0,Jungfernheide/Plötzensee,,
,,1080,1026,943,11,21,33,840,4,290,4,689.9119047619048,666.5,204.38,575.375,565.0,126.12,651.4705882352941,636.0,214.97,768.0714285714286,711.5,255.98,743.1800000000001,753.9884999999999,59.9,978.0714285714286,839.5,325.96,2023,4100102.0,Paul-Hertz-Siedlung,,
,,618,586,573,5,21,11,505,13,117,10,777.5128712871287,731.0,285.31,597.3333333333334,602.0,53.15,761.125,706.5,186.9,792.6470588235294,767.0,110.6,949.5816923076924,859.21,336.52,1027.0,812.0,376.48,2023,4200203.0,Olympiagelände,,
,,541,518,478,9,7,16,430,5,96,3,733.7511627906977,688.0,206.73,559.3333333333334,555.5,54.44,736.0,652.0,207.22,844.0,827.5,185.83,944.462,854.093,160.38,1027.1666666666667,1013.0,348.4,2023,4200204.0,Angerburger Allee,,
,,600,447,416,7,11,10,374,4,107,4,715.2513368983957,681.0,216.46,535.6666666666666,543.0,27.08,660.0,652.0,58.87,784.7142857142857,744.0,220.01,788.90675,802.1835,84.56,1064.0,938.0,466.25,2023,4200205.0,Flatowallee,,
,,346,321,306,4,12,13,264,2,77,2,706.6022727272727,690.5,186.9,505.0,491.0,62.08,780.5714285714286,725.0,266.95,715.4,701.0,48.58,779.715,779.715,114.33,1036.090909090909,941.0,412.0,2023,4200206.0,Kranzallee,,
,,500,445,427,3,28,27,371,3,70,1,810.3800539083558,745.0,273.52,552.0,552.0,110.31,915.7142857142856,910.0,234.93,971.8888888888888,877.0,316.95,1027.5386666666666,1005.5,164.26,1165.857142857143,1135.0,370.53,2023,4200207.0,Eichkamp,,
,,1429,857,798,12,28,52,711,13,322,11,649.4064697609001,625.0,222.86,555.3,547.5,113.18,645.4444444444445,630.5,157.97,725.5714285714286,729.0,172.14,829.5880000000002,805.46,172.04,892.6,824.0,364.87,2023,4200308.0,Branitzer Platz,,
,,715,690,642,6,6,19,584,2,236,2,666.7311643835617,650.0,198.81,471.6,479.0,37.87,724.25,726.5,27.58,725.5,723.0,42.25,761.2429999999999,761.2429999999999,31.96,1253.3076923076924,1210.0,348.59,2023,4200309.0,Neu Westend,,
,,1081,994,946,8,25,62,862,11,403,7,654.4060324825986,617.0,206.22,475.25,481.0,134.92,560.3846153846154,584.0,114.62,769.6153846153846,836.0,213.44,857.4839090909089,866.936,113.29,1026.8292682926829,982.0,403.81,2023,4200310.0,Fürstenplatz,,
,,1404,1255,1199,16,74,74,1046,32,522,29,640.9120458891014,601.0,238.9,416.0,473.0,134.35,583.5,541.0,151.56,766.3695652173913,741.5,207.57,783.3129375,748.4855,173.9,828.1481481481482,675.0,405.57,2023,4200311.0,Königin-Elisabeth-Straße,,
,,975,690,640,9,51,34,586,18,298,15,635.4300341296928,595.0,222.48,513.5714285714286,489.0,173.52,602.3076923076923,574.5,163.02,721.78125,695.0,205.43,814.5016666666666,778.6935,86.04,900.8518518518518,842.0,335.35,2023,4300412.0,Schlossgarten,,
,,1046,958,902,6,30,58,820,8,471,7,605.7304878048781,569.0,202.8,521.3333333333334,484.0,146.61,570.1538461538462,548.0,60.51,731.9411764705883,745.0,123.26,771.906125,753.0335,137.19,992.9111111111112,937.0,353.97,2023,4300413.0,Klausenerplatz,,
,,1202,1105,1029,12,48,49,924,2,487,2,620.6980519480519,577.0,230.38,444.7142857142857,438.0,73.52,549.5263157894736,534.0,138.52,754.1666666666666,744.0,129.0,766.398,766.398,106.09,849.2307692307693,791.0,397.18,2023,4300414.0,Schloßstraße,,
,,870,813,766,7,16,41,702,0,401,0,610.2193732193732,557.5,227.89,406.0,430.0,107.09,512.3333333333334,502.0,152.76,696.0,789.0,155.96,,,,825.25,668.5,387.63,2023,4300415.0,Lietzensee,,
,,1439,1326,1257,13,48,65,1097,15,716,11,562.9708295350957,506.0,228.49,408.54545454545456,417.0,92.0,554.7727272727273,509.0,221.11,644.72,601.0,204.05,738.8682666666666,637.383,220.34,706.6875,637.5,295.98,2023,4300416.0,Amtsgerichtsplatz,,
,,1153,1072,1006,10,35,46,924,6,471,5,627.1818181818181,595.0,206.29,388.77777777777777,397.0,47.97,575.0,562.0,178.78,711.6315789473684,635.0,193.67,817.2283333333334,725.988,275.8,827.4473684210526,786.0,291.55,2023,4300517.0,Tegeler Weg,,
,,832,732,675,6,59,41,610,23,305,21,637.3163934426229,600.0,201.65,454.8,454.0,99.87,607.75,617.0,154.3,664.3513513513514,661.0,139.47,721.7636086956521,718.48,128.54,957.3333333333334,968.0,409.17,2023,4300518.0,Kaiserin-Augusta-Allee,,
,,930,868,803,10,24,38,720,4,398,3,602.2944444444445,572.0,202.37,463.9,492.0,114.82,560.5,550.0,95.53,633.8,617.5,77.75,707.511,665.0219999999999,174.38,933.2068965517242,866.0,333.04,2023,4300619.0,Alt-Lietzow,,
,,606,519,485,4,60,27,440,36,236,35,609.7545454545455,589.0,205.07,409.5,424.5,92.02,562.0731707317074,532.0,124.08,641.1632653061224,624.0,147.3,705.8390555555557,694.8199999999999,76.16,793.8421052631579,650.0,353.7,2023,4300620.0,Spreestadt,,
,,1619,1505,1431,22,59,55,1291,34,804,34,584.2215336948102,547.0,205.09,428.8421052631579,450.0,94.61,512.0512820512821,483.0,150.89,636.5365853658536,649.0,91.75,650.1489999999999,634.322,97.93,816.0243902439024,694.0,331.88,2023,4300621.0,Richard-Wagner-Straße,,
,,1168,1027,980,9,88,53,866,54,538,46,591.080831408776,550.0,209.15,500.0,459.0,140.34,562.7619047619048,523.0,140.28,658.3380281690141,641.0,129.39,749.0743888888888,712.9385,168.97,931.8780487804878,834.0,358.98,2023,4300622.0,Ernst-Reuter-Platz,,
,,1797,1626,1548,21,91,80,1365,37,817,32,600.869597069597,556.0,225.17,445.1875,420.0,99.27,549.8163265306123,517.0,142.76,645.6,607.5,172.63,715.3067837837837,662.023,169.71,722.0384615384615,678.0,259.37,2023,4300623.0,Karl-August-Platz,,
,,1081,980,935,5,43,58,846,19,513,19,596.2104018912529,559.0,187.98,494.3333333333333,495.0,5.03,485.3448275862069,489.0,83.17,601.03125,589.0,113.12,638.9540526315791,607.106,108.35,798.65,743.5,261.41,2023,4300624.0,Savignyplatz,,
,,47,39,39,0,2,6,28,1,9,1,693.5357142857143,688.5,206.24,,,,866.0,866.0,,,,,865.95,865.95,,849.0,849.0,,2023,4400725.0,Güterbahnhof Grunewald,,
,,740,681,639,10,14,45,570,2,229,1,665.1228070175439,633.0,196.84,528.6666666666666,573.5,128.42,541.8,553.0,81.35,707.8181818181819,680.0,94.77,793.5385,793.5385,172.77,846.0322580645161,750.0,282.62,2023,4400726.0,Bismarckallee,,
,,1173,802,744,12,27,42,662,7,319,7,630.2205438066466,605.5,177.93,458.25,469.5,100.23,564.4166666666666,571.0,77.82,720.8666666666667,681.0,128.36,659.8215714285715,644.953,84.52,908.7333333333332,802.0,335.24,2023,4400727.0,Flinsberger Platz,,
,,410,358,338,3,22,30,303,14,87,10,688.1683168316831,682.0,171.68,593.6666666666666,608.0,73.55,718.1666666666666,693.5,92.42,874.125,870.0,159.96,840.2639285714287,848.585,101.51,1168.6666666666667,1122.0,354.1,2023,4400728.0,Hagenplatz,,
,,393,361,350,6,17,15,321,3,61,3,757.411214953271,720.0,202.23,606.0,638.5,112.62,724.75,720.0,82.18,825.5,824.5,134.18,732.3013333333333,686.943,98.61,1095.6923076923076,1106.0,252.09,2023,4400729.0,Hundekehle,,
,,997,949,897,10,21,27,807,7,275,7,685.7967781908302,654.0,187.19,584.5,631.0,135.17,663.9166666666666,615.0,180.43,838.3333333333334,819.5,146.97,791.9965714285715,795.643,61.88,829.1764705882352,658.0,403.47,2023,4400830.0,Forckenbeckstraße,,
,,236,227,215,2,6,3,183,1,58,1,674.4153005464481,649.0,157.0,617.0,617.0,166.88,628.3333333333334,606.0,55.95,713.0,712.0,60.76,654.316,654.316,,862.5,862.5,217.08,2023,4400831.0,Messelpark,,
,,821,777,713,10,15,29,637,2,231,2,672.3186813186813,650.0,176.49,532.3333333333334,544.0,102.34,626.5555555555555,594.0,122.45,733.375,734.5,159.52,694.518,694.518,2.34,989.15,903.0,387.32,2023,4400832.0,Breite Straße,,
,,579,534,502,5,26,19,458,10,194,10,663.849344978166,629.0,204.31,539.0,533.0,112.6,622.5,619.5,85.16,735.2777777777778,748.5,89.08,754.7169999999999,766.2049999999999,65.03,1169.1875,1131.0,431.08,2023,4400833.0,Schlangenbader Straße,,
,,365,334,305,4,13,16,270,3,161,2,602.7666666666667,568.0,192.85,497.5,497.5,111.02,671.5,619.0,174.31,789.0,724.5,221.53,769.1403333333333,728.147,194.75,895.0,682.0,375.68,2023,4400834.0,Binger Straße,,
,,918,871,812,9,21,26,726,6,391,5,615.7575757575758,587.0,187.41,560.75,550.5,105.11,662.25,658.5,161.24,721.9166666666666,715.0,100.52,853.2554999999999,861.697,66.19,936.2,881.0,372.29,2023,4400835.0,Rüdesheimer Platz,,
,,708,651,616,4,20,36,562,6,352,5,597.6654804270463,545.0,214.84,374.3333333333333,387.0,97.62,480.2,484.0,115.36,583.75,574.0,107.01,708.6986666666667,601.32,235.03,805.8181818181819,743.5,288.64,2023,4500936.0,Droysenstraße,,
,,1068,980,925,16,38,50,846,20,525,17,594.130023640662,559.5,202.01,458.9285714285714,449.5,122.51,521.9545454545455,515.0,105.34,669.7037037037037,638.0,157.69,703.8833999999998,706.27,141.44,790.6,660.0,300.69,2023,4500937.0,Halensee,,
,,1011,922,873,11,43,46,788,23,482,20,595.0799492385787,551.0,197.33,481.44444444444446,464.0,90.23,622.3666666666667,567.0,213.11,694.2727272727273,705.0,120.51,777.4769565217392,727.97,204.06,848.3636363636364,828.0,366.05,2023,4500938.0,Hochmeisterplatz,,
,,854,785,756,8,20,49,698,10,430,9,598.8180515759312,551.5,221.46,402.375,405.5,40.34,539.0,523.0,52.4,638.1333333333333,621.0,81.46,690.5899999999999,678.4335000000001,117.03,801.5428571428571,785.0,266.46,2023,4500939.0,Eisenzahnstraße,,
,,657,598,558,4,17,42,505,4,326,3,601.0336633663367,554.0,205.0,355.0,352.0,126.17,602.2,660.0,91.48,673.3333333333334,629.0,261.58,765.95075,767.4114999999999,198.57,869.6071428571429,763.5,399.17,2023,4501040.0,Hindemithplatz,,
,,898,761,718,9,76,61,634,39,378,36,608.5141955835962,561.5,212.64,421.1428571428572,405.0,78.26,516.9491525423729,501.0,124.19,702.0545454545454,666.0,175.59,746.2628461538462,731.42,152.1,836.6341463414634,748.0,360.6,2023,4501041.0,George-Grosz-Platz,,
,,3013,2734,2643,16,179,99,2289,118,1412,112,584.436871996505,549.0,219.22,438.8,448.5,95.26,496.8507462686568,467.5,112.94,678.9083969465648,681.0,148.56,698.0038135593219,676.645,111.01,676.887323943662,562.0,338.63,2023,4501042.0,Breitscheidplatz,,
,,1096,977,909,18,55,64,826,21,548,20,587.2615012106537,538.5,207.7,449.0,449.0,72.03,520.9090909090909,504.0,92.45,602.5714285714286,564.0,110.9,682.0165238095238,600.317,159.97,700.3653846153846,626.0,244.4,2023,4501043.0,Preußenpark,,
,,719,629,598,8,66,24,531,43,372,42,559.4463276836158,517.0,191.39,388.4285714285714,408.0,79.45,468.0212765957447,444.0,108.49,631.2307692307693,610.0,116.9,686.6686744186045,678.206,110.39,863.2777777777778,705.5,355.67,2023,4501044.0,Ludwigkirchplatz,,
,,1268,1105,1032,14,100,63,902,50,618,48,558.2427937915743,517.0,197.9,448.3,441.0,90.97,480.9666666666666,455.5,114.58,653.0862068965517,662.0,114.42,718.71142,701.2729999999999,114.0,713.3461538461538,604.5,355.0,2023,4501045.0,Schaperstraße,,
,,592,540,504,6,27,25,457,12,301,12,569.960612691466,525.0,210.56,492.8333333333333,520.5,80.27,534.7222222222222,520.5,182.43,704.1111111111111,666.0,133.91,718.8713333333334,721.6965,69.57,737.6666666666666,799.0,234.66,2023,4501146.0,Barstraße,,
,,624,560,523,3,17,47,471,8,317,8,545.2165605095541,507.0,202.51,495.5,495.5,96.87,486.4,471.0,151.43,620.25,610.0,97.75,688.418375,721.4385,86.88,672.1666666666666,537.5,342.25,2023,4501147.0,Leon-Jessel-Platz,,
,,811,415,382,5,20,37,338,3,206,2,604.594674556213,548.5,227.19,384.6666666666667,364.0,37.54,536.1818181818181,524.0,152.94,734.2727272727273,713.0,176.45,2075.53,779.276,2324.58,788.4333333333333,683.0,390.64,2023,4501148.0,Brabanter Platz,,
,,1054,931,872,13,49,51,784,20,508,19,569.8303571428571,531.0,184.64,401.77777777777777,381.0,87.81,507.2647058823529,518.5,87.55,606.3421052631579,569.5,130.31,703.0477000000002,691.767,89.76,804.0888888888888,644.0,401.07,2023,4501149.0,Nikolsburger Platz,,
,,625,583,558,9,21,21,504,10,332,9,574.797619047619,518.0,222.79,447.125,444.5,61.73,476.7857142857143,463.5,86.74,680.3333333333334,694.0,144.66,697.5908999999999,714.9815,129.68,726.2941176470588,682.0,292.12,2023,4501150.0,Wilhelmsaue,,
,,614,570,529,4,22,22,474,4,307,4,590.0569620253165,537.5,208.93,512.5,503.0,46.16,548.9090909090909,518.0,135.86,680.5833333333334,690.0,82.84,650.55825,633.78,57.88,742.2352941176471,769.0,214.39,2023,4501151.0,Hildegardstraße,,
,,765,713,647,7,31,21,579,14,376,13,585.7029360967185,545.0,192.01,404.8333333333333,403.5,77.82,511.3076923076923,487.5,123.79,716.6296296296297,714.0,192.63,737.4731428571429,752.795,91.85,747.3636363636364,711.0,219.45,2023,4501152.0,Prager Platz,,
,,887,784,735,12,51,52,669,24,457,23,582.4260089686098,536.0,217.26,451.5,433.0,83.82,491.90625,482.5,55.32,608.3658536585366,594.0,101.21,696.2969166666667,699.05,87.65,835.078947368421,769.0,303.32,2023,4501153.0,Babelsberger Straße,,
,,968,867,814,13,30,26,726,10,136,4,788.8980716253443,758.0,219.56,638.875,616.5,182.11,846.8125,724.5,294.75,795.0,744.0,222.76,978.3767,967.5415,176.29,1322.4166666666667,1376.5,415.96,2023,5100101.0,Hakenfelde Nord,,
,,537,510,469,7,14,13,416,4,139,2,695.1971153846154,650.0,189.56,508.75,537.5,151.51,723.2727272727273,686.0,125.33,782.8181818181819,735.0,169.31,908.4195,894.082,122.55,1222.9,1456.0,486.19,2023,5100102.0,Am Forstacker,,
,,613,576,521,7,18,19,461,5,193,2,692.5488069414316,636.0,222.08,602.8571428571429,643.0,123.55,725.3571428571429,663.0,212.03,815.0833333333334,721.5,272.98,925.2828,948.627,140.95,972.0714285714286,794.0,454.86,2023,5100103.0,Mertensstraße,,
,,972,895,821,12,50,27,726,19,327,10,664.060606060606,619.0,204.65,570.3636363636364,538.0,146.2,700.5333333333333,677.5,197.03,729.4193548387096,674.0,189.61,969.2357894736842,887.904,285.12,959.9,831.0,406.45,2023,5100104.0,Maselake,,
,,783,731,673,7,13,39,575,2,280,1,639.8713043478261,606.0,191.59,452.25,451.0,61.37,782.4,773.0,221.85,787.8,761.0,113.79,905.2265,905.2265,14.35,1080.7241379310344,946.0,409.9,2023,5100105.0,Amorbacher Weg,,
,,970,488,451,7,22,15,374,9,171,4,655.7540106951872,619.0,216.71,515.6666666666666,515.5,116.02,790.2,789.0,94.75,887.0588235294117,826.0,200.61,1011.6767777777778,975.54,186.14,1060.857142857143,956.0,259.02,2023,5100206.0,Griesingerstraße,,
,,201,193,180,4,3,5,157,2,46,1,739.6178343949044,697.0,256.17,604.0,654.0,121.95,612.0,612.0,14.14,861.0,861.0,26.87,980.367,980.367,182.53,970.5,970.5,96.87,2023,5100207.0,An der Tränke,,
,,1429,1324,1222,17,45,59,1045,8,452,4,653.3157894736842,624.0,182.54,583.4,537.0,127.91,769.16,737.0,177.97,873.5217391304348,844.0,184.97,909.452375,890.1579999999999,123.23,1067.4,1054.0,271.52,2023,5100208.0,Im Spektefeld,,
,,1289,1199,1101,15,39,51,958,12,365,8,669.9478079331941,638.0,192.0,572.3846153846154,567.0,105.56,700.44,672.0,146.63,802.8571428571429,763.0,228.33,877.2730000000001,866.3685,140.88,1004.9285714285714,910.0,377.45,2023,5100209.0,Westerwaldstraße,,
,,890,832,762,12,25,33,666,3,295,2,642.8168168168169,616.0,195.08,448.3,442.0,103.44,659.3529411764706,663.0,226.78,833.1666666666666,794.5,314.76,797.4376666666667,760.137,169.16,906.5,842.5,315.86,2023,5100210.0,Germersheimer Platz,,
,,832,791,736,6,17,23,631,2,266,1,661.6973058637084,628.0,207.49,484.8,458.0,103.86,699.9166666666666,709.5,89.63,833.4,813.5,130.12,977.6435,977.6435,241.71,953.9166666666666,840.5,417.83,2023,5100211.0,An der Kappe,,
,,443,414,381,8,8,20,339,2,179,2,615.5457227138643,577.0,217.92,449.6,419.0,90.66,538.7142857142857,509.0,118.96,802.5,806.5,336.37,702.3235,702.3235,118.92,804.25,714.5,384.04,2023,5100312.0,Eckschanze,,
,,1263,1189,1130,17,35,38,1021,11,606,7,595.5083251714005,525.0,234.43,458.9285714285714,434.0,118.58,595.8421052631579,552.0,192.29,668.0,618.0,203.44,821.0694545454546,772.12,183.21,1119.6521739130435,1162.0,494.79,2023,5100313.0,Eiswerder,,
,,1060,704,656,7,44,38,586,13,355,9,575.8122866894198,518.5,233.06,518.8,509.0,130.07,551.9615384615385,539.5,132.77,568.3,563.0,166.63,841.8918461538462,741.337,205.31,934.2758620689656,738.0,418.68,2023,5100314.0,Kurstraße,,
,,759,709,668,9,26,24,592,4,343,3,591.7753378378378,556.0,210.17,450.0,425.0,96.27,571.1904761904761,546.0,106.93,804.5882352941177,738.0,304.66,832.7007500000001,800.0885000000001,99.95,844.8888888888889,673.0,454.29,2023,5100315.0,Ackerstraße,,
,,2277,2137,2042,17,61,78,1825,10,1040,8,606.0021917808219,573.0,199.78,555.2666666666667,521.0,112.33,622.918918918919,597.0,110.82,688.9090909090909,656.5,172.56,791.0721000000001,689.037,238.84,927.1206896551724,771.5,411.36,2023,5100316.0,Carl-Schurz-Straße,,
,,767,682,633,6,42,43,580,11,326,10,629.7637931034483,577.5,209.12,507.0,505.0,68.78,589.4,578.0,107.78,633.625,582.0,188.79,733.5165454545455,723.16,113.91,900.1071428571429,698.0,438.96,2023,5100317.0,Freiheit,,
,,209,194,176,2,8,7,144,3,41,1,771.9652777777778,753.0,241.01,766.0,766.0,183.85,658.75,643.0,201.52,1046.0,1046.0,94.75,1000.0613333333334,1011.187,139.56,1184.1666666666667,1078.0,349.26,2023,5200418.0,Isenburger Weg,,
,,182,170,158,4,5,7,125,0,49,0,671.36,689.0,207.18,521.3333333333334,542.0,97.65,682.0,682.0,,914.0,914.0,,,,,1019.25,907.0,327.72,2023,5200419.0,Am Heideberg,,
,,590,538,511,8,36,16,449,14,184,8,657.3340757238308,638.0,182.32,594.4285714285714,566.0,84.84,731.5384615384615,780.0,160.51,824.1052631578947,787.0,187.27,961.9311428571428,876.5129999999999,242.66,962.5,883.0,490.93,2023,5200420.0,Staakener Straße,,
,,498,463,427,7,26,9,357,13,94,7,729.03081232493,692.0,199.48,636.0,615.0,92.38,794.2,816.5,153.73,910.5882352941176,895.0,134.15,932.218846153846,898.136,111.45,847.0,779.0,169.82,2023,5200421.0,Spandauer Straße,,
,,125,114,110,1,3,8,100,2,12,1,812.62,761.5,233.4,658.0,658.0,,955.0,955.0,,916.0,916.0,70.71,934.1535,934.1535,96.97,1273.0,1190.0,236.2,2023,5200422.0,Werkstraße,,
,,1014,956,884,9,25,33,750,5,182,5,717.192,700.0,191.4,577.3333333333334,535.0,195.96,701.6666666666666,744.0,113.6,754.4666666666667,765.0,128.85,803.4708,814.074,63.17,1086.470588235294,985.0,241.52,2023,5200423.0,Magistratsweg,,
,,328,306,295,2,3,19,269,1,46,0,768.8364312267659,739.0,203.51,591.0,591.0,209.3,955.5,955.5,361.33,,,,940.32,940.32,,1100.9,1137.0,298.6,2023,5200524.0,Döberitzer Weg,,
,,297,283,264,3,9,5,222,2,29,2,780.2252252252252,729.5,207.08,642.3333333333334,613.0,72.59,690.6,735.0,181.93,1013.6666666666666,773.0,426.41,873.898,873.898,36.8,1064.25,996.5,286.77,2023,5200525.0,Pillnitzer Weg,,
,,653,608,574,6,23,22,509,12,114,6,724.7897838899803,683.0,201.57,584.8,572.0,65.47,689.6875,637.5,195.94,774.5333333333333,733.0,141.0,1062.352,946.0645,298.97,866.625,831.5,258.74,2023,5200526.0,Rudolf-Wissell-Großsiedlung,,
,,1710,1553,1452,18,87,70,1264,29,449,17,691.998417721519,652.0,196.7,524.0,543.5,86.12,670.3673469387755,635.0,143.34,727.9318181818181,687.5,144.92,914.602275862069,880.567,154.69,937.0204081632652,846.0,376.43,2023,5200527.0,Maulbeerallee,,
,,819,770,718,7,18,31,634,5,189,2,701.9463722397477,669.0,184.6,534.0,524.5,35.13,651.4444444444445,628.0,83.22,793.125,707.0,202.55,1026.0315999999998,1032.773,246.64,1074.4761904761904,1018.0,388.75,2023,5200528.0,Weinmeisterhornweg,,
,,2071,1955,1869,16,55,60,1651,24,1007,21,602.4409448818898,564.0,201.26,501.7272727272728,451.0,134.36,577.0555555555555,573.0,69.78,651.6571428571428,628.0,118.48,736.635875,668.588,167.65,820.1621621621622,708.0,368.91,2023,5200629.0,Borkumer Straße,,
,,1213,1135,1044,11,36,42,952,10,611,7,582.6785714285714,525.0,201.28,436.7272727272728,432.0,96.12,538.5,485.0,143.44,579.5357142857143,511.0,163.22,793.2439,774.3265,144.95,800.9117647058823,621.5,423.04,2023,5200630.0,Wilhelmstadt West,,
,,910,851,782,9,23,36,690,5,465,3,564.4666666666667,509.5,210.98,404.0,385.0,80.53,486.2857142857143,432.0,155.59,626.75,535.5,251.55,986.4356,813.424,358.3,862.8260869565217,632.0,501.29,2023,5200631.0,Wilhelmstadt Ost,,
,,582,533,498,5,19,30,440,1,275,1,601.075,550.0,210.16,489.3333333333333,488.0,20.03,545.7692307692307,547.0,61.53,671.25,611.5,206.32,818.36,818.36,,828.6842105263158,619.0,377.67,2023,5200632.0,Tiefwerder,,
,,380,357,340,2,7,16,303,0,186,0,611.3762376237623,547.0,220.36,459.0,459.0,,576.25,584.0,81.68,580.5,583.5,82.98,,,,1001.375,939.5,514.78,2023,5200633.0,Graetschelsteig,,
,,604,526,494,10,20,49,420,5,161,2,698.2047619047619,669.5,224.66,463.1428571428572,450.0,34.0,637.75,568.5,175.86,773.5,743.5,178.13,940.3376,909.263,266.74,1051.7586206896551,874.0,441.09,2023,5200634.0,Börnicker Straße,,
,,296,262,249,3,13,21,215,3,87,0,689.1534883720931,635.0,203.17,659.0,659.0,,703.25,750.0,275.94,984.6666666666666,856.0,315.8,1154.889,1241.91,174.0,1052.4375,1060.5,308.96,2023,5300735.0,Haveleck,,
,,750,654,633,0,43,53,577,20,292,12,640.8128249566724,598.0,219.8,,,,732.3529411764706,736.5,127.38,710.32,689.0,142.62,874.0894000000001,855.7895,121.75,1042.4634146341464,1019.0,271.12,2023,5300736.0,Zitadellenweg,,
,,1514,1438,1338,14,24,52,1194,4,567,2,629.8417085427136,613.0,233.98,421.8888888888889,397.0,122.83,789.5,786.0,127.62,832.3846153846154,770.0,248.78,901.61425,919.387,99.25,1181.3333333333333,1089.0,376.89,2023,5300737.0,Gartenfelder Straße,,
,,56,38,36,1,16,2,33,13,10,3,801.030303030303,767.0,307.43,339.0,339.0,,856.3333333333334,811.0,158.84,926.5,892.5,121.58,1009.9927692307692,948.903,148.57,1016.5,1016.5,361.33,2023,5300838.0,Gartenfeld,,
,,883,822,756,8,31,30,676,3,283,2,670.0857988165681,634.0,202.41,549.0,527.0,87.41,666.4375,667.5,99.89,716.4705882352941,725.0,118.99,826.457,786.364,79.4,975.0370370370372,910.0,320.29,2023,5300839.0,Rohrdamm,,
,,393,329,323,0,32,31,282,22,132,14,638.4751773049645,613.0,209.61,,,,780.047619047619,776.0,130.82,797.9130434782609,797.0,191.35,857.8515454545454,858.31,94.42,1013.1,947.5,337.14,2023,5300840.0,Nonnendammallee,,
,,541,484,464,9,28,29,422,12,223,6,624.2867298578199,585.5,190.07,442.4285714285714,401.0,129.3,716.7647058823529,691.0,210.2,804.0,826.5,147.86,900.5129166666666,897.398,124.61,929.608695652174,872.0,350.55,2023,5300841.0,Siemensdamm,,
,,788,487,453,6,26,22,346,10,107,1,707.0664739884393,677.5,211.4,692.25,728.5,162.73,721.7777777777778,655.0,202.02,1087.4545454545455,1107.0,259.34,1085.5573,1072.525,180.57,981.8333333333334,1023.0,250.84,2023,5400942.0,Alt-Gatow,,
,,741,686,642,15,19,36,488,3,222,1,693.4713114754098,614.5,258.17,529.2222222222222,490.0,80.18,834.8333333333334,855.0,81.95,906.75,940.0,135.08,1015.1786666666668,983.013,138.33,1059.2380952380952,956.0,318.77,2023,5400943.0,Jägerallee,,
,,320,292,269,3,4,24,200,1,127,0,629.165,516.5,312.44,574.6666666666666,605.0,89.44,580.0,580.0,321.03,,,,1116.9299999999998,1116.9299999999998,,782.1818181818181,757.0,309.85,2023,5400944.0,Kladower Damm,,
,,290,278,265,3,3,9,207,1,109,0,712.7198067632851,588.0,299.28,499.0,499.0,,703.0,703.0,,1190.0,1190.0,,1397.593,1397.593,,919.0,1016.0,187.88,2023,5400945.0,Kafkastraße,,
,,939,871,820,6,28,40,722,9,384,6,622.3296398891966,582.5,201.64,550.0,532.0,52.37,619.6842105263158,567.0,176.33,744.1666666666666,738.0,150.64,847.3485555555557,749.833,184.63,944.0,910.5,355.01,2023,6100101.0,Fichtenberg,,
,,1225,1127,1079,15,61,37,957,19,519,15,601.521421107628,574.0,199.83,499.4,522.5,116.27,553.6842105263158,541.0,140.74,817.0588235294117,783.0,143.31,838.6085263157895,795.367,123.36,1071.2307692307693,1116.5,439.53,2023,6100102.0,Schloßstraße,,
,,852,781,747,4,33,38,669,11,359,8,622.2062780269058,583.0,206.13,473.3333333333333,478.0,41.2,545.6,494.5,115.02,719.7142857142857,741.0,117.25,862.6511818181817,817.066,199.42,924.3076923076924,970.5,345.73,2023,6100103.0,Markelstraße,,
,,652,620,566,10,15,17,520,0,252,0,629.748076923077,606.5,189.51,477.0,447.0,161.85,535.5,511.5,90.18,707.5,732.5,155.02,,,,1077.8333333333333,1116.5,435.93,2023,6100204.0,Munsterdamm,,
,,828,768,717,7,27,32,648,7,374,6,610.7021604938271,578.0,192.3,499.4,501.0,67.05,557.6,541.0,112.98,743.4285714285714,678.5,170.32,803.8631428571427,771.074,89.51,899.0833333333334,802.5,358.15,2023,6100205.0,Südende,,
,,877,827,779,10,19,31,684,5,398,5,605.5511695906433,563.0,214.42,412.0,412.0,53.96,606.7142857142857,562.0,138.38,778.25,704.5,373.32,818.0240000000001,842.4,67.16,994.625,892.0,478.03,2023,6100206.0,Stadtpark,,
,,773,708,674,8,29,36,586,8,333,8,602.0358361774744,561.0,208.67,538.8,586.0,150.43,596.5,542.5,193.03,722.0588235294117,741.0,137.27,765.6695,762.815,41.68,870.16,792.0,336.62,2023,6100207.0,Mittelstraße,,
,,629,595,552,1,8,24,503,0,307,0,568.4532803180914,538.0,212.98,,,,410.25,421.5,173.66,819.0,819.0,83.44,,,,812.65,816.5,463.16,2023,6100208.0,Bergstraße,,
,,981,931,873,13,18,32,795,2,500,2,585.0654088050314,539.0,207.52,419.3333333333333,406.5,101.73,514.3333333333334,526.0,82.01,837.0,670.5,373.24,707.0065,707.0065,125.81,932.190476190476,1027.0,449.97,2023,6100209.0,Feuerbachstraße,,
,,409,383,360,2,15,11,319,6,198,6,577.6990595611285,536.0,184.8,329.5,329.5,161.93,601.375,490.5,231.51,756.1666666666666,719.5,230.15,766.3193333333332,763.822,81.43,763.6,696.0,271.59,2023,6100210.0,Bismarckstraße,,
,,563,534,486,9,9,19,460,2,206,1,655.0739130434782,621.0,211.26,555.8571428571429,518.0,107.09,629.3333333333334,615.0,32.93,652.5,652.5,75.66,856.0115,856.0115,112.46,823.8181818181819,706.0,275.28,2023,6200311.0,Alt-Lankwitz,,
,,804,766,713,5,16,21,645,3,306,0,632.8728682170542,610.0,179.29,518.5,485.0,164.82,639.1666666666666,651.5,86.62,639.1666666666666,630.0,120.99,980.6546666666668,1002.914,70.55,925.8125,799.0,380.1,2023,6200312.0,Komponistenviertel Lankwitz,,
,,890,849,811,12,24,17,726,3,369,3,628.5730027548209,597.5,192.37,476.125,496.5,74.03,667.7692307692307,635.0,205.02,751.7857142857143,753.0,81.33,746.4046666666667,753.027,63.86,804.5,758.0,353.2,2023,6200313.0,Lankwitz Kirche,,
,,670,637,597,9,12,21,538,5,297,3,617.1524163568773,580.5,196.16,503.0,524.0,128.36,693.2857142857143,698.0,73.36,825.0,845.0,180.63,845.0388,866.036,146.6,1138.1052631578948,993.0,462.34,2023,6200314.0,Kaiser-Wilhelm-Straße,,
,,1201,963,901,10,18,23,799,6,338,4,649.1314142678348,630.0,211.35,585.7142857142857,539.0,206.2,677.0769230769231,691.0,104.85,807.1538461538462,778.0,91.72,850.9211666666666,863.402,76.06,975.7777777777778,801.5,411.01,2023,6200315.0,Gallwitzallee,,
,,815,763,719,11,30,22,669,11,337,7,641.5889387144992,599.0,205.22,517.3,520.5,89.99,682.8,651.5,136.93,754.0952380952381,721.0,104.64,883.5688181818182,863.877,165.65,808.65,705.0,401.59,2023,6200316.0,Belßstraße,,
,,532,505,470,7,11,16,422,0,215,0,641.611374407583,594.0,221.16,548.7142857142857,525.0,112.87,715.4285714285714,707.0,177.51,1057.0,1057.0,326.68,,,,982.5714285714286,863.0,422.96,2023,6200317.0,Lankwitz Süd,,
,,4,1,1,0,2,1,1,0,1,0,557.0,557.0,,,,,,,,840.0,840.0,,,,,927.0,927.0,,2023,6200418.0,Landweg,,
,,463,423,388,9,12,28,329,8,85,1,748.7598784194529,704.0,212.1,583.4285714285714,554.0,83.94,912.7142857142856,911.0,182.52,852.6,871.0,204.01,995.58875,923.3485,124.15,1038.6363636363635,956.5,403.46,2023,6200419.0,Thermometersiedlung,,
,,939,892,821,5,21,26,735,3,206,2,736.0163265306122,696.0,221.34,598.8,570.0,62.95,762.5,677.0,259.83,928.2727272727273,912.0,140.36,891.3800000000001,870.6,133.46,926.65,849.5,379.62,2023,6200420.0,Lichterfelde Süd,,
,,1192,911,858,10,23,38,720,6,436,4,597.8736111111111,550.5,217.06,484.5,457.5,92.35,622.1111111111111,517.0,194.79,771.75,781.0,117.48,850.2695,820.713,121.62,936.1538461538462,727.5,515.1,2023,6200421.0,Königsberger Straße,,
,,825,780,746,10,18,26,645,4,319,3,644.7317829457364,604.0,212.43,543.125,514.5,157.02,511.2857142857143,511.0,134.85,733.4285714285714,733.0,132.06,804.76675,822.6265000000001,100.91,1029.5384615384614,789.0,548.61,2023,6200422.0,Oberhofer Platz,,
,,1053,1015,950,24,17,21,827,5,192,0,738.1463119709795,703.0,196.2,600.6666666666666,574.0,112.93,833.5714285714286,657.0,305.03,962.4,960.0,292.55,996.9826,983.37,81.79,857.2727272727273,796.0,378.98,2023,6200423.0,Schütte-Lanz-Straße,,
,,608,566,528,8,16,26,467,4,162,1,705.7751605995718,656.0,205.76,628.0,525.0,227.59,684.5384615384615,669.0,91.43,1034.875,1085.5,291.4,1017.38175,990.8735,139.66,1013.6,861.5,465.63,2023,6300524.0,Berlepschstraße,,
,,535,495,455,8,15,25,390,5,45,3,799.9205128205128,755.0,204.96,617.0,571.0,78.45,755.375,750.5,82.75,805.4285714285714,803.0,109.41,949.0392,848.453,204.75,1109.7619047619048,986.0,374.51,2023,6300525.0,Zehlendorf Süd,,
,,725,682,654,4,18,25,566,5,328,3,617.3798586572439,546.5,236.0,442.5,442.5,82.73,643.75,588.0,220.85,740.9230769230769,702.0,228.46,904.1574,880.93,213.69,739.8421052631579,615.0,291.47,2023,6300526.0,Zehlendorf Mitte,,
,,803,749,696,10,16,38,622,3,340,2,616.6012861736334,575.5,217.27,405.0,365.0,105.7,642.6,609.0,124.35,665.5555555555555,618.0,170.78,756.5646666666667,713.437,136.74,993.9629629629628,727.0,520.19,2023,6300527.0,Sundgauer Straße,,
,,1559,1210,1137,19,42,35,1007,14,343,4,708.3008937437935,666.0,209.53,529.4166666666666,487.5,100.1,711.2142857142857,661.0,140.8,741.65,681.5,146.21,980.112857142857,939.313,261.75,981.48,873.0,420.1,2023,6300528.0,Teltower Damm,,
,,663,612,570,9,24,27,511,9,252,6,648.5283757338552,602.0,202.78,540.8571428571429,532.0,122.49,603.4666666666667,572.0,112.28,762.6153846153846,714.0,176.99,837.7404444444445,715.3,210.38,863.5,809.0,357.7,2023,6300629.0,Botanischer Garten,,
,,1000,577,534,7,27,19,482,17,228,12,641.2676348547718,610.0,195.62,514.5,486.5,204.58,640.04,611.0,114.08,821.0,770.0,220.21,840.2444117647059,824.064,79.39,859.625,724.5,375.11,2023,6300630.0,Hindenburgdamm,,
,,428,381,366,0,23,24,307,8,95,3,712.8469055374593,682.0,210.16,,,,728.6363636363636,721.0,106.49,823.7272727272727,786.0,133.36,1008.6208749999998,1027.257,169.53,919.1052631578948,827.0,373.13,2023,6300631.0,Goerzwerke,,
,,1214,1151,1050,18,36,27,946,16,350,14,683.7177589852008,647.0,202.23,518.0,510.0,120.08,631.047619047619,625.0,115.68,769.32,741.0,132.51,757.8511875,767.2935,124.91,888.1052631578947,743.0,408.73,2023,6300632.0,Schweizer Viertel,,
,,1065,1001,925,17,27,37,828,10,394,8,649.0036231884058,611.0,206.1,502.4166666666667,491.0,120.24,642.3333333333334,595.0,105.95,730.6111111111111,709.0,167.76,804.2361000000001,779.335,145.32,1018.75,903.0,353.17,2023,6300633.0,Augustaplatz,,
,,819,770,727,7,27,22,663,3,300,2,655.9834087481146,613.0,210.75,605.5,613.0,55.45,671.3,570.0,220.3,761.0,786.0,129.15,867.7330000000001,871.253,93.7,816.8125,701.5,297.59,2023,6300634.0,Lichterfelde West,,
,,1483,1356,1268,14,50,62,1025,7,299,2,744.209756097561,692.0,243.16,587.7142857142857,569.0,101.73,817.8125,781.0,263.42,1049.642857142857,1046.0,155.02,1089.6587142857145,1087.037,175.91,1015.4666666666668,949.0,341.28,2023,6400735.0,Wannsee,,
,,673,597,564,6,14,19,488,5,119,2,728.5758196721312,678.0,204.14,581.5,568.5,84.85,786.7142857142857,744.0,146.97,829.8333333333334,776.0,172.05,893.608,970.183,134.92,1180.2727272727273,975.0,480.82,2023,6400736.0,Düppel,,
,,1507,1210,1137,10,56,83,963,12,410,3,687.0893042575285,629.0,238.2,505.8333333333333,543.0,95.13,825.8571428571429,736.0,322.92,965.0,939.0,250.65,999.6406666666666,1034.035,172.39,968.4,820.0,422.88,2023,6400737.0,Nikolassee,,
,,902,661,626,10,23,32,540,2,137,1,732.2111111111111,676.0,199.93,522.75,520.5,79.31,807.1818181818181,742.0,161.35,1027.3333333333333,1009.0,310.74,1162.8735,1162.8735,434.62,1021.1666666666666,851.5,387.66,2023,6400838.0,Krumme Lanke,,
,,672,633,606,15,16,23,562,5,272,2,660.9128113879003,611.5,220.91,439.7142857142857,452.5,124.66,615.1428571428571,570.5,134.5,688.6666666666666,556.0,338.07,936.1574,928.92,172.82,1001.9411764705884,739.0,464.58,2023,6400839.0,Fischerhüttenstraße,,
,,592,561,522,10,12,19,465,0,192,0,699.858064516129,644.0,237.32,499.75,498.0,89.71,636.8571428571429,605.0,135.06,619.0,606.0,39.17,,,,1145.8461538461538,1183.0,325.94,2023,6400840.0,Fischtal,,
,,692,652,610,6,13,26,559,8,328,5,594.9821109123435,525.0,226.7,465.6,448.0,73.72,591.0,593.0,198.01,587.375,545.0,214.75,831.341625,857.3655,204.76,681.2380952380952,575.0,345.1,2023,6400841.0,Zehlendorf Eiche,,
,,459,421,402,3,11,27,371,5,133,4,711.8948787061995,684.0,219.51,475.0,475.0,7.07,726.2222222222222,677.0,183.04,851.0,681.0,320.94,836.766,764.647,186.97,941.0454545454544,811.0,392.92,2023,6400842.0,Hüttenweg,,
,,458,406,382,5,33,19,354,16,168,10,656.1779661016949,612.0,196.57,501.8,508.0,56.02,712.12,719.0,152.01,828.8260869565217,786.0,244.97,906.651375,875.965,204.1,1073.3636363636365,836.0,496.65,2023,6400843.0,Thielallee,,
,,803,740,693,16,34,29,625,5,202,3,692.5888,665.0,182.9,575.1666666666666,538.5,81.83,675.1153846153846,665.5,110.62,736.1111111111111,726.0,122.15,810.058,821.26,129.45,1109.076923076923,1092.5,291.58,2023,6400844.0,Dahlem,,
,,1649,1547,1460,14,61,41,1299,23,759,22,606.3210161662818,572.0,195.6,509.22222222222223,575.0,168.39,548.7727272727273,501.5,138.33,701.3409090909091,707.5,159.95,749.0849999999999,710.163,126.98,712.4,619.0,244.78,2023,7100101.0,Wittenbergplatz,,
,,1530,1429,1359,12,49,52,1186,27,657,24,621.4637436762226,578.0,210.44,493.1,495.5,54.72,556.5945945945946,551.0,118.59,696.0882352941177,659.5,145.77,784.4737037037038,758.464,143.46,831.4722222222222,784.5,342.31,2023,7100102.0,Kalckreuthstraße,,
,,1099,1014,947,7,37,48,839,13,496,12,616.1549463647199,562.0,227.41,567.0,520.0,153.7,524.2727272727273,504.0,74.34,668.8181818181819,634.5,148.22,708.9776923076923,693.837,108.67,803.5,796.5,306.5,2023,7100103.0,Frobenstraße,,
,,788,708,665,5,40,39,606,13,391,12,583.1270627062706,549.0,184.28,501.75,504.0,27.15,549.5483870967741,522.0,129.37,655.9655172413793,633.0,108.1,735.1387692307694,734.163,107.56,776.2903225806451,696.0,283.68,2023,7100204.0,Barbarossaplatz,,
,,692,635,597,3,24,33,533,6,326,6,593.4108818011257,559.0,182.44,433.3333333333333,429.0,62.61,568.2,590.0,94.18,708.6153846153846,722.0,105.91,706.6754999999999,666.698,97.32,778.08,724.0,249.99,2023,7100205.0,Alvenslebenstraße,,
,,893,803,766,11,42,48,682,6,395,5,609.907624633431,568.0,194.43,510.1428571428572,478.0,99.79,548.8846153846154,531.5,109.18,747.125,756.5,141.37,778.2936666666666,772.9035,121.1,875.5365853658536,848.0,299.44,2023,7100206.0,Großgörschenstraße,,
,,1052,975,918,10,31,46,831,7,517,7,594.1395908543923,560.0,189.39,405.25,412.5,73.83,570.2,522.5,144.01,757.3181818181819,665.5,246.64,683.4011428571428,659.307,63.88,833.6,736.0,347.04,2023,7200307.0,Bayerischer Platz,,
,,1288,1206,1124,17,32,50,1022,9,673,8,578.0215264187867,540.5,188.92,458.5,435.5,105.67,537.96,516.0,154.41,686.1666666666666,690.0,176.81,745.3155555555555,708.514,209.09,899.6666666666666,815.0,338.83,2023,7200308.0,Volkspark (Rudolph-Wilde-Park),,
,,1057,970,910,7,40,47,829,11,567,9,561.4209891435464,512.0,193.73,439.3333333333333,444.0,84.3,523.3461538461538,509.5,94.18,702.047619047619,689.0,144.81,757.0581818181819,735.01,155.15,869.0,794.0,388.7,2023,7200409.0,Belziger Straße,,
,,888,809,767,7,37,40,705,11,503,11,532.2340425531914,476.0,216.34,396.6666666666667,379.0,65.24,447.3888888888889,437.5,103.51,658.8,670.0,129.9,682.6024545454546,691.336,76.21,806.3636363636364,874.0,325.68,2023,7200410.0,Feurigstraße,,
,,323,298,286,0,15,10,248,3,164,2,561.7137096774194,504.5,224.65,,,,485.3333333333333,420.0,221.34,722.5,737.5,103.93,1429.3253333333334,709.126,1257.15,715.5,661.0,426.66,2023,7200411.0,Julius-Leber-Brücke,,
,,229,201,188,0,15,13,173,10,93,9,627.1560693641618,580.0,208.95,,,,551.6,548.0,86.29,653.4545454545455,616.0,97.24,779.3302999999999,777.3145,105.54,744.6363636363636,649.0,342.89,2023,7200412.0,Schöneberger Linse,,
,,1030,940,886,6,48,42,825,26,498,23,604.4509090909091,557.0,206.68,577.2,444.0,367.66,571.2894736842105,544.0,118.35,698.6470588235294,715.0,119.35,825.5588846153847,789.4315,201.68,926.0967741935484,920.0,392.75,2023,7200413.0,Cheruskerstraße,,
,,310,284,264,3,13,13,241,2,146,2,589.701244813278,554.0,187.46,429.0,429.0,121.62,563.1111111111111,559.0,109.47,741.0,769.5,91.8,799.1935000000001,799.1935000000001,49.96,995.75,1003.0,348.22,2023,7200414.0,Hohenfriedbergstraße,,
,,535,489,450,5,17,29,395,7,217,6,606.146835443038,586.0,199.86,464.75,442.0,134.06,603.8571428571429,585.0,122.6,763.8571428571429,708.0,141.13,747.8322857142857,710.6,84.04,949.695652173913,841.0,363.11,2023,7300515.0,Taunusstraße,,
,,778,712,654,3,31,35,592,13,337,11,600.5861486486486,576.0,199.36,470.5,470.5,149.2,599.85,592.5,74.68,738.16,712.0,135.33,801.0394615384614,773.053,130.6,911.1851851851852,887.0,338.56,2023,7300516.0,Odenwaldstraße,,
,,970,868,808,9,44,58,724,14,446,14,590.3480662983426,553.0,195.72,468.4,497.0,123.53,578.3333333333334,566.5,100.02,687.7931034482758,671.0,84.02,669.5472142857143,654.2055,64.65,908.7608695652174,848.5,326.79,2023,7300517.0,Perelsplatz,,
,,783,742,704,12,16,25,630,7,364,6,598.2777777777778,565.0,182.81,437.875,442.0,89.98,681.1,615.0,238.84,669.0909090909091,683.0,121.69,782.7617142857143,706.987,179.07,921.0909090909092,883.0,321.63,2023,7300618.0,Ceciliengärten,,
,,1994,1222,1157,16,65,74,1027,20,576,19,623.5258033106135,578.0,213.17,434.7272727272728,450.0,71.51,588.9473684210526,570.5,139.09,720.918918918919,670.0,184.35,725.0834500000001,726.5295,110.7,893.1964285714286,836.0,353.99,2023,7300619.0,Grazer Platz,,
,,2185,1504,1393,12,48,64,1252,16,693,13,621.1932907348242,577.5,211.73,434.1428571428572,457.0,83.37,602.3870967741935,566.0,160.28,751.8214285714286,732.5,178.65,823.8683125000001,828.719,137.54,896.1041666666666,835.0,386.26,2023,7400720.0,Gontermannstraße,,
,,1245,1126,1038,6,85,34,951,15,387,11,683.9905362776025,641.0,246.05,617.0,548.5,291.65,657.5333333333333,593.5,314.47,696.5217391304348,654.0,125.89,824.9147333333334,812.966,168.06,973.3333333333334,940.0,415.93,2023,7400721.0,Paradestraße,,
,,488,432,406,7,32,24,362,16,170,13,641.5994475138122,614.5,195.32,407.2,431.0,83.15,600.9166666666666,581.0,116.25,698.1,685.5,155.29,806.9075624999999,797.0215000000001,118.1,943.6666666666666,803.0,389.16,2023,7400822.0,Lindenhofsiedlung,,
,,1028,968,895,11,30,30,813,6,497,5,585.1562115621156,550.0,188.17,395.6666666666667,373.0,55.41,566.6,554.0,130.7,714.9444444444445,713.0,200.36,745.0016666666667,703.7270000000001,150.29,914.7916666666666,739.0,432.57,2023,7400823.0,Wittekindstraße,,
,,1044,960,897,8,46,36,808,11,471,9,578.7277227722773,533.5,230.39,365.0,336.0,77.07,599.64,576.0,219.97,729.9473684210526,750.0,189.07,824.4801818181818,823.19,136.57,766.5185185185185,531.0,426.18,2023,7400824.0,Bosepark,,
,,685,632,600,5,18,35,551,3,345,1,578.4627949183304,544.0,176.07,481.3333333333333,545.0,152.8,554.3333333333334,537.5,78.26,708.6666666666666,675.0,179.71,952.3876666666666,1037.77,243.88,1084.76,1065.0,432.56,2023,7400825.0,Friedrich-Karl-Straße,,
,,763,718,667,7,18,27,604,6,372,5,597.0860927152318,570.0,175.27,495.0,495.0,97.56,565.1111111111111,584.0,71.02,627.0,609.0,69.68,745.4696666666667,683.672,151.61,1061.2173913043478,1039.0,376.52,2023,7400826.0,Marienhöhe,,
,,2067,1739,1632,14,139,116,1503,73,794,58,617.0745176314039,580.0,223.93,441.6923076923077,460.0,109.21,587.3434343434343,556.0,155.78,749.55,753.0,157.28,816.9370410958903,766.046,213.11,897.3294117647059,805.0,410.07,2023,7400927.0,Rathaus Tempelhof,,
,,457,405,376,3,25,27,345,9,196,9,630.6869565217391,582.0,208.57,424.5,424.5,37.48,554.0,540.0,116.75,718.0588235294117,620.0,288.72,749.1821111111112,769.88,70.62,1087.842105263158,1177.0,405.54,2023,7400928.0,Germaniagarten,,
,,975,916,855,9,31,28,779,13,468,7,594.5237483953787,558.0,194.98,386.8333333333333,409.0,101.73,600.3809523809524,572.0,125.08,812.4761904761905,780.0,125.27,877.237,882.297,125.49,1062.111111111111,986.0,483.16,2023,7501029.0,Ringstraße,,
,,1366,1306,1217,9,26,34,1103,6,717,5,586.3780598368087,536.0,208.22,420.625,404.0,113.25,629.4615384615385,613.0,101.22,747.75,738.5,194.93,800.0196666666667,774.1569999999999,95.84,1014.6666666666666,934.0,415.91,2023,7501030.0,Machonstraße,,
,,1069,1021,941,11,22,26,856,6,450,6,635.4778037383178,591.0,204.82,492.3333333333333,489.0,73.47,623.0909090909091,619.0,81.69,755.4,733.5,99.43,843.3104999999999,852.6785,55.86,1093.2857142857142,1112.0,448.99,2023,7501031.0,Eisenacher Straße,,
,,614,582,539,6,9,23,499,4,168,3,699.9599198396794,644.0,204.83,582.8333333333334,586.5,62.08,685.0,609.0,214.18,775.3333333333334,781.0,124.59,759.183,740.757,153.02,871.125,793.5,282.81,2023,7501032.0,Imbrosweg,,
,,1657,1548,1452,17,48,61,1326,26,842,22,583.9404223227752,528.0,213.49,424.9166666666667,427.5,51.86,593.741935483871,555.0,140.54,752.2,732.5,139.87,802.3392307692308,801.595,104.08,909.8108108108108,706.0,490.83,2023,7501133.0,Fritz-Werner-Straße,,
,,1315,1247,1164,18,32,35,1062,8,524,7,638.9406779661017,603.0,186.3,501.0,492.0,79.85,671.6666666666666,638.0,143.75,833.5,807.0,206.09,810.6068750000001,846.4605,126.08,1077.35,892.5,405.26,2023,7501134.0,Hundsteinweg,,
,,284,270,244,2,4,10,214,1,116,1,654.0794392523364,572.0,236.85,519.0,519.0,96.17,819.0,819.0,,838.0,838.0,127.28,845.713,845.713,,785.5,757.0,155.49,2023,7501135.0,Birnhornweg,,
,,1220,1151,1073,12,28,40,964,3,494,3,648.4802904564316,592.5,213.38,534.6,525.5,83.06,642.8235294117648,596.0,191.09,843.0,838.0,153.85,852.942,858.737,45.45,1048.5882352941176,914.0,480.28,2023,7601236.0,Marienfelder Allee Nordwest,,
,,486,453,411,5,15,18,382,3,182,1,664.6047120418848,611.0,230.63,493.75,476.5,64.27,733.1666666666666,729.5,159.97,787.6,821.0,123.57,1167.35,1203.357,318.58,885.3333333333334,911.0,296.78,2023,7601237.0,Kirchstraße,,
,,513,464,448,8,30,19,416,12,181,4,664.2908653846154,627.0,204.75,561.5714285714286,617.0,147.23,702.1052631578947,664.0,231.6,826.4705882352941,901.0,208.04,952.1109166666666,950.4,129.29,951.818181818182,764.0,414.05,2023,7601238.0,Marienfelde Nordost,,
,,853,809,735,8,23,21,666,9,221,3,686.5750750750751,653.0,182.7,564.7142857142857,590.0,156.69,767.7857142857143,709.0,210.55,821.7777777777778,825.5,122.66,970.7616666666668,993.653,154.9,1023.4117647058824,929.0,331.86,2023,7601339.0,Tirschenreuther Ring West,,
,,957,922,862,11,15,20,768,3,287,1,683.86328125,637.5,204.82,561.5714285714286,568.0,96.4,676.4444444444445,657.0,190.7,787.375,792.5,160.29,968.918,945.917,98.1,922.75,813.5,382.0,2023,7601340.0,Tirschenreuther Ring Ost,,
,,449,419,400,3,17,13,346,8,108,0,736.7052023121387,687.5,243.73,628.6666666666666,632.0,69.06,773.75,811.0,179.05,960.4285714285714,1026.0,143.39,1230.3185,1054.029,472.71,1105.3333333333333,1022.0,290.71,2023,7601341.0,Diedersdorfer Weg,,
,,1297,1233,1139,16,14,50,1003,1,272,0,732.6779661016949,685.0,226.36,580.3636363636364,585.0,99.12,707.125,620.0,257.17,823.0,781.5,206.47,1356.83,1356.83,,1024.3478260869565,947.0,359.08,2023,7601442.0,Kettinger Straße,,
,,1052,999,917,17,23,30,789,6,270,3,711.2446134347275,693.0,227.48,571.2142857142857,604.5,117.76,743.4166666666666,759.0,122.45,884.1666666666666,848.0,120.43,884.5778333333333,889.45,62.47,1000.4375,857.0,400.48,2023,7601443.0,Töpchiner Weg,,
,,1252,1193,1111,10,25,34,937,6,326,0,736.1675560298826,702.0,243.53,547.7142857142857,559.0,66.93,740.8125,755.5,148.04,882.8,900.0,202.86,1148.1101666666666,1110.0034999999998,158.21,977.5238095238096,941.0,329.86,2023,7601544.0,John-Locke-Straße,,
,,990,931,850,7,24,35,729,5,280,1,737.522633744856,715.0,281.06,590.2857142857143,627.0,196.26,881.0,761.0,306.55,1012.8333333333334,944.0,198.91,1000.8968,1012.064,201.7,1110.55,904.5,431.44,2023,7601545.0,Nahariyastraße,,
,,590,560,524,9,11,19,431,1,95,0,776.723897911833,727.0,227.44,606.3333333333334,623.5,144.81,869.1,850.5,155.17,960.5,960.5,167.58,936.597,936.597,,1438.875,1422.0,190.88,2023,7601546.0,Franziusweg,,
,,564,531,499,8,20,13,426,6,148,1,759.2582159624413,766.0,255.03,670.1666666666666,657.0,134.59,768.25,756.5,235.56,986.8888888888888,982.0,54.33,1010.9876666666668,997.705,138.34,996.625,1007.5,219.84,2023,7601547.0,Horstwalder Straße,,
,,230,216,200,5,5,9,174,2,47,0,789.2298850574713,761.5,261.57,715.6,757.0,241.27,512.0,512.0,302.64,1004.0,1037.0,95.86,1226.0285,1226.0285,290.55,1235.8,1076.0,408.94,2023,7601548.0,Wittelsbacherstraße,,
,,669,609,572,2,37,23,519,3,266,2,646.2408477842004,595.0,231.52,453.0,453.0,,628.5652173913044,592.0,131.14,742.0,696.5,176.37,840.7703333333334,882.177,111.68,850.5263157894736,778.0,331.04,2023,8100101.0,Hasenheide,,
,,939,850,805,9,47,41,723,5,330,4,652.5366528354081,615.0,210.0,496.8333333333333,508.5,100.67,628.0,575.0,147.02,744.125,666.5,199.46,772.7117999999999,715.68,248.85,924.878787878788,875.0,296.07,2023,8100102.0,Schillerpromenade Nord,,
,,785,730,682,10,30,25,604,4,331,4,622.2350993377484,580.5,208.39,424.22222222222223,425.0,65.56,563.64,526.0,175.78,663.7222222222222,648.0,133.58,688.084,670.5564999999999,68.71,1051.470588235294,1035.0,428.72,2023,8100103.0,Schillerpromenade Süd,,
,,747,683,650,12,35,29,598,8,360,6,600.6371237458194,542.0,212.46,452.7272727272728,437.0,105.48,568.4,564.0,150.39,621.0,520.0,245.16,830.026125,715.1465000000001,319.61,892.4347826086956,632.0,416.38,2023,8100104.0,Wartheplatz,,
,,1110,1019,973,6,47,44,851,8,519,6,594.9917743830787,544.0,216.28,454.6,414.0,197.21,553.4827586206897,512.0,139.49,608.0625,526.0,242.99,746.7915,655.558,262.31,933.1785714285714,868.5,435.65,2023,8100105.0,Silbersteinstraße,,
,,1662,1506,1419,12,101,55,1283,52,660,35,636.5089633671083,596.0,194.64,492.0,495.5,42.67,608.6428571428571,582.0,136.78,708.6438356164383,671.0,141.11,841.5900192307693,815.7505,163.77,955.609756097561,907.0,344.37,2023,8100206.0,Flughafenstraße,,
,,1146,1039,997,11,47,60,908,8,466,8,634.7896475770925,593.0,220.14,492.625,495.5,79.53,536.0,523.5,116.25,650.1176470588235,608.0,142.31,780.02425,776.9585,53.66,834.5744680851063,726.0,338.09,2023,8100207.0,Rollberg,,
,,1446,1297,1230,9,69,80,1077,14,669,12,565.2079851439183,501.0,230.24,333.6,363.0,74.02,473.44,429.5,139.81,591.6,548.0,165.91,811.040357142857,785.8015,181.52,963.125,1022.0,469.76,2023,8100208.0,Körnerpark,,
,,1545,1418,1325,7,72,55,1192,26,723,23,580.2869127516778,531.0,215.64,309.3333333333333,299.0,80.0,505.2950819672131,470.0,151.02,599.4528301886793,532.0,236.75,802.9737692307693,737.408,216.46,820.0512820512821,621.0,419.49,2023,8100209.0,Glasower Straße,,
,,665,606,571,9,25,34,497,3,318,3,580.5875251509054,538.0,195.86,412.57142857142856,411.0,57.31,618.6,537.0,248.64,835.0,829.5,272.57,676.9609999999999,607.8399999999999,152.07,807.1304347826087,697.0,315.92,2023,8100310.0,Maybachufer,,
,,923,864,812,6,27,32,708,2,461,2,598.2853107344632,544.0,215.29,499.0,467.0,100.32,593.1666666666666,561.0,104.21,783.0,753.0,181.34,752.7085,752.7085,64.18,904.8695652173913,759.0,431.92,2023,8100311.0,Reuterplatz,,
,,1198,1067,990,15,67,64,886,7,425,6,639.7505643340858,608.0,190.84,528.6363636363636,496.0,138.55,594.1212121212121,560.0,119.2,730.4230769230769,710.0,207.94,753.674,656.664,286.07,911.2926829268292,870.0,317.77,2023,8100312.0,Weichselplatz,,
,,359,340,316,3,11,8,289,0,135,0,652.2768166089966,615.0,220.87,418.3333333333333,410.0,45.08,652.3,554.5,262.32,690.375,655.0,114.26,,,,910.75,925.5,319.33,2023,8100313.0,Bouchéstraße,,
,,1507,1430,1371,15,35,42,1208,6,699,4,615.7682119205298,576.5,195.82,523.25,509.5,86.7,572.1428571428571,535.0,136.72,637.0,605.5,143.6,730.302,730.2945,177.79,988.8,788.0,446.65,2023,8100314.0,Donaustraße,,
,,737,677,638,5,25,35,578,5,293,3,641.0899653979238,598.5,205.14,567.2,590.0,54.75,619.5,599.0,145.0,758.4,675.0,332.76,1032.636,833.634,492.87,978.8,1015.0,311.94,2023,8100415.0,Ganghoferstraße,,
,,730,667,626,8,35,28,562,5,281,3,640.7900355871886,600.5,234.73,352.75,343.0,41.45,638.35,560.5,188.98,665.5,591.0,190.7,899.3626,872.343,177.63,1165.952380952381,1198.0,372.78,2023,8100416.0,Alt-Rixdorf,,
,,1456,1334,1273,15,65,57,1111,8,624,8,603.2988298829883,554.0,226.25,424.8571428571428,451.0,75.38,490.6428571428572,475.0,103.83,619.1071428571429,545.0,239.6,761.882875,750.6985,84.0,967.9555555555556,948.0,425.73,2023,8100417.0,Braunschweiger Straße,,
,,1080,1001,949,4,40,39,876,10,363,7,659.1666666666666,628.0,183.65,520.5,520.5,2.12,612.5,603.0,147.0,740.5217391304348,713.0,174.85,824.8287,809.035,123.69,1074.0384615384614,1173.0,360.63,2023,8100418.0,Hertzbergplatz,,
,,980,918,819,9,32,30,746,9,250,9,685.2265415549598,652.0,180.32,556.0,540.0,70.12,639.7619047619048,609.0,107.75,829.5,752.0,241.16,744.6745555555556,708.76,88.35,1028.7916666666667,940.5,339.66,2023,8100419.0,Treptower Straße Nord,,
,,944,828,771,7,46,70,717,23,243,20,706.2733612273361,677.0,209.26,646.8333333333334,660.5,72.23,657.6451612903226,635.0,169.96,714.925925925926,679.0,146.74,792.0048695652174,789.996,104.52,944.1724137931036,891.0,314.87,2023,8100520.0,Weiße Siedlung,,
,,1552,1418,1329,14,73,60,1208,30,388,21,687.3369205298013,657.5,186.26,526.4,574.5,123.23,591.4489795918367,601.0,88.87,673.4242424242424,658.0,143.54,836.4459333333332,762.01,193.21,897.68,837.5,279.01,2023,8100521.0,Schulenburgpark,,
,,806,723,685,5,36,46,629,8,352,6,612.9236883942766,572.0,210.76,433.75,451.0,67.61,558.6086956521739,532.0,102.82,638.8571428571429,660.5,152.41,760.862125,707.2635,151.56,798.2903225806451,682.0,367.0,2023,8200622.0,Jahnstraße,,
,,1184,1102,993,7,41,41,900,16,467,14,631.9644444444444,593.0,201.73,459.4,488.0,99.17,576.7037037037037,574.0,111.24,695.8181818181819,660.5,140.73,734.752125,727.4615,117.47,973.1,897.5,457.26,2023,8200623.0,Park am Buschkrug,,
,,1184,1112,1063,14,39,33,968,18,446,14,657.051652892562,615.0,195.42,469.1666666666667,465.0,83.15,612.0666666666667,598.0,86.82,711.8846153846154,649.0,207.54,841.6280555555555,758.1715,270.04,945.4583333333334,851.0,344.49,2023,8200624.0,Tempelhofer Weg,,
,,416,388,366,8,14,13,349,5,100,3,711.971346704871,681.0,202.46,644.25,612.5,174.45,719.7,720.5,88.47,831.6,753.0,209.68,903.0298,875.99,135.06,1082.4,931.0,365.91,2023,8200725.0,Mohriner Allee Nord,,
,,717,656,618,13,26,35,559,2,276,2,640.5903398926655,604.0,199.95,476.3333333333333,480.0,100.7,628.0769230769231,629.0,88.23,841.3333333333334,751.0,250.5,740.2850000000001,740.2850000000001,123.68,911.2608695652174,658.0,454.68,2023,8200726.0,Hufeisensiedlung,,
,,1041,975,918,15,34,32,833,3,420,2,643.1320528211285,596.0,229.59,500.8181818181818,511.0,45.61,625.6,578.0,195.06,778.5333333333333,790.0,120.32,869.8433333333334,766.937,232.25,846.2692307692307,666.0,377.42,2023,8200727.0,Parchimer Allee Süd,,
,,327,315,296,4,8,4,264,4,129,4,649.6212121212121,617.0,212.65,383.25,376.5,107.46,442.5,442.5,85.56,748.5,748.5,307.59,682.0485000000001,692.47,109.77,1253.75,1236.5,302.52,2023,8200728.0,Ortolanweg,,
,,319,304,290,4,4,11,266,2,50,0,782.4172932330827,742.5,229.69,677.75,695.5,58.28,758.5,758.5,127.99,837.6666666666666,847.0,70.47,995.06,995.06,130.47,978.1111111111112,900.0,324.41,2023,8200729.0,Britzer Garten,,
,,584,559,512,4,13,12,466,2,190,1,686.6480686695279,645.5,229.34,319.5,319.5,74.25,709.5,723.0,235.13,915.0,876.0,177.05,1349.409,1349.409,785.86,1143.4,1187.0,542.1,2023,8200730.0,Handwerker-Siedlung,,
,,856,820,755,7,18,18,688,2,154,1,728.2703488372093,687.0,214.71,577.1666666666666,558.0,63.98,702.9,660.0,119.26,795.4444444444445,811.0,99.28,858.027,858.027,335.88,1171.3125,1209.5,412.19,2023,8200831.0,Buckow West,,
,,1406,1342,1251,20,18,46,1151,2,306,1,730.8053866203302,692.0,202.99,578.8571428571429,562.0,98.52,705.625,696.0,191.34,812.0,786.0,144.97,856.1134999999999,856.1134999999999,189.41,1100.8529411764705,836.5,456.59,2023,8200832.0,Buckow Mitte,,
,,944,885,793,8,25,34,710,5,229,3,708.6760563380282,667.0,198.01,532.1428571428571,509.0,86.58,744.1428571428571,720.0,126.81,880.5,875.5,222.38,852.0352,853.796,102.95,933.2631578947368,814.0,387.28,2023,8200833.0,Buckow Ost,,
,,2154,2024,1882,19,64,65,1671,16,951,14,630.3147815679234,552.0,242.03,454.53333333333336,437.0,107.81,666.2592592592592,574.0,269.55,851.6,856.0,244.43,801.1081875000001,772.8045,68.01,851.7058823529412,650.0,404.02,2023,8300934.0,Gropiusstadt Nord-West,,
,,1101,1054,964,20,16,29,886,5,451,1,663.6151241534989,595.0,236.3,505.5882352941176,468.0,106.5,714.8333333333334,589.0,311.27,926.5,915.0,242.84,930.3286,936.883,79.01,778.05,639.5,349.24,2023,8300935.0,Gropiusstadt Süd-West,,
,,1137,1084,1021,16,17,36,931,5,432,2,678.1299677765843,617.0,228.0,512.0,480.0,116.78,592.6666666666666,573.0,142.29,871.6666666666666,880.0,192.23,963.876,958.424,331.06,903.7142857142856,787.5,328.77,2023,8301036.0,Gropiusstadt Mitte,,
,,1556,1417,1331,17,83,56,1183,27,598,24,656.5824175824176,598.0,221.32,484.4166666666667,467.0,52.93,583.1470588235294,573.5,111.19,736.952380952381,739.5,143.96,813.3142222222223,746.834,222.13,784.6190476190476,723.0,249.89,2023,8301037.0,Gropiusstadt Süd-Ost,,
,,400,385,356,3,7,8,320,4,162,4,653.359375,598.0,238.82,528.5,528.5,101.12,733.0,733.0,21.21,706.3333333333334,719.0,31.01,719.2092500000001,718.059,43.46,795.3333333333334,791.0,310.62,2023,8401138.0,Goldhähnchenweg,,
,,1538,687,646,9,49,22,556,18,323,17,589.4442446043165,539.0,224.68,480.25,468.5,121.69,604.28,634.0,173.21,703.7931034482758,721.0,143.92,748.9152777777776,736.576,75.43,835.4444444444445,722.0,499.32,2023,8401139.0,Vogelviertel Süd,,
,,276,262,246,4,9,5,218,2,137,2,582.7110091743119,509.0,261.3,347.0,347.0,21.21,518.0,517.0,119.82,621.6666666666666,582.0,118.58,752.317,752.317,86.73,947.0,1007.0,367.87,2023,8401140.0,Vogelviertel Nord,,
,,911,873,828,15,14,24,736,1,441,1,596.5951086956521,547.0,197.4,405.0,400.0,68.49,578.25,565.0,91.2,739.5,701.5,126.66,852.04,852.04,,847.7777777777778,807.0,358.48,2023,8401241.0,Blumenviertel,,
,,729,692,640,15,13,23,562,3,265,2,658.4875444839857,616.5,203.17,578.8888888888889,520.0,143.72,478.2,503.0,140.11,705.0,698.0,60.61,768.3543333333333,687.78,159.36,840.8461538461538,804.0,195.68,2023,8401242.0,Zittauer Straße,,
,,1189,1108,1045,13,30,51,922,9,421,9,653.5173535791757,621.5,224.7,541.4444444444445,512.0,175.29,561.7647058823529,600.0,159.17,733.8421052631579,746.0,85.15,722.4881111111109,693.747,62.66,883.75,776.5,299.37,2023,8401243.0,Alt-Rudow,,
,,903,854,794,6,18,31,702,2,304,2,665.8376068376068,630.0,218.91,522.0,527.0,93.6,546.9,565.5,152.84,755.0,781.5,114.18,729.7705,729.7705,88.05,1021.2380952380952,933.0,368.54,2023,8401244.0,Waßmannsdorfer Chaussee,,
,,412,400,374,8,4,8,338,0,137,0,691.9704142011834,647.0,211.41,517.5,525.0,58.56,879.0,879.0,,831.0,831.0,118.79,,,,916.75,990.5,530.74,2023,8401245.0,Frauenviertel,,
,,866,817,750,7,16,33,665,4,212,4,710.4225563909774,682.0,214.02,477.6666666666667,443.5,145.17,586.8181818181819,604.0,99.23,795.1428571428571,807.0,80.2,718.5409999999999,748.6500000000001,67.14,845.7727272727273,735.0,304.27,2023,8401246.0,Waltersdorfer Chaussee Ost,,
,,1813,1674,1585,16,65,73,1411,23,521,15,690.2508858965273,651.0,205.03,559.0,530.0,91.43,676.4,633.0,134.97,774.9444444444445,734.5,205.62,885.7614347826088,821.61,173.19,993.4727272727272,1009.0,370.05,2023,9100101.0,Alt-Treptow,,
,,499,455,420,4,22,18,377,6,75,4,721.1883289124669,692.0,185.31,701.5,614.5,261.92,695.6923076923077,700.0,91.69,806.3,692.0,255.49,911.486,827.155,295.88,1041.923076923077,939.0,380.74,2023,9100202.0,Plänterwald West,,
,,980,928,876,14,19,33,803,8,139,7,745.0423412204234,714.0,181.96,620.8181818181819,622.0,96.53,631.0666666666667,625.0,79.24,751.5,732.0,112.52,784.7436250000002,759.2515000000001,100.76,973.904761904762,817.0,358.92,2023,9100203.0,Plänterwald Ost,,
,,1795,1708,1572,25,49,38,1443,12,502,8,687.5384615384615,652.0,200.79,548.5238095238095,554.0,105.15,617.5925925925926,570.0,158.69,670.8076923076923,627.5,173.13,810.7566666666668,801.3335,211.94,819.8518518518518,722.0,217.06,2023,9100304.0,Baumschulenweg West,,
,,563,540,512,7,14,9,458,5,103,4,722.2336244541485,707.0,165.72,530.2,519.0,68.48,677.0,640.0,87.57,729.0,726.0,106.14,862.8619999999999,880.63,63.33,1002.0,934.0,422.41,2023,9100305.0,Baumschulenweg Ost,,
,,335,305,285,7,9,21,258,1,112,0,672.922480620155,622.5,204.81,510.2857142857143,509.0,77.68,490.2,523.0,183.09,705.0,705.0,,976.86,976.86,,826.125,766.5,312.0,2023,9100306.0,Späthsfelde,,
,,1187,1114,1036,16,30,43,938,2,473,1,636.4648187633262,597.0,205.98,449.3076923076923,447.0,89.3,541.7692307692307,512.0,100.11,620.9166666666666,627.5,123.7,822.1220000000001,822.1220000000001,277.85,733.448275862069,700.0,254.35,2023,9100407.0,Johannisthal West,,
,,958,900,835,11,20,38,761,3,457,2,596.5939553219448,546.0,231.56,429.6666666666667,417.0,90.74,507.6363636363636,538.0,74.62,816.5,730.5,402.47,782.7546666666667,689.884,174.22,835.2068965517242,664.0,501.15,2023,9100408.0,Johannisthal Ost,,
,,508,453,420,6,35,20,388,9,159,6,667.430412371134,637.0,209.9,566.5,601.0,129.27,574.85,581.5,95.79,616.3571428571429,589.5,133.31,763.6927777777778,652.5,240.76,740.6923076923077,712.0,188.29,2023,9100409.0,Landschaftspark Adlershof,,
,,1198,1096,1021,6,56,46,932,14,342,9,691.1770386266095,644.0,205.93,534.3333333333334,518.5,79.76,614.7857142857143,591.5,152.48,700.2272727272727,651.5,143.85,893.9255714285713,792.3215,342.6,890.7666666666667,828.5,357.92,2023,9200510.0,Helmholtz-Kiez,,
,,1425,1331,1228,16,52,42,1100,14,319,8,705.8854545454545,666.5,198.17,555.2307692307693,554.0,58.05,610.0555555555555,599.0,223.67,730.3870967741935,677.0,205.34,896.2277857142857,844.262,226.63,975.8636363636364,861.0,311.84,2023,9200511.0,Griechischer Park,,
,,514,479,443,4,16,19,395,4,76,2,752.6607594936709,722.0,194.82,584.0,573.0,19.05,757.8461538461538,742.0,157.69,808.25,765.0,199.77,1031.28525,910.177,456.39,966.2727272727273,799.0,349.44,2023,9200512.0,Wuhlheide,,
,,1796,1659,1587,15,71,64,1432,11,668,8,661.8128491620112,617.5,234.97,543.1666666666666,473.5,145.12,562.7894736842105,505.5,183.0,748.8148148148148,750.0,183.2,871.5288181818181,878.693,151.72,779.3076923076923,780.5,218.29,2023,9200613.0,Bahnhof Schöneweide,,
,,554,528,504,6,14,12,461,2,141,2,708.4533622559653,678.0,184.57,555.5,551.0,70.78,714.7142857142857,637.0,223.12,743.2857142857143,653.0,168.24,743.432,743.432,114.56,847.6666666666666,872.0,323.99,2023,9200614.0,Oberspree,,
,,766,649,624,2,70,47,545,21,256,10,647.5706422018349,612.0,202.59,480.0,480.0,62.23,580.1698113207547,577.0,74.12,774.2127659574468,781.0,154.37,985.9394761904764,948.153,274.62,800.7037037037037,720.0,236.52,2023,9200715.0,Wista,,
,,867,798,745,8,36,33,660,11,215,9,678.1106060606061,663.0,206.33,536.8333333333334,568.0,99.52,651.4347826086956,650.0,111.74,770.0869565217391,743.0,147.71,838.2689090909091,829.057,123.82,757.04,714.0,243.73,2023,9200716.0,Dörpfeldstraße West,,
,,1013,965,876,13,16,32,787,1,262,1,683.2452350698857,655.0,206.03,556.5,564.5,128.14,599.25,605.0,132.98,739.5,717.5,83.09,759.947,759.947,,805.8076923076923,719.5,296.72,2023,9200717.0,Dörpfeldstraße Ost,,
,,337,323,303,6,3,11,277,0,134,0,640.8086642599278,605.0,193.61,495.0,464.0,124.72,604.6666666666666,585.0,48.58,705.0,705.0,,,,,972.875,907.0,354.84,2023,9200818.0,Spindlersfeld,,
,,1007,943,879,11,36,27,782,6,356,4,657.4245524296675,613.0,218.45,571.875,539.5,143.66,607.1923076923077,575.5,137.59,664.25,622.0,142.59,815.6550000000001,776.6279999999999,137.86,832.4090909090909,701.5,399.63,2023,9200819.0,Köllnische Vorstadt,,
,,1160,1098,1029,16,24,38,898,13,245,10,717.7995545657016,697.0,211.55,653.6666666666666,595.0,181.74,570.2,516.0,136.38,786.6153846153846,791.0,85.47,845.9942307692307,800.764,144.3,891.875,856.5,244.08,2023,9300920.0,Dorf Altglienicke,,
,,216,206,192,3,3,7,165,1,67,0,675.2727272727273,627.0,204.69,488.0,480.0,178.13,762.6666666666666,782.0,48.01,1004.6666666666666,961.0,100.86,992.593,992.593,,851.75,983.5,490.5,2023,9300921.0,Preußen Siedlung,,
,,941,886,815,10,26,29,707,8,107,5,770.927864214993,750.0,194.72,655.875,656.0,122.53,722.4,718.0,89.56,929.3571428571428,912.5,96.36,870.2112500000001,845.702,99.85,1088.923076923077,917.0,363.53,2023,9300922.0,Kosmos Viertel,,
,,733,692,638,11,23,18,552,3,36,1,830.8333333333334,807.0,192.35,721.1428571428571,696.0,160.6,775.5882352941177,744.0,178.24,885.5,894.5,116.82,931.871,969.273,124.08,966.5,911.5,236.99,2023,9300923.0,Kölner Viertel,,
,,703,389,370,3,24,16,313,10,163,4,639.3130990415335,589.0,245.31,599.5,599.5,157.68,663.9230769230769,643.0,146.05,964.0555555555557,932.5,249.27,936.2486,931.63,160.2,1034.125,959.0,493.45,2023,9301024.0,Falkenberg,,
,,1291,1184,1087,10,64,40,898,20,368,7,712.8240534521158,654.5,247.72,482.0,477.0,81.61,827.675,826.5,114.1,968.7380952380952,938.0,138.89,1536.752,944.108,2391.93,1008.7142857142856,896.0,417.32,2023,9301025.0,Alt-Bohnsdorf,,
,,1101,1034,987,12,19,48,837,7,276,4,710.5065710872162,673.0,228.16,505.5,503.0,119.39,929.7857142857144,756.0,418.75,867.0,788.0,247.02,882.5997142857143,751.597,246.17,906.4285714285714,815.5,282.51,2023,9301126.0,Grünau,,
,,182,175,156,2,3,4,137,0,4,0,888.992700729927,850.0,212.18,866.5,866.5,164.76,1256.0,1256.0,274.36,1233.0,1233.0,209.3,,,,1176.3333333333333,1050.0,366.22,2023,9301227.0,Karolinenhof,,
,,314,284,266,4,8,22,215,3,9,0,1010.2046511627908,995.0,275.06,815.25,862.0,165.42,1236.0,1104.0,264.93,1153.6666666666667,1096.0,112.22,1388.061,1323.837,182.51,854.5,1024.0,391.12,2023,9301228.0,Schmöckwitz/Rauchfangswerder,,
,,1364,1296,1208,21,24,44,1055,3,285,2,720.5061611374408,681.0,214.36,616.0588235294117,556.0,172.04,721.0625,731.5,140.47,823.75,688.0,460.54,969.0696666666666,801.56,326.7,881.8333333333334,804.5,280.46,2023,9401329.0,Kietzer Feld/Nachtheide,,
,,181,172,160,2,3,6,140,1,19,0,773.4928571428571,744.0,198.23,646.5,646.5,102.53,631.0,631.0,,692.0,692.0,,1393.72,1393.72,,1259.0,1379.0,369.57,2023,9401330.0,Wendenschloß,,
,,955,930,868,10,11,14,778,3,429,2,626.9331619537276,580.0,210.62,583.2857142857143,572.0,177.28,755.2,806.0,153.81,874.0,770.0,347.28,1021.841,880.123,319.2,880.75,706.5,382.36,2023,9401431.0,Allende I,,
,,197,186,178,2,6,5,156,0,79,0,626.275641025641,599.0,189.58,578.0,578.0,,792.0,767.0,202.66,1061.0,1061.0,,,,,877.75,709.0,385.36,2023,9401432.0,Siedlung Kämmereiheide,,
,,966,617,570,12,21,11,494,6,183,5,685.0991902834008,642.5,238.05,525.0,505.0,125.11,670.4444444444445,643.0,85.05,929.6666666666666,863.5,282.06,876.8283333333334,849.5365,106.08,1250.0,1225.0,384.94,2023,9401433.0,Allende II,,
,,1126,1063,990,15,35,26,879,8,556,5,602.4800910125142,550.0,231.6,411.07142857142856,397.5,80.46,562.35,555.5,143.33,622.9,571.0,175.93,861.718,844.66,138.49,974.2142857142856,987.0,473.99,2023,9401534.0,Altstadt Köpenick,,
,,579,528,491,11,11,39,409,3,82,0,854.6992665036674,838.0,274.96,534.0,542.0,157.31,670.0,742.0,204.62,963.5,953.5,70.58,1360.1426666666666,1200.13,296.04,895.8666666666667,905.0,193.24,2023,9401635.0,Müggelheim,,
,,731,689,628,9,9,33,533,2,179,0,701.5234521575985,661.0,225.55,568.3333333333334,550.0,209.81,639.8333333333334,644.5,92.12,1054.5,1054.5,84.15,1215.288,1215.288,237.38,1159.5555555555557,1046.0,399.89,2023,9501736.0,Hirschgarten,,
,,1933,1817,1704,21,39,76,1435,7,533,3,692.3135888501743,680.0,226.71,572.8333333333334,572.0,100.95,655.5217391304348,625.0,175.4,948.125,913.0,197.63,1013.6742857142856,1104.563,157.53,971.08,865.0,341.59,2023,9501737.0,Alt-Friedrichshagen,,
,,1061,983,906,11,23,55,706,3,236,0,771.1133144475921,700.5,292.42,508.5,479.5,119.57,770.0909090909091,719.0,165.1,1134.0,1134.0,55.15,1450.5813333333335,1154.25,599.0,721.3333333333334,742.0,230.13,2023,9501838.0,Rahnsdorf,,
,,1027,950,900,10,38,39,794,8,479,4,609.4836272040302,550.0,225.4,496.1428571428572,501.0,82.56,611.7916666666666,594.0,146.34,752.1,660.0,265.83,881.0116250000001,868.775,162.98,1003.5333333333332,897.5,393.45,2023,9501939.0,Bahnhofstraße,,
,,341,314,301,0,11,16,273,1,164,1,617.6996336996338,570.0,186.48,,,,604.75,585.5,88.19,717.0,648.5,195.14,828.037,828.037,,774.25,631.5,388.14,2023,9501940.0,Güterbahnhof Köpenick,,
,,386,359,325,5,15,12,292,2,146,1,646.6164383561644,601.0,206.56,583.0,583.0,1.41,595.25,535.5,226.64,638.8333333333334,609.0,120.11,894.7315,894.7315,77.29,1039.5555555555557,747.0,467.59,2023,9501941.0,Friedrichshagener Straße,,
,,422,399,378,4,6,17,337,0,95,0,739.5697329376854,691.0,223.99,560.0,567.0,25.24,703.0,703.0,,693.5,693.5,24.75,,,,810.7272727272727,770.0,238.43,2023,9502042.0,Mittelheide,,
,,1225,1164,1063,16,21,40,954,6,226,4,731.1561844863731,691.0,192.87,617.9166666666666,608.5,105.1,717.3,742.5,140.16,900.0909090909091,784.0,351.31,996.949,861.6635,417.06,1045.5925925925926,841.0,452.28,2023,9502043.0,Dammheide,,
,,697,651,612,6,22,23,566,1,246,1,665.6448763250884,645.0,224.89,434.4,422.0,49.06,783.0833333333334,780.5,97.38,826.25,814.5,123.49,883.597,883.597,,1186.9444444444443,1175.5,352.94,2023,10100101.0,Marzahn West,,
,,530,495,458,6,15,20,425,3,123,3,731.8211764705883,695.0,216.24,611.2,581.0,127.46,803.5454545454545,788.0,166.32,823.1428571428571,803.0,69.17,829.131,832.37,8.63,952.6153846153846,917.0,220.27,2023,10100102.0,Rosenbecker Straße,,
,,1210,1136,1045,11,47,27,949,14,290,3,710.3097997892519,673.0,204.64,546.2222222222222,529.0,101.72,787.3548387096774,729.0,203.13,897.551724137931,877.0,172.07,1051.9675714285715,987.583,275.84,1111.6666666666667,939.0,409.0,2023,10100103.0,Wittenberger Straße,,
,,834,766,707,6,43,25,647,8,139,4,752.7017001545595,726.0,207.02,558.3333333333334,563.0,66.52,786.1428571428571,801.0,113.22,922.4666666666668,846.0,188.61,872.824875,868.6485,79.15,1025.235294117647,942.0,362.63,2023,10100104.0,Golliner Straße,,
,,570,519,479,5,31,20,447,10,158,2,689.1789709172259,644.0,199.77,497.25,482.0,100.06,800.2631578947369,726.0,214.89,766.75,735.5,175.77,1040.5751,988.0835,195.61,1037.9,986.5,391.38,2023,10100205.0,Gewerbegebiet Bitterfelder Straße,,
,,1384,1283,1195,10,60,41,1091,12,384,7,679.6040329972502,643.0,189.65,529.0,533.0,97.13,739.90625,726.0,139.32,785.3684210526316,744.0,118.54,880.6536666666667,882.56,131.62,862.5,750.0,346.44,2023,10100206.0,Wuhletalstraße,,
,,931,865,804,9,39,27,747,7,203,6,693.813922356091,674.0,188.91,512.75,534.5,136.95,764.9130434782609,688.0,208.3,814.875,807.0,122.66,896.3647142857143,803.42,328.01,955.7142857142856,829.5,360.82,2023,10100207.0,Ahrensfelder Berge,,
,,1612,1491,1379,14,56,65,1283,14,522,9,667.4442712392829,626.0,188.51,536.4285714285714,534.0,104.08,715.8387096774194,659.0,233.62,767.5652173913044,734.0,148.56,872.3532142857144,838.9285,157.36,949.32,803.5,426.05,2023,10100208.0,Bürgerpark,,
,,1107,1048,964,9,25,33,900,9,280,5,682.0555555555555,664.0,182.34,548.7777777777778,540.0,98.63,653.5384615384615,634.0,99.32,661.8333333333334,653.0,72.58,939.0455555555556,888.54,253.52,1051.1176470588234,876.0,388.09,2023,10100209.0,Lea-Grundig-Straße,,
,,1562,1470,1377,19,49,43,1264,15,722,14,619.9193037974684,575.0,209.33,457.0,459.5,115.42,583.8,518.0,199.56,674.7083333333334,662.5,156.42,803.8968000000001,801.077,88.73,819.969696969697,670.0,378.77,2023,10100210.0,Marzahner Promenade,,
,,903,783,759,5,56,64,686,20,301,10,645.4431486880467,626.0,202.18,442.25,429.0,30.67,615.3333333333334,592.0,155.55,762.16,725.0,218.16,940.24595,913.055,211.12,1092.977777777778,922.0,507.52,2023,10100311.0,Marzahner Chaussee,,
,,2152,2002,1867,21,72,78,1725,17,1086,10,590.9495652173913,548.0,193.04,500.72222222222223,467.0,122.67,612.6666666666666,596.0,133.63,697.4222222222222,643.0,174.05,836.5735294117649,842.303,152.94,861.24,687.5,438.49,2023,10100312.0,Springpfuhl,,
,,584,546,497,7,15,23,462,4,312,4,587.4285714285714,532.0,212.46,403.7142857142857,409.0,52.63,476.1111111111111,478.0,70.21,890.0,926.0,299.77,786.2239999999999,782.628,41.0,635.375,590.0,263.89,2023,10100313.0,Alt-Marzahn,,
,,688,656,609,14,13,19,566,2,296,2,620.8480565371025,593.0,203.42,511.8888888888889,500.0,96.6,638.8333333333334,595.0,131.85,719.4,672.0,142.03,765.608,765.608,155.25,1124.25,1032.0,596.07,2023,10100314.0,Auersbergstraße,,
,,800,753,698,6,19,28,656,5,288,5,646.5381097560976,613.5,198.16,507.1666666666667,535.5,128.15,642.3,607.5,209.93,702.7777777777778,667.0,98.33,712.4298,675.696,102.09,898.8421052631579,800.0,318.06,2023,10100315.0,Bärenstein,,
,,594,560,523,4,17,16,483,6,193,4,660.0331262939959,637.0,201.57,498.5,492.0,180.5,697.3,613.0,243.34,825.875,649.5,405.61,1026.5784999999998,795.237,477.45,701.8888888888889,630.0,406.22,2023,10100316.0,Landsberger Tor,,
,,925,859,792,6,28,38,723,7,179,5,723.4426002766252,692.0,197.63,593.2,592.0,45.78,635.7857142857143,661.0,172.11,823.6,777.0,312.4,846.0495714285714,833.58,73.16,960.7241379310344,900.0,283.73,2023,10200417.0,Zossener Straße,,
,,763,717,659,8,29,16,593,4,151,2,721.2580101180439,692.0,195.72,636.0,590.5,160.31,612.8571428571429,594.5,154.17,752.7333333333333,722.0,212.17,1037.906,1029.672,262.91,988.5,773.5,449.85,2023,10200418.0,Kyritzer Straße,,
,,404,371,341,4,12,21,309,4,65,2,759.7119741100323,712.0,211.08,495.75,437.0,155.77,640.4285714285714,636.0,167.07,780.4,727.0,212.0,1048.83575,933.7665,308.58,974.9230769230768,902.0,259.74,2023,10200419.0,Havelländer Ring,,
,,978,917,845,9,31,30,760,2,344,2,689.9973684210527,626.5,233.27,481.8333333333333,498.0,54.11,668.1333333333333,575.0,261.66,753.4615384615385,672.0,187.15,801.645,801.645,71.36,847.1,822.5,325.89,2023,10200420.0,Gut Hellersdorf,,
,,602,537,515,5,40,25,461,9,210,5,683.7462039045553,624.0,218.32,491.3333333333333,491.0,42.5,641.0416666666666,603.0,158.63,825.3333333333334,785.0,247.76,964.9852222222222,884.707,196.34,949.8,926.0,379.56,2023,10200421.0,Helle Mitte,,
,,886,841,785,11,24,21,706,4,167,2,750.5538243626062,697.0,214.55,563.0,551.5,80.06,707.7777777777778,650.0,146.93,743.1666666666666,718.5,101.2,1050.53425,913.622,386.5,1014.8461538461538,790.0,387.96,2023,10200422.0,Hellersdorfer Promenade,,
,,645,601,547,6,17,27,489,0,73,0,768.1349693251534,742.0,194.4,565.2,548.0,69.92,768.375,695.5,197.97,799.0,793.0,119.89,,,,938.9285714285714,905.5,369.39,2023,10200423.0,Böhlener Straße,,
,,1329,1258,1168,15,32,39,1060,6,201,3,760.7584905660377,720.0,208.18,637.5,646.5,80.94,742.9375,671.0,308.15,917.6428571428572,846.0,260.96,1032.7211666666667,903.4885,295.51,863.8,743.5,274.62,2023,10200524.0,Adele-Sandrock-Straße,,
,,586,557,521,3,18,11,456,7,107,2,745.5175438596491,693.0,209.73,594.6666666666666,573.0,78.77,758.3571428571429,757.0,187.44,792.3076923076923,712.0,205.32,1043.8882857142858,919.647,324.37,960.8,967.0,199.24,2023,10200525.0,Schleipfuhl,,
,,713,646,598,9,43,24,553,18,214,10,712.8860759493671,648.0,240.29,464.75,474.5,75.0,579.625,557.0,137.01,769.5263157894736,657.0,262.87,892.2334999999999,868.8815,160.74,988.8461538461538,794.0,404.34,2023,10200526.0,Boulevard Kastanienallee,,
,,362,340,320,3,15,7,295,2,194,2,562.3118644067797,489.0,232.16,394.0,394.0,147.08,570.25,562.5,131.12,810.6666666666666,742.5,162.09,724.7465,724.7465,13.3,719.3333333333334,529.0,352.42,2023,10200627.0,Am Kienberg,,
,,678,635,595,5,24,17,533,4,322,3,625.1988742964353,554.0,222.63,487.5,496.5,50.4,575.8571428571429,537.5,150.27,663.6923076923077,582.0,162.61,861.0980000000001,776.863,183.55,661.5833333333334,599.5,147.45,2023,10200628.0,Neue Grottkauer Straße,,
,,1220,1161,1084,23,27,32,964,5,568,3,610.0134854771784,553.5,231.93,450.578947368421,458.0,102.74,584.2,522.5,162.89,899.3333333333334,908.0,210.15,881.9,784.744,206.03,687.952380952381,590.0,313.51,2023,10200629.0,Teterower Ring,,
,,889,837,787,11,24,28,712,10,454,6,617.2092696629213,541.0,242.15,439.9090909090909,432.0,39.67,556.7857142857143,514.0,142.14,921.1666666666666,801.0,303.08,917.027,840.4815000000001,276.22,780.5333333333333,625.0,455.49,2023,10200630.0,Cecilienplatz,,
,,859,826,774,5,7,26,722,0,355,0,627.9515235457063,604.0,177.52,465.5,466.5,48.69,686.3333333333334,674.0,155.87,,,,,,,687.5882352941177,653.0,208.91,2023,10300731.0,Oberfeldstraße,,
,,1357,919,862,21,38,32,803,17,454,11,620.4371108343711,572.0,224.66,542.7647058823529,488.0,189.66,658.4230769230769,635.5,229.14,811.9565217391304,762.0,214.9,915.2696470588236,868.707,262.28,848.0,831.5,373.4,2023,10300732.0,Buckower Ring,,
,,815,759,722,13,21,34,673,7,228,5,668.444279346211,649.0,197.52,584.7272727272727,610.0,121.48,775.8666666666667,718.0,303.53,800.9,739.0,246.85,827.4804285714284,877.48,112.64,944.7222222222222,813.0,435.87,2023,10300733.0,Alt-Biesdorf,,
,,1023,976,919,11,14,33,848,6,169,3,742.8679245283018,728.5,194.4,606.0,543.0,93.1,799.8333333333334,588.5,487.16,839.125,797.5,236.27,875.9433333333335,902.7285,118.0,935.7272727272727,839.0,299.02,2023,10300734.0,Biesdorf Süd,,
,,582,539,501,7,15,28,461,4,214,2,676.7874186550977,622.0,239.3,514.8333333333334,479.0,91.22,606.375,599.0,132.13,783.6666666666666,816.5,118.55,1038.3215,1034.338,199.06,787.5263157894736,713.0,205.09,2023,10400835.0,Kaulsdorf Nord,,
,,909,634,590,8,36,32,527,9,256,5,651.3681214421252,605.0,250.2,533.8571428571429,523.0,174.44,578.7391304347826,552.0,122.94,858.8421052631579,826.0,193.24,906.8818888888889,866.337,141.22,695.1923076923077,637.5,288.09,2023,10400836.0,Alt-Kaulsdorf,,
,,752,698,663,10,17,37,585,4,120,3,756.0495726495726,745.0,212.76,699.75,664.0,134.54,528.7857142857143,539.5,175.99,896.0,895.5,138.38,957.04825,871.4749999999999,235.05,914.3529411764706,786.0,366.85,2023,10400837.0,Kaulsdorf Süd,,
,,840,797,760,8,20,23,678,6,65,0,842.6504424778761,806.5,229.07,738.6666666666666,739.0,197.87,850.0,820.5,279.64,1009.4444444444443,862.0,317.11,1183.6888333333334,1128.6155,165.66,834.4285714285714,871.5,161.4,2023,10400938.0,Mahlsdorf Nord,,
,,535,498,471,5,16,21,415,1,100,0,751.122891566265,703.0,221.37,573.5,598.0,108.79,547.7777777777778,577.0,165.88,906.0,859.0,141.48,1049.41,1049.41,,827.3,784.5,157.33,2023,10400939.0,Alt-Mahlsdorf,,
,,500,465,441,8,8,27,387,2,51,0,814.7209302325581,808.0,194.06,652.8571428571429,675.0,123.48,666.6666666666666,674.0,24.83,938.0,938.0,,1027.7685,1027.7685,21.13,832.125,767.0,257.76,2023,10400940.0,Elsensee,,
,,617,576,544,13,10,31,485,2,38,0,848.2494845360825,813.0,219.32,703.5833333333334,685.0,115.06,669.5,676.5,92.81,1171.3333333333333,1047.0,382.95,986.6895,986.6895,21.48,1053.0588235294117,975.0,283.44,2023,10400941.0,Pilgramer Straße,,
,,407,361,342,9,16,30,310,1,121,0,680.1193548387097,668.5,226.15,550.6666666666666,550.0,154.68,754.0,721.0,330.36,747.0,736.0,126.86,921.414,921.414,,964.1666666666666,948.5,422.22,2023,11100101.0,Dörfer Malchow-Wartenberg,,
,,359,345,313,2,9,5,289,0,121,0,684.5847750865051,664.0,250.04,442.5,442.5,133.64,905.75,921.5,85.43,831.0,831.0,,,,,985.3333333333334,718.0,620.79,2023,11100102.0,Dorf Falkenberg,,
,,967,912,854,7,34,21,770,13,359,7,669.1012987012987,611.0,209.82,592.0,578.0,109.96,783.5217391304348,775.0,229.57,924.0588235294116,910.0,127.12,914.8402307692306,842.583,179.66,1097.6923076923076,1137.0,383.25,2023,11100203.0,Falkenberg Ost,,
,,934,862,794,11,27,45,722,10,263,7,699.9930747922438,650.5,224.58,583.8,542.0,126.83,688.9285714285714,748.5,147.71,911.4166666666666,907.5,120.29,894.0258999999999,871.0129999999999,122.14,945.6363636363636,880.5,367.07,2023,11100204.0,Falkenberg West,,
,,747,706,653,10,16,25,580,3,234,1,680.1344827586207,636.0,215.49,528.7777777777778,526.0,98.32,792.2857142857143,830.0,252.59,889.7777777777778,870.0,81.73,1003.8046666666664,968.674,243.5,1010.2222222222222,884.5,359.37,2023,11100205.0,Wartenberg Süd,,
,,955,895,835,10,37,23,748,4,266,2,688.2045454545455,660.5,226.04,583.75,561.5,114.42,803.3809523809524,784.0,162.17,925.6666666666666,873.5,195.27,1086.21575,1048.9915,309.02,966.3333333333334,912.5,367.84,2023,11100206.0,Wartenberg Nord,,
,,1649,1551,1444,17,46,51,1311,14,261,4,738.8032036613272,706.0,196.89,566.4,547.0,126.26,806.1071428571429,771.5,252.54,918.0909090909092,889.0,133.12,978.8312142857142,1001.315,135.63,1049.8285714285714,1006.0,321.01,2023,11100307.0,Zingster Straße Ost,,
,,1234,1137,1053,12,39,58,965,13,250,7,718.2725388601036,680.0,205.38,607.4,604.5,194.93,697.8888888888889,709.0,167.74,856.3125,870.0,143.8,925.2344615384616,893.94,127.92,977.6,886.0,292.84,2023,11100308.0,Zingster Straße West,,
,,820,779,686,7,16,25,628,3,182,3,723.124203821656,673.0,220.82,486.75,476.0,62.98,676.0,692.0,102.86,833.5,825.0,92.36,836.4903333333333,837.317,61.78,944.8333333333334,925.5,409.21,2023,11100309.0,Mühlengrund,,
,,1195,1120,1023,12,31,44,923,10,318,7,691.5752979414951,664.0,208.29,528.0,534.0,85.17,638.375,643.5,114.6,793.421052631579,789.0,132.72,870.9997000000001,792.1545,199.85,902.2142857142856,782.5,331.21,2023,11200410.0,Malchower Weg,,
,,1158,1052,980,10,61,45,885,27,403,24,639.2237288135593,626.0,208.64,485.0,526.0,137.67,627.7391304347826,610.0,195.0,778.9722222222222,738.0,127.86,771.8558888888888,726.703,130.24,1019.0,1114.0,325.59,2023,11200411.0,Hauptstraße,,
,,743,699,654,6,27,17,605,15,232,10,664.7190082644628,636.0,207.86,529.1666666666666,539.5,104.62,628.3684210526316,603.0,101.29,764.9375,708.0,255.17,823.5491999999998,827.347,133.27,936.1428571428572,929.0,303.41,2023,11200512.0,Orankesee,,
,,955,896,840,13,26,33,770,10,408,7,633.8779220779221,589.0,211.3,463.6666666666667,455.5,103.37,624.7222222222222,608.5,95.2,808.05,770.5,137.98,868.6424000000001,829.9670000000001,178.92,1002.0384615384615,920.5,401.81,2023,11200513.0,Große-Leege-Straße,,
,,2038,1878,1739,26,66,94,1579,28,817,22,637.4249525015833,592.0,203.32,512.24,502.0,118.03,647.6756756756756,610.0,122.11,778.7222222222222,773.5,143.31,808.8150714285713,781.8335,165.02,975.5230769230768,894.0,332.98,2023,11200514.0,Landsberger Allee,,
,,428,403,373,4,14,10,348,5,172,4,631.3448275862069,602.0,199.01,495.3333333333333,437.0,128.82,663.1,616.0,179.66,733.3333333333334,730.5,146.31,808.8836,792.944,149.37,824.5555555555555,818.0,361.89,2023,11200515.0,Weiße Taube,,
,,887,820,745,10,31,36,688,10,335,10,649.4796511627907,604.5,215.56,495.4,514.0,102.73,602.6428571428571,569.0,107.98,763.9047619047619,750.0,160.3,763.6596999999999,768.8145,58.64,1017.4782608695652,908.0,359.28,2023,11300616.0,Hohenschönhausener Straße,,
,,930,890,844,7,24,14,779,11,290,9,690.9204107830552,648.0,225.35,636.6,621.0,101.15,588.0,575.0,100.52,799.6923076923077,733.0,196.14,874.9,853.79,185.6,1031.0,891.0,372.13,2023,11300617.0,Fennpfuhlpark,,
,,601,568,529,9,20,13,499,7,274,5,616.9539078156313,580.0,187.54,461.3333333333333,440.0,66.83,575.75,544.5,148.66,730.2857142857143,717.5,116.8,826.2871428571428,703.813,208.15,884.2727272727273,657.0,352.6,2023,11300618.0,Storkower Bogen,,
,,926,872,784,11,24,30,717,8,408,6,622.555090655509,572.0,218.87,488.3636363636364,428.0,98.41,618.5,545.0,165.7,763.5,794.0,168.24,802.753,820.5155,125.48,1038.6,708.0,518.07,2023,11300619.0,Rudolf-Seiffert-Park,,
,,1395,1318,1235,12,38,38,1119,4,674,4,596.1581769436997,545.0,213.64,403.0,381.0,47.9,571.35,551.5,156.2,825.75,780.5,168.97,787.05575,836.8765,104.53,988.9375,969.5,397.21,2023,11300620.0,Fennpfuhl Ost,,
,,1737,1225,1152,13,137,57,1041,61,482,50,630.7156580211335,617.0,209.33,490.25,462.5,126.64,613.0519480519481,639.0,130.57,761.5068493150685,726.0,200.55,805.5359672131145,780.66,138.6,896.6153846153846,703.0,475.7,2023,11300721.0,Herzbergstraße,,
,,1817,1710,1630,17,63,44,1493,21,947,18,586.901540522438,530.0,219.36,467.0769230769231,442.0,93.4,599.3055555555555,561.0,162.53,768.5172413793103,797.0,165.73,905.7767142857142,821.157,433.59,967.7222222222222,897.0,481.06,2023,11300722.0,Rathaus Lichtenberg,,
,,285,233,215,3,49,3,202,15,128,10,577.9455445544554,496.0,239.62,340.5,340.5,33.23,590.3529411764706,505.0,165.54,749.8947368421053,789.0,140.91,863.6358000000001,826.614,134.97,949.5,949.5,603.16,2023,11300723.0,Bornitzstraße,,
,,543,513,485,7,12,18,440,5,266,3,600.2409090909091,537.5,202.33,441.8,443.0,51.66,543.8571428571429,512.0,106.52,865.1666666666666,824.0,141.91,958.355,871.84,354.39,941.6153846153846,783.0,539.36,2023,11300724.0,Roedeliusplatz,,
,,1400,959,884,16,49,28,804,9,525,5,586.723880597015,522.0,214.07,484.4166666666667,460.0,185.43,578.0357142857143,516.0,146.17,889.0416666666666,877.0,121.54,891.6908888888888,896.337,106.29,1033.0,743.0,539.07,2023,11300725.0,Nibelungenviertel,,
,,1610,1497,1414,10,67,46,1307,23,592,17,662.2111706197398,622.0,215.68,547.3333333333334,551.0,70.45,655.4722222222222,617.5,153.42,851.2068965517242,857.0,170.18,849.9355652173913,823.477,130.02,872.0384615384615,795.0,299.13,2023,11300826.0,Frankfurter Allee Süd,,
,,313,268,257,2,28,17,231,16,103,11,681.3030303030303,633.0,244.02,436.0,436.0,,627.5,583.0,177.91,768.9333333333333,705.0,193.19,858.5517500000001,862.9435000000001,139.16,925.1538461538462,863.0,363.49,2023,11400927.0,Victoriastadt,,
,,271,245,227,1,9,17,201,3,63,2,704.3383084577115,695.0,218.54,877.0,877.0,,820.2,757.0,145.76,788.5,762.0,57.78,866.7600000000001,766.11,176.01,956.2222222222222,916.0,317.54,2023,11400928.0,Nöldnerplatz,,
,,1414,1311,1215,15,43,60,1105,9,420,7,668.4941176470588,651.0,211.74,523.0769230769231,477.0,150.51,744.4166666666666,678.0,183.21,844.3846153846154,843.0,119.25,818.2022222222221,779.4,101.93,1158.081081081081,1156.0,442.29,2023,11400929.0,Weitlingkiez,,
,,441,417,374,3,14,10,346,3,117,2,671.1242774566474,663.0,182.8,635.6666666666666,654.0,33.5,655.7,630.5,86.34,770.5,776.5,119.26,823.3066666666667,774.66,91.77,1052.0,858.0,574.63,2023,11400930.0,Zachertstraße,,
,,833,780,737,12,29,24,672,15,259,9,664.1041666666666,631.5,192.1,557.8888888888889,520.0,80.22,710.0,680.0,127.28,822.5,797.5,142.74,885.9078000000001,799.44,209.67,1405.3333333333333,1641.5,466.77,2023,11400931.0,Massower Straße,,
,,953,892,846,5,25,36,760,9,247,6,689.8144736842105,672.0,191.5,639.75,576.5,227.55,758.6363636363636,732.0,92.9,835.0,812.0,254.85,840.3214444444444,867.663,82.63,1032.590909090909,890.5,513.97,2023,11401032.0,Rosenfelder Ring,,
,,726,679,648,8,18,29,602,4,135,3,727.6445182724252,701.5,209.08,585.5,572.0,192.04,743.6666666666666,737.0,72.32,786.8461538461538,769.0,73.94,807.4002499999999,780.3720000000001,74.44,1135.2727272727273,970.0,427.18,2023,11401033.0,Gensinger Straße,,
,,590,554,510,4,15,21,455,6,148,6,695.632967032967,671.0,190.07,649.3333333333334,651.0,71.51,741.25,713.0,108.0,792.875,718.0,170.92,736.7125000000001,728.1685,85.19,1019.125,851.0,410.78,2023,11401034.0,Tierpark,,
,,1502,1398,1279,17,42,62,1142,9,481,3,688.1243432574431,648.0,214.09,561.4545454545455,569.0,105.66,731.0,635.5,178.29,931.4285714285714,933.0,124.6,1011.6737777777778,934.953,238.72,1011.025641025641,841.0,409.55,2023,11401135.0,Dolgenseestraße,,
,,1099,1062,983,13,22,15,889,8,306,4,697.5163104611923,678.0,201.16,580.8461538461538,571.0,98.86,666.3846153846154,729.0,175.64,797.6428571428571,817.5,138.16,930.9105,916.5415,157.11,937.1,812.5,369.48,2023,11401136.0,Volkradstraße,,
,,1212,1128,1060,12,41,43,974,16,322,7,695.2731006160164,664.0,197.4,639.9090909090909,609.0,94.45,707.5833333333334,658.0,117.48,871.6363636363636,873.0,130.26,939.21325,918.505,126.18,926.1111111111112,809.0,342.45,2023,11401137.0,Erieseering,,
,,607,530,505,5,27,50,457,9,149,2,702.472647702407,682.0,212.82,487.0,481.5,190.5,722.5,678.5,264.07,951.6923076923076,889.0,221.27,1018.6105555555556,1004.0,149.1,1053.6764705882354,943.5,382.66,2023,11501238.0,Rummelsburg,,
,,841,776,719,8,31,33,611,10,284,3,679.3371522094926,627.0,257.37,536.0,538.0,99.5,727.0666666666667,663.0,294.73,928.4615384615385,905.0,171.3,983.2738,988.221,116.82,946.1363636363636,826.5,505.77,2023,11501339.0,Karlshorst West,,
,,1078,1018,967,5,26,34,852,5,345,0,705.9178403755868,652.0,248.56,516.25,543.5,124.18,623.1428571428571,621.5,176.49,966.9,945.0,132.4,1141.8256,942.963,366.14,1009.9,934.0,373.14,2023,11501340.0,Karlshorst Nord,,
,,787,725,672,4,33,29,591,5,221,2,706.9966159052453,664.0,253.39,519.5,519.5,37.48,740.5714285714286,744.0,265.34,805.5,785.0,122.74,1052.334,919.24,303.34,945.0,718.0,427.33,2023,11501341.0,Karlshorst Süd,,
,,1401,1290,1193,18,45,66,1086,12,477,10,663.231123388582,623.0,202.93,555.2142857142857,561.0,107.35,632.9230769230769,655.0,98.86,744.5,735.0,136.22,754.5255833333334,732.778,123.61,889.2407407407408,838.0,322.92,2023,12100101.0,Letteplatz,,
,,1365,1303,1220,20,31,31,1113,10,345,8,694.3495058400719,666.0,196.32,612.2777777777778,589.5,166.59,707.7826086956521,690.0,79.29,856.0,816.0,151.44,790.5035999999999,753.62,143.48,951.72,894.0,350.7,2023,12100102.0,Hausotterplatz,,
,,1158,1094,1026,11,32,32,930,5,388,5,661.6569892473118,633.0,199.28,569.4444444444445,555.0,115.33,637.0,608.0,82.02,846.0,762.0,244.19,721.3316,708.367,86.5,786.75,684.5,291.01,2023,12100103.0,Breitkopfbecken,,
,,1490,1357,1302,21,67,66,1176,28,615,25,629.2721088435375,592.0,198.29,501.625,484.0,114.1,609.4545454545455,590.5,164.93,766.2051282051282,697.0,252.72,745.7119285714286,724.7370000000001,105.79,850.574074074074,815.5,281.54,2023,12100204.0,Schäfersee,,
,,2429,2249,2126,27,92,87,1900,31,998,29,634.8052631578947,590.0,216.16,526.8571428571429,501.0,150.16,588.7735849056604,572.0,112.19,744.44,736.0,166.07,777.0120000000001,741.196,140.35,812.0153846153846,708.0,339.32,2023,12100205.0,Teichstraße,,
,,509,488,457,5,7,14,406,2,177,2,657.7931034482758,624.5,216.23,582.25,605.5,121.0,738.6666666666666,768.0,56.08,838.0,838.0,113.14,823.3615,823.3615,58.87,948.6,913.5,350.05,2023,12100206.0,Humboldtstraße,,
,,483,459,421,2,10,14,380,4,183,2,650.5131578947369,605.5,196.17,584.0,584.0,74.95,731.3333333333334,654.0,192.06,659.1666666666666,645.5,114.16,868.5224999999999,877.6500000000001,99.65,676.8181818181819,678.0,74.29,2023,12200307.0,Reinickes Hof,,
,,753,715,673,8,15,23,626,5,219,3,685.7412140575079,653.5,200.54,579.25,624.5,127.29,657.9090909090909,697.0,224.9,772.8888888888889,708.0,150.49,856.8435999999999,853.67,111.06,873.5555555555555,858.5,295.73,2023,12200308.0,Mellerbogen,,
,,1748,1631,1558,15,71,46,1403,38,638,36,648.2858161083393,617.0,195.35,506.5384615384616,505.0,48.38,652.377358490566,645.0,103.46,745.4423076923077,718.5,118.61,733.9380526315789,713.2249999999999,84.04,804.8974358974359,727.0,217.64,2023,12200309.0,Scharnweberstraße,,
,,1032,972,892,8,28,32,802,8,341,5,674.2643391521196,637.0,210.32,570.6666666666666,568.0,39.58,764.8181818181819,685.0,311.54,751.3846153846154,770.0,130.93,936.688,857.3720000000001,294.9,987.4814814814816,1025.0,298.09,2023,12200310.0,Klixstraße,,
,,81,70,70,0,2,9,54,0,21,0,744.5370370370371,651.5,310.18,,,,863.0,863.0,,,,,,,,852.0,676.0,348.14,2023,12200411.0,Schumacher-Quartier,,
,,852,758,716,13,51,43,647,14,259,3,688.1221020092736,650.0,241.38,556.4444444444445,506.0,189.75,680.12,627.0,198.97,849.0,789.0,185.43,995.6555,932.0685,152.45,947.6785714285714,835.0,369.89,2023,12200412.0,Waldidyll/Flughafensee,,
,,906,852,777,12,21,33,705,9,343,6,653.2354609929077,606.0,217.12,469.77777777777777,497.0,129.33,610.8461538461538,562.0,161.65,892.5,775.5,394.15,821.5886666666667,841.203,119.0,915.1304347826087,886.0,379.82,2023,12200413.0,Tegel Süd,,
,,1182,1136,1067,10,22,24,978,10,206,7,790.7126789366054,762.5,245.19,567.1666666666666,540.0,108.83,762.5384615384615,784.0,344.44,1013.7272727272727,931.0,285.76,884.3190999999999,873.517,94.88,1138.45,1040.5,432.74,2023,12200414.0,TXL,,
,,2540,2355,2236,29,82,84,1999,27,1034,20,612.7368684342171,579.0,258.59,389.08,397.0,109.24,503.2682926829268,442.0,160.81,834.4230769230769,850.0,223.39,835.1623703703704,819.587,117.69,883.4745762711865,847.0,410.89,2023,12200515.0,Alt-Tegel,,
,,649,613,566,4,10,26,472,3,304,0,606.7796610169491,526.5,264.56,340.5,340.5,92.63,658.8333333333334,656.5,76.99,1130.0,1193.0,169.52,1169.771,1179.25,26.31,800.3076923076923,795.0,379.24,2023,12400616.0,Konradshöhe/Tegelort,,
,,602,565,519,16,13,24,456,2,42,0,804.2872807017544,764.0,211.01,693.3571428571429,679.5,140.45,776.9090909090909,792.0,205.31,1164.142857142857,1192.0,149.2,1261.685,1261.685,164.72,1053.625,875.5,387.24,2023,12400617.0,Alt-Heiligensee,,
,,468,436,411,6,14,18,361,2,43,1,831.9058171745153,818.0,232.57,746.0,720.5,154.24,1000.0,1023.0,247.9,879.0,879.0,,1141.1165,1141.1165,341.9,1090.6,1042.0,428.12,2023,12400618.0,Heiligensee Nord,,
,,783,741,691,9,11,31,614,2,95,1,772.7622149837133,743.0,207.66,539.2,563.0,141.07,861.2,946.0,240.28,1178.5,1178.5,372.65,1083.67,1083.67,369.28,993.2307692307692,927.0,355.82,2023,12400619.0,Heiligensee,,
,,800,750,695,19,12,37,581,1,195,0,711.9896729776248,656.0,228.18,612.7142857142857,597.0,146.91,857.0,824.5,200.62,1031.0,992.0,119.38,973.897,973.897,,1253.2941176470588,1341.0,471.89,2023,12400720.0,Frohnau West,,
,,830,783,729,13,11,36,591,2,263,1,679.8680203045685,630.0,258.96,536.6363636363636,491.0,164.38,718.6666666666666,676.0,148.42,1014.3333333333334,1014.0,199.5,932.443,932.443,65.54,986.8888888888888,925.5,335.84,2023,12400721.0,Frohnau Ost,,
,,1074,761,696,12,12,37,626,1,405,0,587.6485623003194,530.0,239.83,444.1,434.0,55.05,503.6666666666667,475.0,81.31,802.75,843.0,88.0,1152.807,1152.807,,960.095238095238,955.0,487.84,2023,12400722.0,Hermsdorf West,,
,,758,705,664,8,19,34,575,4,335,2,627.4469565217391,566.0,248.66,450.2857142857143,475.0,91.35,614.0,553.0,294.67,876.2857142857143,808.0,160.23,979.70725,908.423,163.46,888.9166666666666,875.5,376.64,2023,12400723.0,Hermsdorf Ost/Waldsee,,
,,1250,1170,1090,12,35,45,990,7,492,4,646.5282828282828,605.0,226.19,394.0,388.0,30.27,649.8666666666667,575.0,187.7,772.8,747.5,186.02,958.924142857143,890.19,240.92,932.7631578947368,937.5,326.84,2023,12500824.0,Ziekowstraße/Freie Scholle,,
,,908,817,772,11,59,32,687,21,336,12,659.0844250363901,606.0,214.03,537.4545454545455,474.0,139.24,630.09375,579.0,241.44,785.625,728.0,164.93,946.6000476190476,850.603,302.2,926.64,846.0,316.29,2023,12500825.0,Borsigwalde,,
,,1275,1214,1158,14,41,20,1026,9,573,7,603.4278752436647,562.0,229.54,509.2307692307692,482.0,123.96,550.0,517.0,120.89,796.4117647058823,822.0,121.45,837.6444444444444,822.316,77.26,707.6,677.0,302.26,2023,12500926.0,Wittenau Süd,,
,,1372,933,869,10,40,27,782,16,359,6,664.2135549872123,615.0,247.39,589.5714285714286,549.0,87.05,816.0909090909091,690.0,282.92,819.0,756.0,201.87,917.28375,907.4865,128.21,854.1739130434783,788.0,307.63,2023,12500927.0,Wittenau Nord,,
,,583,531,506,6,19,33,456,3,262,1,618.3508771929825,563.5,217.45,454.8,454.0,74.15,517.8333333333334,494.0,125.17,736.2,749.0,33.11,1002.0676666666668,939.65,191.45,967.047619047619,942.0,355.83,2023,12500928.0,Waidmannslust,,
,,433,394,378,8,15,24,337,1,56,1,778.2818991097923,721.0,222.91,609.5,607.0,73.19,708.5,705.0,130.95,937.5,937.5,74.25,868.027,868.027,,989.3529411764706,947.0,302.74,2023,12500929.0,Lübars,,
,,1876,1795,1641,22,33,47,1447,9,686,6,662.9177608845888,619.0,254.27,530.0666666666667,502.0,213.14,577.4285714285714,512.0,242.26,823.4615384615385,721.0,194.99,916.0585555555556,836.007,262.43,883.2972972972973,768.0,377.04,2023,12500930.0,Wittenau Mitte,,
,,418,384,359,12,22,12,318,9,162,5,638.9591194968554,596.5,201.3,527.0,521.5,134.9,653.8181818181819,587.0,133.25,1001.25,889.0,286.82,925.3935555555556,835.86,239.82,1051.909090909091,992.0,426.92,2023,12601031.0,Lübarser Straße,,
,,839,787,738,10,22,30,658,7,275,6,678.677811550152,628.0,200.21,634.6,630.0,174.58,635.1428571428571,626.0,75.91,703.2,731.0,78.29,807.2198571428572,816.357,74.7,833.3478260869565,826.0,193.86,2023,12601032.0,Rollbergesiedlung,,
,,1572,1468,1374,12,57,47,1216,22,308,14,763.000822368421,721.5,227.49,623.0,619.0,120.65,716.3030303030303,724.0,167.72,1007.7741935483872,968.0,188.69,890.5255454545455,862.5899999999999,249.9,881.0,847.5,217.75,2023,12601133.0,Treuenbrietzener Straße,,
,,2657,2487,2324,24,72,53,2061,32,515,20,770.388161086851,735.0,246.08,588.0555555555555,559.5,173.14,664.1276595744681,641.0,168.21,953.4242424242424,909.0,215.39,893.0889375,882.332,126.04,842.4871794871794,798.0,254.32,2023,12601134.0,Märkisches Zentrum,,
,,1192,1130,1049,8,28,34,933,7,340,6,721.2293676312969,689.0,242.2,540.0,544.0,148.36,677.7272727272727,627.0,184.11,940.0,930.0,86.46,840.9388571428573,847.633,103.74,858.5384615384615,785.5,315.35,2023,12601235.0,Dannenwalder Weg,,
,,376,357,344,6,4,15,293,0,156,0,646.4232081911263,586.0,242.5,519.6,476.0,115.37,697.0,697.0,,,,,,,,685.4545454545455,618.0,200.44,2023,12601236.0,Schorfheidestraße,,
,,25466,21567,20612,178,1756,1009,18384,1111,10041,950,617.8,582.0,220.61,473.9,457.0,125.93,583.32,583.5,127.29,720.55,706.0,159.84,774.78,744.43,180.12,928.57,825.0,401.0,2023,,,110.0,Zentrum
,,14140,12942,12182,106,710,486,10865,343,5854,309,620.28,582.0,216.98,480.89,478.5,103.66,558.02,525.0,179.92,720.03,702.5,171.27,766.79,757.6,147.81,867.58,807.0,365.6,2023,,,120.0,Moabit
,,11433,10244,9641,110,455,488,8648,148,4628,126,622.91,586.0,218.18,454.54,447.0,105.53,576.99,548.0,173.2,716.45,704.5,153.3,748.65,734.68,163.12,894.9,757.5,411.9,2023,,,130.0,Gesundbrunnen
,,16083,13664,12786,157,524,547,11487,171,6811,141,599.39,557.0,210.36,462.5,446.5,135.4,596.24,562.5,185.76,767.61,751.5,174.0,784.55,763.07,183.86,868.87,764.5,388.32,2023,,,140.0,Wedding
,,7295,6468,6104,54,440,386,5456,158,3321,135,589.34,551.0,199.53,438.95,430.0,103.87,569.8,547.5,143.19,713.15,711.0,125.99,784.39,766.66,132.45,819.14,685.0,366.16,2023,,,210.0,Kreuzberg Nord
,,8161,6955,6591,78,361,330,5832,122,3482,109,597.44,557.0,208.08,451.07,422.0,163.21,545.13,532.0,148.25,721.62,689.0,147.08,771.07,742.53,150.77,819.37,695.0,364.81,2023,,,220.0,Kreuzberg Süd
,,6805,6268,5965,74,265,271,5239,64,3482,57,569.61,523.0,216.09,415.73,392.5,144.47,541.94,509.0,159.6,727.25,684.5,199.9,697.81,658.87,145.3,844.11,765.0,397.55,2023,,,230.0,Kreuzberg Ost
,,9128,7936,7465,79,380,299,6694,168,4147,133,585.88,549.0,210.78,443.69,449.0,86.99,554.03,522.0,154.22,724.72,698.0,186.15,797.47,739.58,222.58,966.21,902.5,423.41,2023,,,240.0,Friedrichshain West
,,9145,8411,8031,61,396,337,7154,123,3842,99,618.83,586.5,198.02,504.98,483.5,152.96,582.39,554.0,173.22,708.34,689.0,165.62,792.11,756.19,226.76,923.77,800.0,411.5,2023,,,250.0,Friedrichshain Ost
,,2866,2409,2233,19,87,99,1777,28,845,13,678.56,612.0,249.55,537.27,526.0,86.97,734.25,751.0,167.18,822.72,799.5,155.35,957.89,920.63,168.81,916.07,923.5,275.28,2023,,,310.0,Buch
,,4520,4241,3963,60,122,153,3491,28,1042,18,730.83,684.0,228.77,535.07,522.5,148.84,647.07,592.5,219.44,848.23,798.5,237.96,882.54,860.17,268.43,837.46,753.0,371.67,2023,,,320.0,Nördliches Pankow
,,3887,3639,3347,44,101,147,2925,30,1291,22,676.58,627.0,231.97,520.31,522.0,111.67,653.69,632.5,160.11,810.11,745.0,259.8,848.69,793.91,220.36,896.14,781.0,366.01,2023,,,330.0,Nördliches Weißensee
,,9894,8827,8286,107,318,408,7400,88,3107,68,675.57,638.0,223.11,515.24,505.0,115.57,626.41,615.0,155.84,782.18,754.5,207.28,803.63,760.28,197.25,897.72,814.0,391.39,2023,,,340.0,Südliches Pankow
,,6741,5828,5426,60,215,313,4971,62,2517,33,639.58,598.0,213.22,525.75,506.0,96.68,575.48,539.0,178.85,686.44,665.0,193.74,899.96,876.25,216.91,754.12,666.5,319.06,2023,,,350.0,Südliches Weißensee
,,10845,9834,9258,100,489,519,8347,120,3861,105,647.99,617.0,208.67,506.01,504.5,116.64,620.9,603.0,158.96,739.07,721.5,172.75,774.59,750.24,139.23,927.57,879.0,367.2,2023,,,360.0,Nördlicher Prenzlauer Berg
,,4927,4492,4238,40,207,226,3790,63,1937,58,629.73,596.0,213.31,488.82,496.5,101.18,583.64,560.0,140.26,682.94,667.0,178.9,731.75,708.02,132.21,913.61,845.0,391.7,2023,,,370.0,Südlicher Prenzlauer Berg
,,3141,2890,2699,33,109,140,2414,21,864,16,684.15,660.0,212.58,586.4,565.0,144.96,661.9,642.0,226.2,761.71,728.5,196.04,818.37,805.07,83.45,940.98,837.5,333.82,2023,,,410.0,Charlottenburg Nord
,,7234,6113,5785,70,212,284,5147,85,1950,69,689.42,658.0,234.82,507.33,515.0,107.57,660.37,616.5,188.65,782.43,762.0,199.8,843.18,806.1,201.94,975.14,889.0,403.48,2023,,,420.0,Charlottenburg West
,,14718,13221,12457,134,652,645,11191,256,6455,230,603.11,564.0,214.1,445.37,431.5,106.13,554.4,527.0,145.82,662.37,641.0,152.08,720.15,702.36,148.96,844.45,765.0,342.85,2023,,,430.0,Charlottenburg Zentrum
,,6679,5933,5554,71,184,258,4965,56,2015,49,661.9,635.0,190.46,538.91,550.5,114.32,650.85,648.5,127.07,766.54,753.0,138.38,778.46,772.13,106.32,966.66,912.0,364.12,2023,,,440.0,Wilmersdorf Süd
,,17264,15238,14378,167,852,810,12857,429,8247,402,583.71,541.0,208.77,437.68,431.0,88.51,508.61,485.0,123.33,660.32,647.0,143.55,719.04,696.4,232.51,768.13,681.0,331.8,2023,,,450.0,Wilmersdorf Zentrum
,,16053,14241,13260,171,492,551,11678,127,5519,78,645.53,611.0,213.49,530.33,511.0,128.56,669.7,648.0,183.46,756.58,729.5,226.6,883.29,852.53,200.71,987.12,865.0,407.31,2023,,,510.0,Spandau Mitte / Nord
,,12185,11312,10596,120,403,460,9279,131,4094,83,659.56,626.0,212.25,525.64,511.0,118.11,639.94,612.0,160.46,726.06,704.0,190.91,897.91,866.4,212.45,939.95,844.0,396.55,2023,,,520.0,Wilhelmstadt / Staaken
,,4433,4027,3799,35,187,218,3399,77,1594,39,645.15,616.0,218.57,466.08,442.0,127.74,749.86,755.0,160.28,797.2,790.0,187.89,907.03,899.47,136.9,1045.56,1003.5,333.88,2023,,,530.0,Haselhorst / Siemensstadt
,,2139,1743,1629,27,52,91,1241,15,565,2,690.11,619.0,264.44,573.82,551.0,118.97,742.67,766.0,183.51,1048.69,997.0,237.26,1094.38,1072.88,178.04,963.78,933.0,302.55,2023,,,540.0,Gatow / Kladow
,,8165,7611,7167,76,253,298,6403,67,3624,56,603.9,568.0,203.5,465.53,450.0,116.61,565.29,534.0,150.78,761.85,744.0,179.83,819.45,787.77,133.32,934.97,922.5,400.22,2023,,,610.0,Steglitz
,,9951,9039,8461,121,213,279,7516,56,3307,28,660.08,625.0,211.44,546.69,537.0,120.65,693.69,657.0,187.71,797.86,776.0,157.03,890.85,896.79,134.05,946.35,808.0,423.01,2023,,,620.0,Lankwitz/Lichterfelde Ost
,,9419,8194,7642,107,271,305,6789,94,2837,58,672.59,635.0,214.02,525.9,502.0,131.99,663.72,631.0,135.81,779.03,745.0,186.71,872.24,846.06,185.18,937.68,815.5,400.12,2023,,,630.0,Zehlendorf Süd/Lichterfelde West
,,8241,7237,6810,95,262,339,5952,65,2260,32,694.58,652.0,225.36,514.08,516.0,102.53,727.65,686.5,215.78,842.58,801.0,257.84,930.6,907.47,200.5,996.04,889.0,398.66,2023,,,640.0,Zehlendorf Nord/Wannsee
,,6651,6136,5794,52,253,261,5145,88,3024,81,607.82,566.0,202.16,505.97,492.0,110.83,549.17,528.0,117.21,692.59,667.5,141.21,751.06,746.27,125.21,804.52,757.0,295.52,2023,,,710.0,Schöneberg Nord
,,6177,5683,5343,50,231,261,4874,79,3161,71,577.29,538.0,200.99,448.3,436.0,155.2,537.62,519.5,129.61,700.06,680.0,157.4,790.79,732.35,287.57,862.43,804.0,357.71,2023,,,720.0,Schöneberg Süd
,,5060,4033,3773,45,173,221,3368,61,1940,56,605.6,571.0,200.32,447.57,451.0,93.21,598.14,584.0,131.0,716.62,698.0,143.26,737.75,710.6,119.85,911.1,858.5,338.35,2023,,,730.0,Friedenau
,,9962,8484,7904,73,441,393,7189,155,3925,124,615.97,579.0,215.06,442.75,438.5,123.28,592.57,556.0,176.03,725.85,717.0,174.46,811.06,779.56,178.16,937.16,846.5,412.46,2023,,,740.0,Tempelhof
,,7280,6890,6412,72,172,217,5839,64,3285,51,615.86,575.0,207.22,470.63,474.0,95.13,620.8,593.0,132.36,779.41,769.0,149.43,820.19,813.46,110.94,990.85,847.0,433.83,2023,,,750.0,Mariendorf
,,10453,9881,9169,119,250,321,8031,65,2911,17,711.21,667.0,232.86,580.91,584.0,131.15,741.55,725.0,210.86,879.1,898.5,171.03,1030.53,988.9,238.83,1040.44,933.0,375.38,2023,,,760.0,Marienfelde / Lichtenrade
,,22180,20301,19118,188,966,911,17141,236,8804,186,628.88,595.0,211.25,481.26,479.5,113.91,575.96,553.0,151.35,682.06,655.5,201.44,810.15,757.96,190.2,936.94,870.0,375.97,2023,,,810.0,Neukölln
,,9784,9181,8540,109,276,325,7783,69,3119,51,678.09,640.0,213.58,520.78,510.0,120.47,626.86,609.5,132.64,764.61,733.0,189.32,821.78,775.44,229.48,969.06,831.0,416.14,2023,,,820.0,Britz/Buckow
,,5948,5579,5198,72,180,186,4671,53,2432,41,652.81,590.0,233.7,489.16,468.0,100.74,625.49,574.0,205.58,790.56,774.0,193.38,834.87,764.9,194.9,831.6,703.0,340.94,2023,,,830.0,Gropiusstadt
,,7224,6078,5679,80,160,205,5019,43,2402,41,647.4,612.0,221.75,498.74,475.5,131.91,578.51,600.0,152.59,724.84,729.0,116.36,740.82,738.07,75.05,882.95,810.0,351.51,2023,,,840.0,Buckow Nord/Rudow
,,8638,8077,7541,106,263,293,6837,69,2541,47,680.21,652.0,205.96,535.01,529.0,123.56,617.62,602.0,132.52,722.55,681.0,206.91,840.66,808.25,190.9,886.86,773.0,360.78,2023,,,910.0,Treptow-Köpenick 1
,,9477,8771,8210,87,370,333,7371,84,2769,53,681.33,647.0,211.22,546.36,541.0,106.26,610.44,587.0,158.16,743.55,723.0,165.13,902.86,830.3,250.41,838.65,777.0,300.08,2023,,,920.0,Treptow-Köpenick 2
,,6641,5948,5540,71,194,222,4722,65,1275,31,748.32,722.0,236.1,639.37,618.0,177.2,783.06,744.0,228.32,940.4,919.0,174.14,1110.58,914.96,1344.72,954.9,892.0,341.18,2023,,,930.0,Treptow-Köpenick 3
,,5368,4792,4465,73,111,145,3911,24,1633,14,683.06,633.0,238.9,537.41,539.5,157.65,660.19,631.0,157.5,789.52,695.0,300.76,983.4,870.56,261.17,958.23,861.0,354.1,2023,,,940.0,Treptow-Köpenick 4
,,7126,6675,6205,76,162,288,5324,29,2058,13,694.95,653.5,233.28,562.09,553.0,125.69,656.63,628.0,164.09,834.57,784.0,264.89,1018.11,936.32,318.65,960.42,847.0,389.97,2023,,,950.0,Treptow-Köpenick 5
,,16158,15024,13973,152,579,552,12897,147,5543,89,658.94,628.0,204.27,507.83,498.0,111.08,695.75,670.0,190.36,773.56,751.0,185.99,901.2,870.54,215.21,949.33,798.5,420.66,2023,,,1010.0,Marzahn
,,10980,10277,9557,118,364,336,8614,82,3249,47,696.29,654.5,227.13,523.75,516.0,115.03,641.7,602.0,191.21,802.22,749.5,231.05,936.55,873.21,230.37,880.3,790.0,341.73,2023,,,1020.0,Hellersdorf
,,4054,3480,3277,50,80,125,3046,30,1206,19,666.91,644.0,205.95,560.37,523.0,147.15,712.3,665.5,286.49,814.56,762.0,221.48,886.92,871.2,210.55,847.66,788.5,353.07,2023,,,1030.0,Biesdorf
,,4735,4207,3970,59,122,199,3538,28,844,10,765.2,739.0,236.76,643.26,642.5,152.93,622.83,604.0,195.95,907.98,859.0,232.5,1011.57,993.88,180.19,838.26,789.0,280.66,2023,,,1040.0,Kaulsdorf/Mahlsdorf
,,8072,7548,6974,85,240,283,6323,61,2057,31,704.47,669.0,215.96,564.45,546.0,131.91,760.45,757.0,211.25,897.0,877.5,140.7,940.2,897.85,160.9,994.53,938.0,352.81,2023,,,1110.0,Hohenschönhausen Nord
,,6517,6048,5609,71,225,243,5110,95,2350,74,649.8,618.0,207.65,502.98,488.0,110.67,636.21,612.5,144.58,781.59,756.0,152.98,813.48,778.03,155.54,962.43,899.0,340.95,2023,,,1120.0,Hohenschönhausen Süd
,,12131,10605,9917,115,514,327,9089,174,4921,137,622.43,582.0,217.35,482.91,470.0,114.46,603.84,586.0,143.69,789.76,772.0,174.23,839.62,814.32,205.05,961.96,836.0,438.16,2023,,,1130.0,Lichtenberg Nord
,,9354,8734,8136,92,286,334,7377,98,2601,60,688.36,663.0,204.27,584.39,575.0,130.93,713.18,694.0,144.5,833.59,822.0,149.92,880.12,865.6,160.11,1053.83,897.0,427.58,2023,,,1140.0,Lichtenberg Mitte
,,3313,3049,2863,22,117,146,2511,29,999,7,699.08,657.0,245.95,516.75,520.0,118.83,708.63,707.0,254.71,921.7,892.5,176.77,1033.48,976.51,214.86,997.27,894.5,417.29,2023,,,1150.0,Lichtenberg Süd
,,8352,7781,7324,102,274,296,6611,88,3000,79,653.7,618.0,206.43,552.9,555.5,138.06,625.02,617.0,126.44,775.5,739.0,195.78,763.41,736.68,123.12,857.29,789.0,320.41,2023,,,1210.0,Reinickendorf Ost
,,9577,8948,8410,97,302,308,7594,115,3244,82,667.75,637.0,235.01,489.45,490.5,133.88,636.11,632.0,204.32,802.12,754.0,207.74,833.63,809.85,153.06,904.17,817.5,354.05,2023,,,1220.0,Tegel
,,5964,5354,4971,87,102,243,4276,17,1682,5,695.06,653.0,251.35,569.28,543.0,164.58,733.6,655.5,249.72,1008.53,937.0,203.17,1081.92,1140.04,187.78,993.69,929.5,417.99,2023,,,1240.0,Grüner Norden
,,7697,6854,6414,83,242,228,5725,66,2764,37,652.38,609.0,237.98,520.3,493.0,145.56,651.66,600.0,232.98,797.82,756.0,165.25,923.11,877.99,221.96,901.59,828.0,335.8,2023,,,1250.0,Wittenau/Borsigwalde
,,7054,6613,6188,72,205,191,5479,77,1756,51,735.11,698.0,237.76,583.48,558.5,152.62,678.56,672.0,161.13,949.2,916.0,210.64,883.59,859.1,179.01,856.34,812.0,270.23,2023,,,1260.0,Märkisches Viertel
11001.0,Tiergarten Süd,4121,3225,3124,38,353,206,2784,205,1394,163,639.4,599.0,229.59,496.39,476.0,125.67,618.15,610.0,130.66,715.43,705.0,137.63,814.08,770.16,185.1,846.94,800.0,304.48,2024,,,,
11002.0,Regierungsviertel,5351,4666,4586,26,481,203,4128,287,1975,252,638.69,609.0,219.56,506.09,520.0,90.74,636.44,636.0,134.26,748.83,734.5,153.22,783.05,768.77,110.35,906.8,846.0,330.06,2024,,,,
11003.0,Alexanderplatz,14336,12123,11673,88,974,449,10552,535,6229,489,598.74,561.0,212.41,440.13,439.0,126.38,585.62,574.0,150.56,700.49,683.0,153.88,732.54,702.52,200.44,896.41,781.5,427.28,2024,,,,
11004.0,Brunnenstraße Süd,2821,2494,2386,20,174,153,2173,85,1320,76,590.42,544.0,231.79,383.53,396.0,55.87,548.45,541.0,123.47,657.16,632.5,147.12,720.53,694.44,125.71,961.36,805.5,464.17,2024,,,,
12005.0,Moabit West,5936,5437,5221,62,245,252,4696,78,2495,73,615.34,585.0,202.23,461.9,447.0,99.91,559.7,530.0,161.76,692.98,676.0,171.72,709.72,696.41,146.95,835.39,750.0,376.7,2024,,,,
12006.0,Moabit Ost,8476,7716,7396,70,512,244,6732,273,3788,232,612.86,572.0,218.12,488.04,469.5,131.85,567.91,544.0,160.79,673.8,657.0,148.18,768.55,738.96,246.2,860.68,785.0,374.56,2024,,,,
13007.0,Osloer Straße,5385,4780,4576,50,170,213,4147,54,1974,45,646.44,612.0,206.16,459.84,454.5,92.01,623.13,596.0,158.77,752.98,742.0,137.29,769.11,744.5,130.46,872.87,752.5,405.41,2024,,,,
13008.0,Brunnenstraße Nord,6244,5685,5430,44,301,255,4935,62,2979,57,594.1,549.0,215.73,423.12,406.5,93.98,527.67,515.0,148.82,693.25,674.0,197.87,706.62,713.56,142.12,829.37,622.5,440.24,2024,,,,
14009.0,Parkviertel,7993,6349,6046,71,266,267,5519,69,3169,59,604.24,567.0,209.57,413.82,421.0,70.64,577.23,542.0,186.82,741.83,744.5,167.9,766.81,731.69,197.81,867.9,814.0,362.86,2024,,,,
14010.0,Wedding Zentrum,8279,7526,7175,72,278,274,6499,51,3941,48,595.05,550.0,214.49,441.23,429.5,97.6,548.36,526.0,158.34,712.5,692.0,181.36,718.49,702.34,125.79,937.17,864.0,423.91,2024,,,,
21001.0,Südliche  Friedrichstadt,7324,6510,6230,54,476,338,5690,165,3525,141,586.24,547.0,203.7,432.08,396.0,123.78,567.81,543.0,142.36,711.75,704.0,153.52,767.25,748.79,129.33,788.51,679.0,356.3,2024,,,,
22002.0,Tempelhofer Vorstadt,8390,7119,6829,54,392,365,6168,114,3584,99,601.54,566.0,202.43,447.24,438.0,100.8,567.74,554.5,151.32,735.3,716.0,155.35,785.37,762.39,148.16,803.68,687.0,364.95,2024,,,,
23003.0,Nördliche Luisenstadt,3426,3198,3077,36,116,111,2772,35,1940,29,553.25,511.0,201.13,395.07,394.0,91.67,554.48,500.5,184.24,725.73,679.0,237.05,713.55,635.45,181.53,812.52,649.5,394.44,2024,,,,
23004.0,Südliche Luisenstadt,3598,3263,3153,35,173,161,2831,22,1822,18,577.1,525.0,218.98,392.76,395.0,71.75,547.97,497.0,185.98,687.62,671.0,232.27,759.53,752.78,122.17,866.02,711.5,434.17,2024,,,,
24005.0,Karl-Marx-Allee Nord,3719,3021,2899,44,132,122,2650,46,1564,43,592.51,565.0,197.14,465.68,458.0,117.74,619.32,585.0,156.05,726.31,718.0,166.22,741.14,730.98,108.63,862.24,733.0,379.89,2024,,,,
24006.0,Karl-Marx-Allee Süd,5623,5136,4911,27,297,187,4482,124,2929,105,570.27,530.0,201.64,408.75,399.0,129.45,557.38,508.5,174.63,712.05,673.0,209.14,765.86,743.39,167.22,808.18,626.5,436.34,2024,,,,
25007.0,Frankfurter Allee Nord,3043,2790,2660,30,147,106,2447,32,1291,28,623.54,591.0,196.75,467.77,454.0,123.32,599.78,584.0,155.23,683.73,657.0,160.62,761.37,762.13,124.81,871.64,682.0,430.85,2024,,,,
25008.0,Frankfurter Allee Süd FK,6842,6253,6061,52,327,262,5429,111,2968,89,616.13,579.0,207.07,475.27,456.0,91.89,587.77,536.0,179.93,735.52,690.0,190.1,800.91,792.01,132.83,949.32,781.0,442.45,2024,,,,
31001.0,Buch,2973,2516,2401,32,123,82,2064,29,1062,7,652.8,594.0,230.76,527.75,497.0,106.78,796.85,769.0,146.56,794.21,810.0,170.39,1023.19,985.56,170.81,1005.82,909.0,339.12,2024,,,,
32002.0,Blankenfelde/Niederschönhausen,3006,2840,2689,36,82,84,2392,20,667,12,725.02,685.0,213.16,519.11,523.5,95.89,595.67,585.0,139.07,857.96,823.5,143.08,866.71,803.6,255.24,733.96,681.0,188.0,2024,,,,
32003.0,Buchholz,1828,1741,1657,21,36,50,1498,5,449,2,727.19,688.0,220.68,579.73,497.0,240.29,652.38,651.0,156.27,899.82,947.0,195.47,1007.81,1054.35,192.43,994.81,896.0,425.75,2024,,,,
33004.0,Karow,1737,1643,1557,15,39,55,1338,10,699,3,651.53,588.5,240.0,572.64,564.0,170.63,676.4,646.5,189.24,872.27,829.0,203.83,1094.05,933.36,302.38,942.6,842.0,356.99,2024,,,,
33005.0,Blankenburg/Heinersdorf/Märchenland,2242,2095,2010,16,84,63,1833,21,687,17,692.46,647.0,216.41,495.45,483.0,121.06,645.98,620.0,195.17,708.52,649.0,177.06,770.64,720.95,175.07,892.44,807.5,294.35,2024,,,,
34006.0,Schönholz/Wilhelmsruh/Rosenthal,1996,1860,1775,30,66,70,1593,14,554,12,709.32,672.0,222.69,517.83,506.0,130.83,644.35,605.0,197.72,870.4,848.0,271.55,847.87,800.53,240.22,819.07,772.0,295.95,2024,,,,
34007.0,Pankow Zentrum,4504,3930,3746,49,114,142,3417,24,1576,20,663.91,620.0,229.02,464.14,466.0,93.32,613.52,599.0,192.55,837.79,806.0,265.88,791.31,765.8,157.76,919.36,797.0,425.27,2024,,,,
34008.0,Pankow Süd,3799,3496,3322,34,145,157,3038,61,1268,57,664.04,634.5,208.64,497.93,502.0,149.12,639.53,614.5,153.03,709.44,688.5,142.01,739.89,714.57,113.26,958.66,912.0,393.44,2024,,,,
35009.0,Weißensee,4348,3808,3635,33,147,166,3379,35,1788,28,629.74,587.0,211.87,458.0,462.5,104.16,568.74,549.0,152.11,680.3,663.0,176.98,811.38,773.16,157.12,712.91,668.0,296.1,2024,,,,
35010.0,Weißensee Ost,2528,2327,2211,29,83,46,2040,27,968,19,652.32,615.0,209.32,492.91,509.0,86.89,597.11,554.0,186.88,675.1,640.0,166.05,884.96,858.72,179.21,725.57,716.5,300.38,2024,,,,
36011.0,Prenzlauer Berg Nordwest,2751,2494,2409,26,122,135,2184,19,989,16,651.27,620.0,211.04,483.6,515.0,103.55,595.79,594.0,104.89,702.65,670.0,176.55,769.34,732.29,127.54,935.38,840.0,360.9,2024,,,,
36012.0,Prenzlauer Berg Nord,2630,2414,2309,28,108,108,2080,11,1007,10,629.58,607.0,199.5,483.59,495.0,128.5,581.03,568.0,131.9,684.67,642.0,125.43,698.3,676.13,134.98,865.89,800.0,323.29,2024,,,,
36013.0,Helmholtzplatz,1552,1410,1339,5,63,79,1203,9,576,7,647.45,610.0,215.13,425.5,416.0,97.3,527.09,501.0,128.4,666.14,636.0,196.13,742.38,752.55,148.85,959.02,795.5,404.12,2024,,,,
36014.0,Prenzlauer Berg Ost,4398,4049,3852,42,194,154,3526,52,1654,42,637.51,613.0,196.42,530.8,502.0,229.42,623.66,603.0,139.2,704.06,694.5,96.15,790.76,756.46,165.67,892.09,851.0,334.94,2024,,,,
37015.0,Prenzlauer Berg Südwest,2380,2173,2095,22,90,116,1871,30,1001,27,617.11,581.0,216.95,416.89,406.0,90.91,530.14,528.0,118.5,674.96,620.0,170.61,722.89,686.35,138.47,958.57,768.5,456.27,2024,,,,
37016.0,Prenzlauer Berg Süd,2572,2318,2196,26,112,142,1998,24,1006,21,627.29,599.0,189.83,467.45,475.0,118.93,619.66,607.0,130.09,723.89,718.0,140.81,738.15,724.99,122.46,880.48,748.0,343.85,2024,,,,
41001.0,Charlottenburg Nord,3375,3125,2964,37,107,136,2699,20,849,17,694.88,669.0,192.22,548.25,547.5,103.38,698.11,642.0,261.28,801.33,787.5,171.15,823.89,770.37,155.41,816.5,764.0,320.64,2024,,,,
42002.0,Heerstraße,2631,2375,2273,22,76,87,2042,28,550,20,731.03,694.0,229.83,562.0,562.0,61.94,695.86,671.0,135.84,803.58,803.0,225.36,835.38,814.29,151.29,1065.9,988.0,405.57,2024,,,,
42003.0,Westend,4787,3959,3804,42,159,202,3393,57,1581,42,646.56,615.0,214.0,470.52,448.0,113.07,630.96,589.5,179.02,769.82,787.0,151.96,819.69,793.98,109.69,936.88,850.0,360.97,2024,,,,
43004.0,Schloss Charlottenburg,5600,4932,4687,61,190,251,4279,36,2538,33,588.54,550.0,218.95,417.34,404.0,102.88,563.21,499.0,186.85,708.51,701.0,189.31,748.21,743.61,148.26,814.93,738.0,347.61,2024,,,,
43005.0,Mierendorffplatz,2557,2362,2242,16,107,88,2042,45,1010,42,632.02,603.0,200.58,448.0,426.5,109.55,595.7,568.0,143.24,669.97,663.0,101.56,714.01,691.88,132.47,820.54,750.0,318.35,2024,,,,
43006.0,Otto-Suhr-Allee/Kantstraße,7370,6686,6422,74,379,303,5835,159,3493,144,595.01,555.0,208.96,422.98,418.0,84.74,528.74,511.0,123.4,649.9,619.5,172.63,688.73,661.0,132.96,800.69,728.5,329.37,2024,,,,
44007.0,Grunewald,2779,2254,2136,21,95,136,1908,23,668,18,671.64,650.0,183.74,553.43,551.0,106.98,739.68,725.0,134.31,796.37,781.0,144.05,836.18,828.4,180.84,945.83,936.5,336.67,2024,,,,
44008.0,Schmargendorf,4154,3898,3706,41,107,148,3405,29,1414,26,663.51,634.0,197.8,531.97,536.0,110.53,650.48,624.5,123.08,773.0,744.0,171.93,775.74,746.8,94.61,941.25,914.0,341.92,2024,,,,
45009.0,Halensee,3744,3452,3302,28,127,165,3045,45,1897,38,596.71,547.0,206.88,425.47,423.0,79.43,566.01,536.0,169.31,709.52,649.0,234.09,702.07,672.21,152.36,831.74,766.0,312.25,2024,,,,
45010.0,Lietzenburger Straße,8335,7403,7127,81,589,341,6433,246,3977,226,590.93,549.0,204.6,440.35,441.5,111.04,543.25,514.0,153.14,636.26,643.0,152.95,713.92,693.5,149.21,730.14,649.5,308.72,2024,,,,
45011.0,Volkspark Wilmersdorf,6383,5544,5291,51,257,251,4843,89,3177,86,575.36,533.0,199.34,438.07,421.5,108.74,557.08,529.0,146.08,643.04,631.0,152.08,691.53,690.92,95.15,759.27,680.0,324.97,2024,,,,
51001.0,Hakenfelde,3827,3582,3379,53,120,114,3041,25,1152,16,689.59,650.0,213.68,548.46,537.0,129.92,718.68,682.5,188.96,743.66,716.5,138.92,883.68,894.31,165.69,1034.48,934.0,355.95,2024,,,,
51002.0,Falkenhagener Feld,5784,5047,4774,62,153,169,4189,57,1836,40,648.15,622.0,195.25,525.51,504.0,123.07,682.84,691.0,150.82,761.58,756.0,149.43,873.31,806.87,237.84,1033.03,935.0,365.74,2024,,,,
51003.0,Spandau Mitte,7029,6191,5951,56,268,253,5375,96,3380,79,576.87,548.0,192.88,434.16,423.0,121.93,606.5,569.0,175.34,640.46,606.5,183.34,767.2,718.73,173.55,907.85,729.0,448.91,2024,,,,
52004.0,Brunsbütteler Damm,2693,2493,2359,25,120,79,2022,40,696,25,692.08,673.5,196.64,601.19,596.0,147.01,724.48,739.5,133.98,838.86,817.5,164.07,882.7,857.22,117.5,947.44,959.0,349.96,2024,,,,
52005.0,Heerstraße,3861,3581,3409,43,116,164,3037,29,997,22,695.71,660.0,192.97,546.16,535.0,83.76,670.36,637.0,149.35,777.95,719.5,225.47,845.06,824.92,181.13,983.68,853.0,387.25,2024,,,,
52006.0,Wilhelmstadt,6192,5774,5517,52,192,221,4982,47,3338,36,571.49,525.0,203.2,454.18,455.0,101.8,535.97,515.0,179.31,647.3,595.0,222.61,769.82,707.36,225.88,941.79,726.0,509.33,2024,,,,
53007.0,Haselhorst,2625,2409,2287,26,99,117,2032,39,983,32,634.44,609.5,217.88,431.67,426.0,83.07,760.79,716.0,213.24,767.36,742.0,155.55,805.1,807.23,115.73,1002.01,997.0,290.59,2024,,,,
53008.0,Siemensstadt,1842,1638,1570,13,112,90,1434,41,647,28,654.0,626.5,211.77,546.33,451.5,335.5,779.72,758.0,163.06,836.76,828.0,122.78,872.07,852.81,137.6,974.77,906.0,288.44,2024,,,,
54009.0,Gatow/Kladow,2223,1880,1781,29,39,87,1421,7,678,0,685.6,610.0,268.8,595.16,583.0,116.29,796.88,791.0,157.89,1055.71,951.0,286.37,1137.39,1020.7,315.25,890.71,857.0,278.47,2024,,,,
61001.0,Schloßstraße,3239,2988,2875,30,145,106,2610,28,1252,20,635.46,609.0,205.59,509.64,493.5,110.99,617.94,549.0,226.49,735.57,757.0,187.26,843.28,808.08,199.5,928.14,952.0,410.0,2024,,,,
61002.0,Albrechtstraße,5589,5266,4997,58,149,173,4504,33,2413,30,612.2,585.0,202.57,456.12,461.0,108.17,586.91,553.0,131.98,716.48,713.0,170.79,778.0,747.79,158.74,891.01,782.0,385.99,2024,,,,
62003.0,Lankwitz,5885,5371,5121,66,151,166,4642,39,2180,32,648.86,615.0,199.06,517.6,505.0,97.12,704.48,646.0,200.8,777.61,766.5,149.99,842.51,831.52,154.24,996.45,837.0,426.37,2024,,,,
62004.0,Ostpreußendamm,4847,4387,4200,55,121,162,3671,21,1347,13,688.56,662.0,219.31,590.16,603.0,125.45,667.97,583.5,232.53,870.61,843.5,198.85,913.72,878.46,185.92,820.57,690.0,381.31,2024,,,,
63005.0,Teltower Damm,4469,3856,3672,48,120,162,3324,23,1333,10,689.68,656.0,235.71,543.71,548.0,135.87,668.37,652.0,167.55,745.15,672.5,249.48,935.02,972.63,201.22,970.35,809.0,437.95,2024,,,,
63006.0,Drakestraße,5202,4622,4389,48,156,141,3952,61,1675,43,665.05,630.0,206.65,522.5,500.0,111.91,666.45,630.0,174.52,786.59,773.0,147.08,856.63,838.27,150.87,1050.4,903.0,465.46,2024,,,,
64007.0,Zehlendorf Südwest,3663,3295,3147,29,99,128,2716,14,950,7,715.79,662.0,243.04,572.68,586.0,141.43,747.58,735.0,213.05,1108.57,1008.0,363.3,964.79,903.42,263.13,1027.97,904.0,422.83,2024,,,,
64008.0,Zehlendorf Nord,4884,4368,4188,53,154,155,3815,27,1535,23,680.23,645.0,221.76,549.37,540.0,103.82,686.69,665.5,133.4,782.39,733.5,208.56,795.54,777.68,102.03,1043.65,925.5,415.76,2024,,,,
71001.0,Schöneberg Nordwest,4661,4283,4110,36,210,167,3745,81,2045,76,615.65,583.0,200.18,481.25,463.5,69.09,557.68,544.0,127.51,665.75,650.0,185.32,722.8,708.87,112.84,768.4,720.0,278.12,2024,,,,
71002.0,Schöneberg Nordost,2549,2315,2219,24,101,133,2022,45,1140,40,617.19,575.0,202.56,502.59,451.0,222.08,608.61,556.0,170.66,676.81,631.5,146.42,743.82,724.13,126.96,808.48,759.0,280.95,2024,,,,
72003.0,Schöneberg Südwest,2479,2287,2187,25,72,120,1986,21,1218,20,593.79,553.0,191.05,487.79,504.0,93.77,548.4,531.0,99.92,650.78,636.5,129.17,713.74,683.23,132.27,786.21,726.5,324.6,2024,,,,
72004.0,Schöneberg Südost,4258,3894,3703,37,200,164,3423,76,2127,65,583.82,539.0,212.2,390.38,394.0,101.58,533.94,518.0,132.83,680.32,660.5,145.05,749.67,727.09,129.51,832.02,725.5,354.99,2024,,,,
73005.0,Friedenau West,2363,2174,2069,29,98,91,1896,27,1071,24,609.72,577.5,213.58,458.54,456.0,114.71,608.07,584.0,125.11,722.73,713.0,109.27,759.96,753.51,95.58,860.53,810.0,260.41,2024,,,,
73006.0,Friedenau Ost,3046,2086,1986,23,101,139,1807,37,971,33,619.4,585.0,207.19,449.69,461.0,84.81,607.03,592.0,132.71,700.26,707.0,105.98,766.34,753.43,92.14,862.86,768.0,321.01,2024,,,,
74007.0,Tempelhof Nord,3454,2674,2497,22,122,104,2296,35,1088,26,661.35,613.0,238.11,448.59,443.0,86.9,612.61,596.0,148.81,738.98,674.0,232.9,852.73,784.47,238.53,874.0,741.5,440.52,2024,,,,
74008.0,Tempelhof Südwest,4128,3790,3631,30,152,186,3320,32,1879,28,602.95,567.5,208.22,454.0,448.0,99.97,563.44,533.0,133.35,734.1,724.0,157.84,731.15,720.07,116.97,856.69,700.0,406.05,2024,,,,
74009.0,Tempelhof Südost,2820,2504,2375,23,116,139,2182,42,1153,36,624.69,585.5,226.78,430.11,444.5,76.27,591.75,559.0,150.84,727.97,695.0,186.9,834.26,791.3,324.35,887.96,710.5,438.67,2024,,,,
75010.0,Mariendorf Nord,4011,3788,3583,38,103,119,3326,33,1690,28,633.14,597.0,206.97,518.1,516.5,124.73,664.33,629.0,152.46,714.36,704.5,133.39,819.49,723.25,390.63,1047.73,907.0,446.71,2024,,,,
75011.0,Mariendorf Süd,3298,3103,2974,21,84,110,2710,19,1477,15,620.23,580.0,205.84,471.88,469.0,103.06,629.94,570.0,206.46,805.69,772.5,166.85,803.53,817.94,107.96,929.52,694.0,505.98,2024,,,,
76012.0,Marienfelde Nord,2142,2008,1897,13,75,59,1721,17,786,10,660.05,617.0,209.3,510.55,523.0,122.62,665.16,617.0,183.27,819.03,836.5,209.97,920.12,885.38,152.96,977.26,817.5,402.96,2024,,,,
76013.0,Marienfelde Süd,2268,2132,1994,28,84,51,1812,23,547,4,699.34,665.0,191.73,584.86,612.0,90.12,774.77,748.5,186.0,977.09,960.0,200.73,1063.47,991.55,212.87,992.72,883.5,385.29,2024,,,,
76014.0,Lichtenrade Nord,2342,2230,2139,41,42,70,1878,7,606,3,708.63,676.0,220.57,590.36,582.0,156.4,723.77,736.0,149.28,938.29,912.0,130.67,949.51,1005.06,216.02,1047.98,907.5,345.09,2024,,,,
76015.0,Lichtenrade Süd,3966,3750,3566,46,95,120,3002,26,1071,2,741.66,708.5,257.61,560.74,562.0,176.76,779.03,745.5,250.92,1019.22,942.0,215.13,1075.57,1034.16,197.99,1039.56,943.0,309.44,2024,,,,
81001.0,Schillerpromenade,4440,4070,3930,41,211,158,3579,36,1935,31,620.74,582.0,207.15,485.12,456.0,149.67,552.3,532.0,139.24,648.65,616.0,172.53,770.64,744.29,113.26,892.61,799.0,369.29,2024,,,,
81002.0,Neuköllner Mitte/Zentrum,5862,5316,5050,54,312,230,4606,59,2496,50,614.96,579.0,220.89,426.61,404.5,93.86,535.94,515.5,124.32,655.54,621.0,196.64,768.75,748.99,136.88,893.06,773.5,394.27,2024,,,,
81003.0,Reuterstraße,5055,4550,4351,39,258,247,3932,43,2125,40,625.61,585.0,206.96,414.69,417.0,86.75,577.59,568.0,151.03,735.98,715.0,204.26,740.15,755.69,97.04,905.67,800.0,375.85,2024,,,,
81004.0,Rixdorf,5186,4684,4454,41,281,219,4056,64,1831,49,653.05,622.0,215.33,483.65,456.5,103.68,607.41,588.5,122.7,675.69,635.0,187.35,791.81,765.06,140.83,944.06,942.0,332.37,2024,,,,
81005.0,Köllnische Heide,2604,2306,2182,19,130,166,2015,34,657,29,703.75,667.0,207.84,499.69,493.0,103.35,654.79,621.5,166.02,661.24,641.0,147.08,778.72,716.66,166.89,904.02,845.0,312.69,2024,,,,
82006.0,Britz Nord,3036,2804,2647,28,106,125,2406,34,1163,29,638.29,606.0,202.7,452.17,482.0,112.3,594.19,561.0,153.08,671.05,639.0,176.12,760.68,730.42,139.05,914.7,888.0,346.53,2024,,,,
82007.0,Britz,3587,3379,3236,44,113,92,2980,26,1195,23,683.82,644.5,220.65,555.26,539.0,124.47,673.08,613.5,195.15,741.79,701.0,171.67,776.56,734.35,148.12,988.74,837.0,445.78,2024,,,,
82008.0,Buckow,3210,3025,2878,43,62,122,2616,11,663,6,730.29,690.0,203.47,592.0,592.0,126.56,764.19,721.0,183.23,911.41,838.0,249.81,908.38,853.32,154.02,1010.21,914.0,389.93,2024,,,,
83009.0,Gropiusstadt West,3377,3206,3063,27,86,83,2763,25,1430,18,651.91,590.0,238.0,439.7,416.0,81.12,596.79,562.5,131.16,862.21,843.0,214.11,814.31,807.75,123.38,889.68,853.0,386.4,2024,,,,
83010.0,Gropiusstadt Ost,2844,2669,2515,29,90,83,2285,27,1047,24,668.47,620.0,216.95,520.42,514.0,68.36,645.44,646.0,168.16,785.02,776.0,179.85,781.55,761.4,96.74,831.17,693.0,349.07,2024,,,,
84011.0,Buckow Nord,2366,1511,1420,16,55,45,1295,24,680,19,626.66,583.0,256.9,453.44,432.0,80.0,590.09,607.5,120.48,825.24,749.0,302.61,856.02,804.88,248.19,914.52,762.0,498.38,2024,,,,
84012.0,Rudow,5144,4859,4640,63,111,173,4077,21,1686,13,682.0,644.0,228.19,512.78,491.0,125.65,583.26,589.5,153.15,776.16,761.0,137.81,900.77,815.55,227.9,896.36,812.0,370.13,2024,,,,
91001.0,Alt-Treptow,1760,1620,1567,15,84,55,1427,24,490,19,696.55,662.0,210.32,573.12,600.5,135.24,678.95,694.0,133.68,808.09,789.5,171.29,836.79,807.7,151.44,910.15,887.0,267.39,2024,,,,
91002.0,Plänterwald,1557,1457,1380,14,50,45,1258,15,263,10,735.87,708.0,194.11,588.75,587.5,83.18,672.75,680.5,119.78,740.79,716.0,104.5,887.63,752.25,356.98,960.18,965.5,342.13,2024,,,,
91003.0,Baumschulenweg,2731,2591,2479,28,66,74,2266,19,785,14,692.66,660.0,196.61,538.9,556.0,106.79,657.89,614.0,143.87,725.94,725.0,173.8,804.08,747.4,178.13,878.59,788.0,377.79,2024,,,,
91004.0,Johannisthal,2691,2556,2416,27,72,63,2209,12,1067,10,647.14,609.0,220.51,472.6,441.5,125.4,546.22,525.5,106.07,621.19,561.0,225.51,762.36,677.76,321.82,760.91,662.0,319.08,2024,,,,
92005.0,Oberschöneweide,3226,2964,2826,37,125,133,2572,30,626,21,724.23,690.0,200.19,577.22,567.5,105.82,700.09,656.0,204.3,817.07,791.0,190.68,868.63,835.82,165.47,1005.22,887.0,368.06,2024,,,,
92006.0,Niederschöneweide,2502,2361,2271,26,77,64,2057,14,789,9,683.4,649.0,207.59,544.41,543.0,77.95,554.68,509.0,135.15,614.46,552.0,159.82,852.93,833.6,183.49,788.7,751.5,266.85,2024,,,,
92007.0,Adlershof,2968,2708,2564,26,129,130,2322,27,782,18,675.51,660.0,199.9,531.0,534.0,77.28,617.69,598.0,183.77,735.53,716.0,168.74,867.11,852.4,141.77,782.47,684.5,310.94,2024,,,,
92008.0,Köllnische Vorstadt/Spindlersfeld,1421,1311,1243,21,50,60,1143,11,540,8,649.89,613.0,195.92,465.07,461.0,72.23,609.0,579.0,195.41,756.78,685.0,242.66,789.19,712.72,138.14,792.54,709.0,238.86,2024,,,,
93009.0,Altglienicke,3178,2998,2836,31,70,110,2475,21,466,11,771.95,748.0,211.59,641.62,638.0,94.49,712.09,692.5,122.36,946.95,941.0,127.05,918.85,878.81,125.47,973.7,890.5,294.59,2024,,,,
93010.0,Bohnsdorf,2031,1613,1546,12,94,68,1340,51,570,10,701.87,641.0,256.84,593.64,621.0,149.87,816.03,777.5,155.01,985.44,993.0,128.23,1010.08,979.26,161.6,1044.75,1018.5,358.29,2024,,,,
93011.0,Grünau,1260,1182,1128,13,40,38,992,7,333,3,702.61,682.0,205.49,590.25,605.5,77.4,642.87,600.5,199.12,835.92,782.0,165.79,925.01,932.87,107.05,966.0,903.0,403.2,2024,,,,
93012.0,Schmöckwitz,476,423,388,5,10,43,325,4,11,0,990.69,954.0,285.25,787.75,798.0,307.04,761.4,696.0,193.87,1323.0,1345.0,282.33,1522.4,1176.12,795.83,902.88,806.0,472.06,2024,,,,
94013.0,Köpenick Süd,1524,1450,1372,17,40,34,1221,11,292,3,733.79,699.0,201.81,606.79,621.0,99.27,665.96,636.0,130.95,745.92,700.0,186.12,1045.44,987.93,241.57,901.16,796.0,305.72,2024,,,,
94014.0,Allende-Viertel,2152,1770,1665,15,43,52,1492,8,674,4,650.09,617.5,203.0,545.9,520.0,100.89,637.62,645.0,105.04,788.06,755.0,286.33,933.48,901.81,111.21,999.26,863.0,350.74,2024,,,,
94015.0,Altstadt Köpenick,1109,1034,978,10,30,44,873,5,562,4,582.4,544.0,211.08,461.38,468.5,92.37,636.52,624.0,109.59,665.5,643.0,90.58,884.58,858.38,131.51,723.88,629.0,370.08,2024,,,,
94016.0,Müggelheim,565,520,498,6,14,31,429,1,58,0,894.82,876.0,256.44,647.5,656.0,98.72,775.0,695.0,214.72,893.0,893.0,,1982.3,1982.3,,1052.64,931.0,337.96,2024,,,,
95017.0,Friedrichshagen,2694,2557,2443,36,61,76,2102,21,882,11,675.83,643.0,233.37,541.17,531.0,157.0,638.71,651.5,113.77,916.0,887.0,137.06,948.64,881.48,167.92,837.76,794.0,350.51,2024,,,,
95018.0,Rahnsdorf,1238,1144,1089,17,19,75,874,3,381,1,699.65,627.0,259.42,626.9,547.5,330.93,948.38,804.5,477.62,1312.5,1312.5,4.95,1219.06,1352.14,346.43,867.12,838.0,363.76,2024,,,,
95019.0,Dammvorstadt,1943,1771,1707,18,75,95,1539,11,858,5,633.85,583.0,217.15,484.07,465.0,61.5,610.67,570.5,178.2,738.48,615.0,259.72,914.3,906.87,293.23,879.24,691.0,415.41,2024,,,,
95020.0,Köpenick Nord,1577,1490,1395,16,35,52,1271,5,336,3,723.22,686.0,204.7,583.08,581.0,71.65,711.58,677.0,168.83,874.06,769.5,261.9,854.41,884.15,150.51,1074.82,1064.0,407.45,2024,,,,
101001.0,Marzahn Nord,3426,3209,3033,36,121,95,2777,19,791,11,715.42,693.0,202.52,551.13,549.5,133.7,806.07,774.0,206.51,867.65,821.0,182.95,927.04,871.6,202.08,1001.33,908.0,398.45,2024,,,,
101002.0,Marzahn Mitte,7537,7057,6698,67,243,235,6207,60,2298,43,676.62,647.0,199.3,541.57,533.0,106.81,679.59,671.0,154.97,778.82,730.0,206.26,849.78,824.46,214.87,975.2,834.5,429.87,2024,,,,
101003.0,Marzahn Süd,6075,5516,5253,55,291,264,4851,72,2438,59,629.55,599.0,203.44,481.07,482.0,105.33,625.31,612.0,178.47,739.51,692.0,217.81,782.81,767.68,182.93,817.42,676.0,403.73,2024,,,,
102004.0,Hellersdorf Nord,5611,5252,5020,34,190,168,4592,36,1332,21,728.57,683.0,216.2,576.68,575.5,81.52,667.8,654.5,150.94,899.81,870.0,219.42,919.56,870.59,222.76,823.99,773.5,283.86,2024,,,,
102005.0,Hellersdorf Ost,2698,2473,2339,23,130,95,2108,14,511,5,751.21,707.0,218.68,537.06,519.0,85.47,654.48,618.0,230.16,950.96,943.0,296.82,985.1,935.07,246.53,858.37,826.0,227.72,2024,,,,
102006.0,Hellersdorf Süd,3503,3275,3136,37,142,85,2838,30,1688,18,616.68,556.0,226.25,455.62,474.0,94.81,562.01,528.0,201.94,882.77,855.0,246.95,876.95,847.9,195.4,722.85,658.0,277.11,2024,,,,
103007.0,Biesdorf,4206,3617,3465,45,109,133,3216,32,1211,21,671.48,656.0,205.23,544.38,539.0,125.51,666.43,670.0,160.84,821.13,788.5,168.38,861.21,803.44,191.78,855.01,731.0,390.62,2024,,,,
104008.0,Kaulsdorf,2337,1985,1903,23,39,74,1722,5,652,2,695.71,658.0,229.57,562.26,505.0,152.41,612.48,588.0,150.85,792.38,752.5,181.24,881.35,907.31,140.58,792.11,711.5,334.37,2024,,,,
104009.0,Mahlsdorf,2619,2459,2353,28,59,101,2116,11,252,4,815.74,791.0,212.04,698.25,701.0,110.51,737.97,726.5,188.88,952.58,883.0,250.95,1069.0,1086.26,290.35,959.95,928.0,279.74,2024,,,,
111001.0,"Malchow, Wartenberg und Falkenberg",710,666,637,15,19,25,589,4,190,1,725.83,704.0,241.11,507.62,489.0,99.97,838.82,784.0,158.92,980.57,1016.0,190.94,1235.13,1272.9,333.26,1001.06,982.0,367.84,2024,,,,
111002.0,Neu-Hohenschönhausen Nord,3641,3437,3243,35,114,90,2952,34,1080,18,696.39,662.0,211.63,557.28,527.0,125.69,744.2,723.0,228.84,925.64,892.0,169.25,924.49,885.69,167.94,1043.44,909.0,379.71,2024,,,,
111003.0,Neu-Hohenschönhausen Süd,3921,3693,3477,24,129,98,3188,35,695,20,735.72,704.0,197.54,589.6,575.5,99.03,717.04,721.0,178.43,870.37,836.0,204.67,961.33,875.03,374.6,926.3,884.0,243.26,2024,,,,
112004.0,Alt-Hohenschönhausen Nord,2449,2231,2110,17,123,93,1945,39,693,25,680.94,666.0,218.18,504.71,466.0,103.74,678.6,667.0,229.42,874.6,816.5,215.2,861.36,852.28,158.24,948.11,900.0,281.83,2024,,,,
112005.0,Alt-Hohenschönhausen Süd,4264,3974,3779,41,172,118,3450,61,1588,50,657.83,615.5,206.88,511.5,524.5,101.9,639.72,620.5,155.03,762.85,734.0,129.14,803.85,784.68,120.08,958.2,929.5,323.92,2024,,,,
113006.0,Fennpfuhl,4740,4437,4202,50,170,133,3898,42,1978,31,634.29,597.0,207.08,491.48,485.0,94.25,612.79,572.5,146.6,779.8,764.5,157.96,807.74,792.27,140.42,852.84,772.0,347.01,2024,,,,
113007.0,Alt-Lichtenberg,5906,4716,4534,44,332,169,4219,119,2419,93,610.34,565.0,216.1,469.97,460.5,99.82,637.7,612.0,175.38,762.49,748.0,188.73,833.38,800.42,195.34,957.42,866.5,463.76,2024,,,,
113008.0,Frankfurter Allee Süd,1520,1414,1358,18,60,46,1260,22,585,15,651.54,614.5,209.74,478.46,489.0,88.06,697.47,643.5,182.8,840.03,845.0,172.82,878.79,835.63,196.81,958.64,798.5,370.13,2024,,,,
114009.0,Neu-Lichtenberg,3412,3144,2992,35,121,147,2740,40,941,33,682.93,669.0,199.78,500.1,516.0,99.96,701.19,693.0,135.9,815.79,834.0,160.62,821.34,833.06,112.15,973.14,813.0,425.61,2024,,,,
114010.0,Friedrichsfelde Nord,2557,2404,2281,18,65,88,2112,26,624,25,700.67,678.0,202.04,550.77,538.0,121.97,691.7,706.0,110.07,809.38,798.0,128.41,776.45,775.14,74.93,979.93,916.0,320.08,2024,,,,
114011.0,Friedrichsfelde Süd,3989,3750,3577,36,129,109,3254,34,1020,20,718.81,692.0,213.77,574.05,593.0,140.9,733.57,708.0,184.99,889.62,876.0,114.69,901.8,875.75,125.21,1087.6,916.5,428.11,2024,,,,
115012.0,Rummelsburger Bucht,610,533,517,3,36,41,464,12,138,3,723.58,701.5,228.29,667.0,667.0,222.03,820.2,845.0,164.53,969.05,971.0,234.1,1117.21,971.09,491.42,1074.32,1082.0,359.14,2024,,,,
115013.0,Karlshorst,2789,2616,2487,21,83,90,2191,15,780,7,724.7,696.0,247.0,595.0,585.0,161.3,760.98,751.5,192.62,960.17,931.0,150.97,901.26,904.2,111.9,928.22,855.0,438.71,2024,,,,
121001.0,Ost 1 - Reginhardstraße,3796,3549,3357,44,111,136,3064,37,1192,35,667.51,639.0,195.8,544.18,533.5,107.04,631.79,630.0,110.85,765.23,751.0,161.57,745.45,770.07,106.73,907.26,814.5,357.72,2024,,,,
121002.0,Ost 2 - Alt-Reinickendorf,4251,3926,3742,49,178,147,3421,54,1841,44,625.9,588.0,202.37,478.37,485.0,85.11,629.08,597.0,197.76,762.51,726.0,188.99,840.61,716.13,584.54,793.58,696.5,314.09,2024,,,,
122003.0,West 4 - Auguste-Viktoria-Allee,3997,3741,3579,36,139,115,3281,56,1474,52,650.95,617.0,193.34,484.43,492.0,107.62,624.81,609.5,148.61,737.61,718.0,114.45,736.86,722.75,94.22,876.69,846.0,286.69,2024,,,,
122004.0,West 1 - Tegel-Süd/Flughafensee,3235,3035,2912,46,108,91,2670,34,988,15,705.89,677.0,235.35,536.97,484.0,215.55,646.59,580.0,267.22,811.4,831.0,224.9,926.58,912.95,220.91,937.14,892.5,343.28,2024,,,,
122005.0,West 5 - Tegel,2708,2523,2428,24,88,85,2229,29,1151,20,614.87,581.0,255.41,385.0,336.5,138.65,569.85,489.5,170.03,758.15,779.0,199.62,857.59,836.11,125.01,934.96,989.0,443.93,2024,,,,
124006.0,West 2 - Heiligensee/Konradshöhe,2515,2355,2228,39,53,104,1972,10,536,1,754.58,718.0,246.83,632.48,632.0,188.13,898.05,890.0,240.68,886.85,844.0,148.09,1282.17,1118.38,410.38,1038.29,996.0,377.34,2024,,,,
124007.0,Nord 1 - Frohnau/Hermsdorf,3655,3225,3074,40,61,125,2729,8,1205,5,660.75,628.0,227.19,502.63,489.5,120.24,684.79,587.0,279.59,993.38,927.0,243.26,896.85,868.2,169.22,1019.43,970.0,423.1,2024,,,,
125008.0,West 3 - Borsigwalde/Freie Scholle,2142,1988,1871,31,77,77,1699,19,870,11,647.1,594.0,229.6,495.83,489.5,91.5,625.78,583.0,194.17,720.15,710.0,153.25,975.59,845.23,450.88,848.78,715.0,288.8,2024,,,,
125009.0,Nord 2 - Waidmannslust/Wittenau/Lübars,5627,4961,4717,65,144,178,4264,41,2039,38,647.75,613.0,226.17,506.89,501.0,139.53,643.66,613.0,187.09,753.32,744.5,154.2,773.58,796.32,96.76,823.57,744.0,316.94,2024,,,,
126010.0,Rollbergesiedlung,1292,1176,1117,7,57,58,1030,11,432,11,666.01,626.0,192.14,482.4,475.0,65.71,641.46,621.5,134.62,847.35,818.0,214.28,729.04,727.57,76.06,804.28,762.0,290.99,2024,,,,
126011.0,MV Nord,4357,4121,3917,46,127,99,3546,48,1005,27,746.54,705.0,230.07,559.39,534.0,92.88,764.46,700.0,235.97,922.28,912.0,222.77,897.24,885.96,150.73,867.11,793.5,295.87,2024,,,,
126012.0,MV Süd,1662,1569,1490,22,42,51,1342,12,573,8,675.92,636.5,227.92,525.89,477.5,155.44,576.38,620.0,182.21,872.09,891.0,229.89,927.38,830.49,212.39,780.45,697.5,266.74,2024,,,,
,,725,479,462,4,51,30,404,36,226,32,618.9430693069307,581.5,198.33,419.25,411.0,20.24,575.3243243243244,553.0,146.3,667.3076923076923,650.0,128.67,747.8234444444442,695.255,164.18,821.2592592592592,754.0,297.85,2024,1100101.0,Stülerstraße,,
,,1780,1456,1435,14,210,98,1282,137,565,101,670.4929797191887,630.0,245.18,574.3333333333334,577.0,180.89,634.7987421383648,625.0,132.54,743.8571428571429,725.0,146.02,841.7981970802923,791.057,173.79,870.4520547945206,813.0,344.11,2024,1100102.0,Großer Tiergarten,,
,,1168,903,859,13,61,48,775,25,430,23,610.5935483870968,576.0,218.31,469.84615384615387,478.0,93.75,597.2340425531914,579.0,131.14,655.8181818181819,658.0,103.64,789.4650000000001,742.06,254.08,802.6410256410256,787.0,288.85,2024,1100103.0,Lützowstraße,,
,,448,387,368,7,31,30,323,7,173,7,610.656346749226,587.0,213.14,489.57142857142856,505.0,90.3,614.875,633.0,55.6,729.4347826086956,711.0,95.2,700.2364285714285,708.826,57.45,873.0370370370371,866.0,209.47,2024,1100104.0,Körnerstraße,,
,,1042,886,874,7,108,48,780,58,373,51,649.0461538461539,609.0,231.15,495.0,524.0,82.79,632.1951219512196,640.5,116.87,768.8630136986301,738.0,149.27,795.7707931034481,800.325,94.75,899.0285714285715,846.0,319.39,2024,1100205.0,Wilhelmstraße,,
,,2721,2403,2376,5,243,74,2131,160,1025,138,636.5185358986391,608.0,221.91,515.6666666666666,516.0,31.5,639.4751381215469,640.0,133.51,753.78125,743.5,141.57,785.6951437499999,768.0965,121.03,958.1346153846154,935.5,333.2,2024,1100206.0,Unter den Linden,,
,,1588,1377,1336,14,130,81,1217,69,577,63,635.8455217748563,613.0,207.45,508.0,531.5,104.73,634.0588235294117,621.0,151.84,719.0370370370371,712.0,178.92,766.2172463768118,759.936,94.84,862.4074074074074,762.0,332.97,2024,1100207.0,Leipziger Straße,,
,,2230,1339,1288,6,189,59,1152,132,689,118,583.1579861111111,546.0,227.33,478.8,448.0,162.39,566.2364864864865,552.5,135.17,713.7272727272727,701.0,150.67,750.7492348484847,729.9255,159.33,913.945945945946,818.0,399.04,2024,1100308.0,Charitéviertel,,
,,2355,1877,1792,9,248,85,1609,119,876,113,603.4773151025481,581.0,216.75,389.0,379.0,88.4,571.7317073170732,571.0,138.12,700.3450704225352,678.5,150.54,720.467974789916,686.34,110.42,1006.1016949152544,863.0,500.71,2024,1100309.0,Oranienburger Straße,,
,,5375,4903,4747,28,313,158,4262,179,2452,164,606.4082590333177,566.0,212.48,443.9047619047619,424.0,138.97,610.2634146341463,606.0,157.93,705.2304147465438,687.0,139.49,730.5555083798885,715.223,123.54,850.3428571428572,770.0,401.53,2024,1100310.0,Alexanderplatzviertel,,
,,1669,1518,1449,15,92,59,1325,43,809,39,597.074716981132,553.0,220.46,430.2307692307692,402.0,142.52,592.7291666666666,547.5,192.61,660.6326530612245,643.0,177.41,680.4457906976742,649.14,135.96,788.1702127659574,703.0,370.52,2024,1100311.0,Karl-Marx-Allee,,
,,1408,1298,1248,15,67,43,1147,30,673,27,606.5021795989538,569.0,196.62,496.38461538461536,496.0,86.77,608.8510638297872,571.0,167.77,709.1463414634146,701.0,129.66,739.7240000000002,704.573,151.48,947.8484848484848,822.0,449.8,2024,1100312.0,Heine-Viertel West,,
,,1299,1188,1149,15,65,45,1057,32,730,28,571.2346263008515,536.0,191.06,379.1818181818182,421.0,101.69,558.2857142857143,549.0,126.17,671.6,587.0,218.8,776.6873437499999,599.663,629.58,928.0571428571428,793.0,422.22,2024,1100313.0,Heine-Viertel Ost,,
,,488,413,389,3,51,24,367,31,259,27,541.465940054496,506.0,209.81,376.0,376.0,28.28,552.6052631578947,548.5,127.94,670.3947368421053,655.5,149.44,722.6060645161291,691.347,128.43,1061.9411764705883,1000.0,528.44,2024,1100414.0,Nordbahnhof,,
,,1318,1176,1130,8,77,65,1022,41,582,36,604.1066536203523,566.0,232.03,363.1666666666667,395.5,75.96,558.3770491803278,546.0,134.93,646.8727272727273,610.0,133.52,729.0021219512197,701.526,133.25,940.02,788.5,451.78,2024,1100415.0,Invalidenstraße,,
,,1015,905,867,9,46,64,784,13,479,13,595.483418367347,540.0,238.47,403.1428571428572,410.0,38.22,523.8064516129032,525.0,90.02,659.9130434782609,566.0,176.79,688.866,693.193,94.11,948.2448979591836,807.0,458.84,2024,1100416.0,Arkonaplatz,,
,,902,763,740,7,63,76,658,25,300,23,642.934650455927,617.5,204.34,522.0,523.0,97.47,596.6363636363636,562.0,144.8,749.5714285714286,713.0,171.01,771.9533600000002,734.423,185.06,885.483870967742,794.0,377.64,2024,1200517.0,Huttenkiez,,
,,723,676,641,12,28,19,586,7,326,7,610.7610921501706,575.5,192.14,473.27272727272725,428.0,129.98,551.1052631578947,525.0,204.39,849.7,738.5,248.07,630.5042857142856,629.31,68.27,894.1111111111111,906.5,291.23,2024,1200518.0,Beusselkiez,,
,,926,865,826,7,24,37,750,6,361,6,638.3373333333333,606.0,194.26,439.0,447.0,57.9,562.9166666666666,543.0,122.92,703.1538461538462,677.0,154.09,700.1343333333334,730.2950000000001,137.09,837.6060606060606,713.0,372.03,2024,1200519.0,Emdener Straße,,
,,1259,1151,1112,14,57,51,992,24,531,21,621.0957661290323,586.5,196.83,478.0,505.5,91.7,582.921052631579,545.0,194.96,683.6111111111111,683.0,138.32,704.01775,686.5930000000001,138.99,906.0444444444444,785.0,387.27,2024,1200520.0,Bremer Straße,,
,,680,642,614,2,19,18,545,4,312,4,593.2807339449541,565.0,202.83,600.0,600.0,,511.7,449.5,160.56,595.3636363636364,634.0,124.52,645.59025,651.3254999999999,50.25,728.1333333333333,584.0,391.62,2024,1200521.0,Zwinglistraße,,
,,1446,1340,1288,20,54,51,1165,12,665,12,592.6824034334763,564.0,211.62,414.1666666666667,400.5,73.3,509.8333333333333,513.5,101.26,626.0714285714286,633.0,156.72,663.8590833333333,636.96,86.99,706.3333333333334,522.0,372.71,2024,1200522.0,Elberfelder Straße,,
,,1250,1145,1082,6,51,51,994,14,493,12,641.1951710261569,602.5,199.85,527.6,514.0,49.8,584.4102564102565,533.0,141.71,648.2962962962963,624.0,122.76,714.7917142857143,694.0295,169.82,986.775,945.0,370.1,2024,1200623.0,Stephankiez,,
,,765,644,622,9,86,34,557,50,327,42,602.3662477558348,563.0,202.93,516.0,580.0,118.05,561.2112676056338,558.0,148.36,696.1311475409836,680.0,145.23,769.9403199999999,718.842,292.29,839.6666666666666,708.5,439.4,2024,1200624.0,Heidestraße,,
,,1074,992,935,15,46,36,867,25,492,24,615.9504036908882,577.0,205.26,508.9090909090909,478.0,186.72,529.1282051282051,514.0,91.48,641.6111111111111,616.5,138.28,675.08672,624.547,139.81,907.7586206896552,799.0,357.14,2024,1200625.0,Lübecker Straße,,
,,749,684,654,4,31,34,605,5,356,5,606.6628099173554,555.0,215.53,533.25,533.5,160.85,553.9565217391304,531.0,141.63,694.5833333333334,648.0,141.83,731.7306000000001,753.447,77.04,799.7692307692307,730.5,326.32,2024,1200626.0,Thomasiusstraße,,
,,841,805,750,12,22,14,692,5,386,5,612.5274566473988,574.5,196.63,459.3333333333333,436.0,103.92,575.8235294117648,545.0,147.17,627.0,626.0,71.0,647.7242,647.343,85.0,870.0,868.0,342.44,2024,1200627.0,Zillesiedlung,,
,,2982,2700,2632,14,234,48,2359,155,1366,128,604.6112759643917,554.0,242.26,420.8888888888889,418.0,112.4,578.3544973544973,561.0,184.81,679.9709302325581,664.0,158.03,801.6450258064513,765.24,260.55,754.5238095238095,574.5,360.25,2024,1200628.0,Lüneburger Straße,,
,,815,746,721,10,42,27,658,19,368,16,610.4559270516718,580.5,202.66,496.4285714285714,453.0,132.0,549.375,533.5,136.58,656.9583333333334,636.0,144.93,698.9857368421052,647.43,139.12,863.1904761904761,884.0,393.66,2024,1200629.0,Hansaviertel,,
,,1527,1209,1158,13,52,46,1040,18,534,17,626.6567307692308,594.0,193.55,444.3636363636364,444.0,81.82,617.875,574.0,133.92,763.3636363636364,754.5,116.7,759.0581111111112,751.45,71.07,844.6857142857143,786.0,337.77,2024,1300730.0,Drontheimer Straße,,
,,1000,919,882,9,40,40,799,17,318,15,672.6520650813517,642.0,205.18,453.8,450.0,158.15,665.1481481481482,627.0,188.89,775.3333333333334,764.5,113.85,765.8730000000002,767.423,120.83,944.2727272727273,767.5,465.23,2024,1300731.0,Koloniestraße,,
,,1167,1101,1049,12,27,38,961,9,429,6,652.7918834547346,627.0,194.41,466.9166666666667,495.0,104.94,634.4375,673.0,184.88,792.0,752.0,157.35,784.4772222222223,719.33,128.3,851.46875,728.0,387.02,2024,1300732.0,Soldiner Straße,,
,,1691,1551,1487,16,51,89,1347,10,693,7,641.6310319227914,595.0,222.09,471.4,454.0,47.58,580.6296296296297,543.0,131.59,695.2173913043479,640.0,162.63,778.8786,714.7885,222.59,874.3333333333334,741.0,430.13,2024,1300733.0,Gesundbrunnen,,
,,2230,2060,1986,12,97,73,1810,10,994,9,625.2187845303868,577.0,212.95,508.6,481.0,80.06,518.8166666666667,515.5,94.21,661.7083333333334,631.0,176.23,696.1677999999999,707.7750000000001,136.09,822.2241379310345,616.5,420.99,2024,1300834.0,Brunnenstraße,,
,,1512,1386,1314,9,63,62,1211,24,734,21,606.4574731626755,555.0,217.72,460.7142857142857,486.0,95.69,564.9795918367347,552.0,119.95,726.9142857142857,702.0,236.32,740.6021666666667,760.9285,160.39,892.9803921568628,649.0,444.71,2024,1300835.0,Humboldthain Süd,,
,,2502,2239,2130,23,141,120,1914,28,1251,27,556.8516196447231,514.0,211.59,373.7857142857143,367.5,67.77,510.1486486486487,469.0,193.07,699.843137254902,713.0,187.58,681.2308928571427,685.7929999999999,125.74,799.578947368421,583.0,450.28,2024,1300836.0,Humboldthain Nordwest,,
,,1686,1558,1487,15,60,67,1361,14,683,14,631.686994856723,599.0,203.82,456.9,454.5,71.55,572.0,533.0,192.06,696.9090909090909,704.5,143.48,688.8517857142858,678.2295,113.44,924.5098039215686,830.0,424.56,2024,1400937.0,Afrikanische Straße,,
,,2474,1236,1179,15,63,66,1069,24,618,20,601.2039289055192,565.0,208.79,426.07142857142856,421.0,72.41,615.0,621.0,140.87,761.1935483870968,759.0,168.15,764.5717916666666,749.7964999999999,117.93,890.7358490566038,930.0,332.66,2024,1400938.0,Kameruner Straße,,
,,911,835,783,10,37,39,731,2,461,1,580.3242134062928,522.0,232.26,367.375,378.0,52.33,554.4545454545455,518.0,190.38,789.6666666666666,802.0,230.34,721.3199999999999,721.3199999999999,363.89,817.9714285714285,818.0,323.12,2024,1400939.0,Glasgower Straße,,
,,1077,1009,962,13,42,26,870,9,489,8,612.0379310344828,568.5,210.32,381.44444444444446,396.0,66.94,557.68,543.0,113.94,733.2222222222222,702.0,110.46,734.7704444444444,712.22,164.06,713.3,591.5,290.85,2024,1400940.0,Schillerpark,,
,,624,600,567,8,13,11,528,3,308,3,593.4867424242424,572.5,170.92,423.0,434.0,67.31,585.1,529.5,126.46,695.6,652.0,133.06,763.3256666666667,808.94,111.53,812.0,777.0,189.52,2024,1400941.0,Londoner Straße,,
,,1221,1111,1068,10,51,58,960,17,610,13,585.775,541.0,214.63,413.2857142857143,422.0,64.68,574.0294117647059,500.0,265.34,738.7142857142857,749.0,176.48,857.0982352941176,788.25,312.61,889.925925925926,760.0,388.12,2024,1400942.0,Westliche Müllerstraße,,
,,1109,1043,994,15,35,31,897,6,593,5,576.1973244147157,525.0,221.92,427.4166666666667,430.0,88.22,509.55,449.0,206.24,745.875,671.5,346.49,739.9573333333333,722.547,141.22,832.7307692307693,747.5,334.36,2024,1401043.0,Antonstraße,,
,,1031,930,880,9,50,51,781,5,471,5,591.8860435339309,551.0,209.69,463.5,476.0,108.8,492.2608695652174,487.0,78.84,651.6,640.5,101.59,594.0162,593.5029999999999,31.01,925.421052631579,811.0,463.14,2024,1401044.0,Uferstraße,,
,,1075,1024,997,7,18,30,897,2,489,2,614.0847268673356,577.0,208.91,439.6,406.0,76.39,507.3636363636364,522.0,88.31,614.0,583.5,104.62,673.6534999999999,673.6534999999999,51.77,807.9629629629629,718.0,357.62,2024,1401045.0,Schwedenstraße,,
,,887,821,773,7,40,26,709,7,388,7,616.7616361071932,578.0,213.48,475.5,484.5,93.49,588.8947368421053,559.0,126.56,663.375,663.5,80.01,671.9007142857143,667.687,91.18,1056.75,1043.0,378.32,2024,1401046.0,Nordufer,,
,,1102,1026,992,8,41,35,898,7,569,7,583.1881959910913,534.0,219.92,447.0,423.0,47.76,620.3529411764706,555.0,282.08,696.0909090909091,702.0,122.08,672.8252857142858,679.577,55.23,966.1481481481482,1051.0,433.08,2024,1401047.0,Sparrplatz,,
,,1357,1238,1185,7,62,57,1073,14,665,13,587.8900279589935,539.0,209.45,411.8,402.0,104.87,561.9268292682926,541.0,129.74,740.3548387096774,769.0,132.48,765.4955714285716,748.2685,166.01,1014.1632653061224,1029.0,448.09,2024,1401048.0,Leopoldplatz,,
,,1718,1444,1354,19,32,44,1244,10,766,9,599.2612540192926,553.5,215.2,435.0769230769231,428.0,123.66,546.75,511.5,115.95,822.1333333333333,799.0,297.2,775.5919000000001,777.14,94.78,928.470588235294,852.5,457.34,2024,1401049.0,Schulstraße,,
,,1394,1194,1140,11,123,77,1034,66,576,55,617.6334622823985,577.5,196.95,476.8888888888889,461.0,125.16,601.0425531914893,577.5,131.27,746.2875,729.0,128.77,789.5313484848483,753.4884999999999,123.62,832.4925373134329,765.0,304.74,2024,2100101.0,Askanischer Platz,,
,,1649,1405,1341,9,160,84,1227,44,640,38,617.1629991850041,590.0,197.9,464.0,392.0,165.56,581.1089108910891,555.0,133.75,729.75,704.0,164.48,781.3097272727272,776.23,117.33,827.5,751.5,331.68,2024,2100102.0,Mehringplatz,,
,,668,609,580,5,33,26,547,13,362,9,582.7989031078611,547.0,200.56,468.0,587.0,191.75,561.5238095238095,527.0,132.46,713.7647058823529,667.0,161.63,801.0742307692307,760.404,137.64,789.3529411764706,662.0,305.01,2024,2100103.0,Am Berlin Museum,,
,,1060,958,920,10,53,49,829,23,572,21,561.4788902291918,520.0,191.64,365.125,347.5,101.68,521.40625,508.0,100.37,624.9677419354839,615.0,135.61,713.4824347826086,703.006,132.23,900.6,827.0,453.29,2024,2100104.0,Moritzplatz,,
,,1265,1160,1109,12,58,47,1016,12,688,11,564.2293307086615,513.5,209.96,431.0,441.0,59.46,506.80555555555554,487.0,135.28,660.2857142857143,654.0,157.29,726.1173333333332,754.3845,141.58,615.0,577.0,287.0,2024,2100105.0,Prinzenstraße,,
,,1288,1184,1140,7,49,55,1037,7,687,7,561.5226615236259,514.0,213.07,386.0,371.0,92.76,541.6,462.0,224.03,635.5,586.0,152.82,653.0910000000001,607.98,123.01,696.7906976744187,622.0,383.12,2024,2100106.0,Wassertorplatz,,
,,503,434,424,2,45,24,386,24,146,18,672.9430051813472,637.5,202.25,631.0,631.0,,680.96875,657.5,139.58,790.4642857142857,762.0,173.38,829.41525,795.26,142.68,1079.0,972.5,361.14,2024,2200207.0,Gleisdreieck,,
,,1078,1002,960,4,40,35,871,10,516,9,604.4638346727899,563.0,206.69,450.75,418.5,108.96,577.7307692307693,555.5,97.92,753.05,730.0,144.7,773.0734,750.0235,95.15,737.5714285714286,672.0,252.56,2024,2200208.0,Rathaus Yorckstraße,,
,,953,848,815,9,47,58,744,6,427,6,605.0524193548387,576.0,172.45,479.5,456.5,59.5,577.4615384615385,566.5,97.4,674.7142857142857,673.0,106.07,739.9851666666667,739.2635,62.73,891.5454545454545,747.0,356.68,2024,2200209.0,Viktoriapark,,
,,1458,1310,1253,10,58,88,1127,8,731,7,563.7941437444543,515.0,214.9,419.8888888888889,401.0,75.62,470.2142857142857,446.0,154.59,743.45,701.0,158.62,812.37325,730.015,266.22,718.75,571.5,377.63,2024,2200210.0,Urbanstraße,,
,,1532,1423,1370,13,66,42,1227,27,682,24,614.1703341483293,581.0,190.2,454.7,428.5,151.18,584.1363636363636,552.5,162.19,706.2777777777778,711.5,107.3,772.0693333333335,777.727,139.85,831.21875,745.5,353.76,2024,2200211.0,Chamissokiez,,
,,960,885,846,8,35,40,776,5,463,5,601.3170103092783,549.5,221.46,427.6666666666667,439.5,90.61,582.4761904761905,555.0,151.09,770.2307692307693,721.0,176.73,765.2126000000001,778.914,53.71,781.0909090909091,643.0,385.65,2024,2200212.0,Graefekiez Süd,,
,,1906,1217,1161,8,101,78,1037,34,619,30,596.2420443587271,558.0,195.34,426.8,429.0,47.03,523.4545454545455,490.0,147.17,731.2448979591836,708.0,181.53,773.0897941176472,743.5185,157.33,771.2413793103449,650.0,353.52,2024,2200213.0,Graefekiez Nord,,
,,1739,1646,1592,17,47,46,1427,17,1003,14,553.6825508058864,513.0,195.61,368.6923076923077,368.0,79.89,507.0,479.0,98.95,666.7727272727273,658.5,158.45,709.3994705882351,635.453,185.73,812.6486486486486,637.0,428.99,2024,2300314.0,Oranienplatz,,
,,931,853,811,6,44,33,742,10,510,8,550.377358490566,499.5,215.9,375.2,350.0,88.45,548.4090909090909,494.5,193.07,744.3157894736842,728.0,193.94,728.2891000000001,700.4435000000001,200.08,855.8888888888889,693.0,390.95,2024,2300315.0,Lausitzer Platz,,
,,756,699,674,13,25,32,603,8,427,7,555.7711442786069,517.0,195.41,444.22222222222223,407.0,98.65,656.0769230769231,605.0,257.17,820.1,637.0,399.07,703.956625,649.895,171.11,759.0909090909091,575.5,345.84,2024,2300316.0,Köpenicker Straße,,
,,1205,1112,1068,16,46,46,967,9,652,7,555.5098241985522,497.0,226.02,393.4375,398.0,80.82,512.3809523809524,486.0,151.82,664.5,703.5,168.99,749.2556666666667,758.64,128.38,787.4,677.5,394.27,2024,2300417.0,Reichenberger Straße West,,
,,1037,904,875,8,73,60,772,6,490,6,581.0699481865284,517.5,224.7,382.5,390.0,32.47,569.5588235294117,502.0,199.39,738.6666666666666,753.0,277.88,695.3315000000001,702.8130000000001,89.55,820.9183673469388,624.0,437.43,2024,2300418.0,Reichenberger Straße Ost,,
,,1356,1247,1210,11,54,55,1092,7,680,5,593.4093406593406,543.0,206.82,396.1111111111111,360.0,72.86,548.5652173913044,519.0,196.32,670.4666666666667,624.0,269.3,827.7728571428571,874.57,117.76,985.0222222222222,934.0,448.23,2024,2300419.0,Wrangelkiez,,
,,1559,1006,954,17,73,37,869,28,505,26,598.1323360184119,571.0,205.99,480.25,486.5,123.14,638.4634146341464,619.0,166.97,702.0,693.0,162.81,740.619607142857,738.0215000000001,99.45,779.5555555555555,759.0,267.43,2024,2400520.0,Barnimkiez,,
,,1005,931,892,9,27,46,811,6,499,6,589.1997533908755,556.0,202.49,436.5,477.5,114.11,572.6111111111111,518.0,150.87,764.5,748.0,198.79,689.2510000000001,715.5785000000001,140.37,845.030303030303,589.0,434.32,2024,2400521.0,Friedenstraße,,
,,1155,1084,1053,18,32,39,970,12,560,11,590.2474226804123,566.0,184.16,465.7142857142857,439.5,119.02,621.56,574.0,139.13,748.2631578947369,732.0,151.5,768.3110000000001,732.056,113.0,974.24,936.0,393.63,2024,2400522.0,Richard-Sorge-Viertel,,
,,2835,2635,2554,15,113,87,2332,43,1545,38,571.2268439108062,528.0,195.91,407.3333333333333,400.5,159.85,548.7285714285714,485.0,177.58,711.3064516129032,661.5,242.98,726.506023255814,684.277,158.76,880.2352941176471,788.5,422.18,2024,2400623.0,Andreasviertel,,
,,1512,1391,1267,9,61,57,1158,18,756,16,556.3929188255613,517.5,214.13,409.5,399.0,65.36,537.46875,468.0,165.01,715.5357142857143,749.5,190.37,771.1793333333331,771.7280000000001,212.74,749.1777777777778,507.0,450.09,2024,2400624.0,Weberwiese,,
,,1276,1110,1090,3,123,43,992,63,628,51,584.2318548387096,543.0,199.05,415.0,415.0,125.87,572.5243902439024,525.5,176.52,711.433734939759,667.0,189.43,791.2024761904763,762.747,155.73,735.7741935483871,619.0,435.84,2024,2400625.0,Wriezener Bahnhof,,
,,708,646,607,6,33,29,557,7,299,5,618.9874326750448,588.0,206.93,440.75,416.5,124.95,645.9375,645.5,146.93,749.2222222222222,717.5,216.85,832.3698571428573,801.077,160.71,742.4761904761905,617.0,307.48,2024,2500726.0,Hausburgviertel,,
,,609,553,535,6,39,17,494,8,307,7,594.7044534412955,562.0,202.98,433.0,459.5,140.77,564.7857142857143,550.5,168.52,641.6666666666666,674.0,100.07,786.6376250000001,797.395,81.13,808.75,649.0,482.62,2024,2500727.0,Forckenbeckplatz,,
,,1007,924,883,11,46,37,812,9,410,8,625.7278325123152,597.0,177.93,446.75,433.5,117.67,602.2857142857143,591.0,178.73,654.5,655.5,143.41,726.5702222222221,672.72,116.15,984.2592592592592,774.0,466.58,2024,2500728.0,Samariterviertel,,
,,719,667,635,7,29,23,584,8,275,8,649.236301369863,605.0,203.24,537.0,500.5,123.37,570.8181818181819,573.0,47.34,686.7777777777778,642.0,110.6,713.1252499999999,686.375,121.92,896.7058823529412,694.0,450.26,2024,2500729.0,Pettenkofer Straße,,
,,395,365,353,2,12,18,318,2,177,2,613.2641509433962,572.0,229.96,470.5,470.5,45.96,575.5454545454545,552.0,207.85,890.75,780.0,343.99,759.337,759.337,122.57,828.5384615384615,578.0,442.31,2024,2500830.0,Niederbarnimstraße,,
,,680,584,559,7,67,29,502,32,288,24,608.3505976095618,574.0,193.74,513.6666666666666,511.0,144.22,575.525,526.5,145.45,736.46,703.0,137.25,826.4053125,806.122,148.72,998.5652173913044,782.0,491.06,2024,2500831.0,Wismarplatz,,
,,730,662,633,9,36,32,568,8,336,5,614.7130281690141,572.0,211.78,491.4,440.0,93.41,675.2727272727273,615.0,217.13,720.45,669.0,223.16,819.2858749999999,805.0450000000001,131.81,847.96,617.0,413.94,2024,2500832.0,Traveplatz,,
,,1065,958,926,5,67,40,823,14,498,13,581.0959902794654,540.0,204.4,352.0,323.0,63.66,572.2051282051282,483.0,220.82,782.5151515151515,695.0,230.65,718.4015714285715,699.4269999999999,107.05,953.1666666666666,738.5,467.75,2024,2500833.0,Boxhagener Platz,,
,,1181,1097,1066,15,42,42,947,14,566,12,595.7254487856388,555.0,200.98,462.4285714285714,444.0,54.74,544.5384615384615,497.5,162.19,652.2083333333334,638.0,128.87,766.7794285714284,784.2405,117.13,860.448275862069,612.0,440.93,2024,2500834.0,Revaler Straße,,
,,2260,2098,2055,8,81,81,1841,34,967,27,627.827267789245,589.0,212.47,472.5,491.0,79.72,584.7948717948718,525.0,153.9,730.4897959183673,664.0,201.03,831.595294117647,824.558,124.05,989.3148148148148,897.5,394.17,2024,2500835.0,Stralauer Kiez,,
,,531,489,469,6,22,20,430,7,136,6,691.053488372093,673.5,167.29,519.0,525.0,47.23,637.4545454545455,630.0,116.17,772.0,747.0,155.0,759.5137142857142,790.386,129.62,1313.0,1554.0,478.55,2024,2500836.0,Stralauer Halbinsel,,
,,647,581,558,10,41,24,489,7,148,1,739.8323108384458,697.0,236.72,601.25,566.5,79.84,803.4333333333333,793.5,138.49,819.75,808.5,90.59,1066.3511428571428,1088.597,150.35,1084.8,933.0,427.25,2024,3100101.0,Bucher Forst,,
,,844,541,516,5,30,23,437,10,241,3,616.1098398169337,575.0,212.18,629.3333333333334,615.0,152.01,775.8181818181819,669.0,225.16,756.3,759.0,231.28,1033.4991,980.2815,201.27,916.75,811.0,282.79,2024,3100102.0,Klinikum Buch,,
,,1482,1394,1327,17,52,35,1138,12,673,3,629.4885764499121,571.0,225.79,481.6923076923077,459.0,77.0,797.90625,771.0,124.08,811.5769230769231,815.0,141.96,989.4318333333334,975.912,162.06,996.9230769230768,945.0,267.73,2024,3100103.0,Karower Chaussee,,
,,315,292,276,3,12,11,244,2,72,1,755.077868852459,699.5,263.67,527.3333333333334,554.0,91.95,684.0,703.0,97.75,1085.0,1085.0,,1177.892,1177.892,713.35,810.0,805.0,16.09,2024,3200204.0,Blankenfelde,,
,,942,889,836,10,27,26,743,6,155,4,751.1991924629879,716.0,210.98,526.125,494.5,145.16,576.0,562.5,154.87,801.3333333333334,778.0,107.08,840.3808333333333,789.1980000000001,136.55,772.5882352941177,737.0,212.88,2024,3200205.0,Uhlandstraße,,
,,711,679,644,10,14,18,573,4,182,2,699.0767888307155,654.0,198.2,521.1428571428571,514.0,58.2,531.0,557.0,113.81,864.25,915.5,185.65,837.75725,883.2964999999999,211.29,766.2727272727273,780.0,138.19,2024,3200206.0,Pastor-Niemöller-Platz,,
,,1038,980,933,13,29,29,832,8,258,5,710.703125,672.5,205.1,509.6,532.0,83.01,604.0,620.0,139.66,905.4444444444443,902.0,146.54,823.1427500000001,834.4214999999999,201.93,661.0,644.0,193.62,2024,3200207.0,Herthaplatz,,
,,478,467,443,4,2,9,396,1,130,0,727.790404040404,683.5,230.32,730.0,637.0,316.91,686.0,686.0,,947.0,947.0,,1245.12,1245.12,,1062.5,993.0,449.56,2024,3200308.0,Nisbléstraße,,
,,556,520,493,11,13,22,441,0,150,0,712.5600907029478,683.0,229.23,569.0,454.0,317.91,603.5714285714286,568.0,105.08,805.3333333333334,810.0,149.05,,,,944.7142857142856,872.5,423.39,2024,3200309.0,Eddastraße,,
,,794,754,721,6,21,19,661,4,169,2,736.5809379727685,696.0,208.45,515.3333333333334,501.5,41.97,671.625,658.5,177.33,933.5714285714286,955.0,223.86,948.48725,934.178,160.96,1021.6363636363636,897.0,450.16,2024,3200310.0,Krugpfuhl,,
,,1064,1013,965,7,25,26,831,5,472,2,638.5451263537906,570.0,237.61,568.1666666666666,518.0,152.41,687.2222222222222,665.0,211.24,866.1,874.0,145.51,903.8206,912.0,36.18,957.4666666666668,858.0,376.16,2024,3300411.0,Karow Nord,,
,,452,428,401,5,10,14,344,3,155,1,681.3255813953489,621.0,245.83,595.6666666666666,642.0,247.77,622.25,606.0,148.08,947.75,864.5,321.56,1197.366,1102.84,433.53,777.5,784.5,171.93,2024,3300412.0,Karow Bahnhof,,
,,221,202,191,3,4,15,163,2,72,0,654.8159509202454,628.0,235.37,551.5,551.5,222.74,736.0,732.0,169.94,632.0,632.0,,1414.6635,1414.6635,152.35,1099.428571428571,1082.0,430.98,2024,3300413.0,Karow Ost,,
,,849,802,776,6,25,22,716,4,224,3,712.5167597765363,672.0,216.86,527.0,564.0,142.27,634.0588235294117,619.0,145.28,699.8,679.0,89.9,806.76075,776.453,179.53,868.5,787.0,299.77,2024,3300514.0,Blankenburg,,
,,20,17,16,0,1,2,12,0,4,0,856.8333333333334,676.5,401.87,,,,661.0,661.0,,,,,,,,751.0,751.0,213.55,2024,3300515.0,Blankenburger Süden,,
,,1163,1084,1036,7,54,25,938,17,385,14,672.1066098081023,633.0,201.65,518.6,483.0,103.47,627.28,620.0,167.5,710.5,641.5,193.0,762.1432352941175,699.04,178.5,969.0,815.0,347.17,2024,3300516.0,Heinersdorf,,
,,210,192,182,3,4,14,167,0,74,0,708.9880239520958,649.0,260.36,374.5,374.5,84.15,809.75,609.0,455.52,,,,,,,834.5555555555555,796.0,227.48,2024,3300517.0,Märchenland,,
,,421,394,372,9,12,15,327,2,63,2,773.0611620795107,741.0,224.68,564.3333333333334,588.0,110.03,654.5555555555555,653.0,75.74,929.0,737.0,335.16,781.29,781.29,40.67,890.0,822.0,214.13,2024,3400618.0,Rosenthal,,
,,1064,996,952,10,34,34,865,9,366,7,682.8323699421966,642.0,222.29,465.44444444444446,440.0,119.63,641.9130434782609,541.0,238.25,898.3125,859.5,295.15,900.5382222222221,851.954,287.01,764.3333333333334,658.5,323.03,2024,3400619.0,Wilhelmsruh,,
,,511,470,451,11,20,21,401,3,125,3,714.4788029925187,675.0,211.26,541.875,587.5,150.84,641.7857142857143,595.0,188.79,766.6666666666666,746.5,173.78,734.2603333333333,769.097,92.12,887.5714285714286,811.5,267.83,2024,3400620.0,Schönholz,,
,,919,864,828,11,22,33,756,6,314,5,665.25,629.5,203.84,440.5,457.0,84.22,634.0833333333334,613.5,170.07,764.0,757.0,130.6,753.5281666666666,704.8845,129.29,945.4583333333334,831.5,364.45,2024,3400721.0,Florakiez,,
,,648,603,581,12,22,23,536,4,240,4,658.3843283582089,624.5,198.91,457.0,471.0,104.59,645.4666666666667,608.0,243.69,836.0,843.0,123.84,776.6410000000001,806.0035,103.72,874.0555555555555,809.5,360.68,2024,3400722.0,Parkstraße,,
,,1230,852,820,7,29,32,743,8,384,8,638.114401076716,589.0,242.08,433.25,411.5,94.6,608.6,612.0,151.26,902.5714285714286,810.0,365.06,726.47775,702.8444999999999,110.7,869.047619047619,728.0,370.81,2024,3400723.0,Garbátyplatz,,
,,840,774,723,10,28,37,655,4,303,2,684.4152671755725,640.0,259.36,516.5,489.0,100.6,588.0,541.5,237.08,827.4545454545455,861.0,256.37,965.521,956.5685,197.37,963.8260869565216,775.0,555.76,2024,3400724.0,Wolfshagener Straße,,
,,867,837,794,9,13,17,727,2,335,1,674.4718019257222,627.0,229.65,487.6,466.0,82.48,571.4285714285714,577.0,96.43,807.25,798.0,266.76,844.9135000000001,844.9135000000001,289.43,941.7,905.5,495.79,2024,3400725.0,Schlosspark,,
,,1010,956,920,7,27,27,819,3,328,2,668.4932844932845,648.0,221.24,480.7142857142857,431.0,98.01,719.45,692.0,202.17,776.3333333333334,712.0,282.78,800.83,798.93,129.83,950.3,804.0,425.06,2024,3400826.0,Tiroler Viertel,,
,,898,801,751,10,59,37,692,43,291,43,653.900289017341,629.5,182.81,588.8888888888889,578.0,201.83,612.6808510638298,612.0,106.04,679.7826086956521,667.0,95.3,715.2355116279069,707.707,70.74,917.7931034482758,883.0,385.79,2024,3400827.0,Trelleborger Viertel,,
,,423,381,363,1,17,25,333,9,122,7,677.8648648648649,649.0,187.89,344.0,344.0,,628.5454545454545,597.0,142.43,665.3,681.0,51.85,812.3756666666666,720.5,204.78,1130.8,1121.0,382.89,2024,3400828.0,Spiekermann Straße,,
,,648,608,581,6,11,29,535,1,197,1,686.6093457943925,663.0,208.93,492.0,492.0,112.36,670.0,669.0,107.9,813.1666666666666,764.5,177.46,665.276,665.276,,829.2631578947369,841.0,325.99,2024,3400829.0,Arnold-Zweig-Straße,,
,,748,693,650,9,27,28,607,5,303,4,644.00823723229,601.0,220.98,449.0,454.0,93.49,617.3888888888889,589.0,192.97,774.0,759.0,141.84,799.8520000000001,786.174,143.33,1019.8333333333334,896.0,413.64,2024,3400830.0,Kissingenviertel,,
,,72,57,57,1,4,11,52,0,27,0,642.1538461538462,563.0,271.38,320.0,320.0,,,,,,,,,,,898.75,826.5,450.96,2024,3400831.0,Pankower Tor,,
,,787,739,712,4,32,16,670,9,314,9,653.3865671641792,613.5,204.74,487.3333333333333,445.0,139.41,591.9411764705883,597.0,68.64,656.2,685.0,88.3,750.393111111111,751.473,93.0,676.6153846153846,622.0,220.71,2024,3500932.0,Bühringstraße,,
,,1273,963,904,15,42,41,843,10,499,5,597.1138790035587,543.0,224.22,434.0,421.0,103.23,487.0869565217391,478.0,98.08,701.6315789473684,636.0,260.71,908.2942,898.3154999999999,164.94,672.90625,598.5,343.93,2024,3500933.0,Weißer See,,
,,953,852,817,5,40,61,744,10,360,10,651.4569892473119,612.5,209.65,561.6666666666666,561.0,12.01,617.1851851851852,583.0,187.33,691.9545454545455,686.5,142.61,745.8731,769.0365,93.48,768.85,688.0,296.0,2024,3500934.0,Weißenseer Spitze,,
,,518,487,470,2,14,17,443,2,250,0,619.3702031602709,568.0,212.06,338.0,338.0,0.0,589.7,514.5,151.88,691.25,733.0,175.08,1115.752,1115.752,225.91,645.8,636.0,222.43,2024,3500935.0,Behaimstraße,,
,,817,767,732,7,19,31,679,4,365,4,629.9042709867452,587.0,199.77,479.0,491.0,88.93,565.3,508.5,197.91,624.8571428571429,658.0,171.01,717.9135,724.91,41.31,720.9565217391304,677.0,294.2,2024,3500936.0,Komponistenviertel Weißensee,,
,,1370,1293,1228,13,52,25,1130,21,558,16,641.9451327433628,606.0,213.25,487.25,501.0,59.45,589.8181818181819,553.0,213.33,685.7,673.0,179.98,869.6609523809523,853.46,191.96,669.1764705882352,647.0,260.11,2024,3501037.0,Rathaus Weißensee,,
,,1158,1034,983,16,31,21,910,6,410,3,665.2032967032967,625.5,203.73,496.1428571428572,509.0,101.29,614.2857142857143,629.5,105.38,639.7777777777778,626.0,108.23,938.5285,907.3085,123.22,799.3076923076923,728.0,342.71,2024,3501038.0,Hansastraße,,
,,394,360,341,5,17,17,308,9,120,8,661.4577922077922,642.5,196.27,567.3333333333334,591.0,45.39,651.6428571428571,657.0,116.19,695.8888888888889,670.0,168.84,767.3252222222222,735.154,97.46,976.3,819.0,375.35,2024,3601139.0,Norweger Viertel,,
,,475,410,400,5,26,39,364,0,144,0,677.1895604395604,645.0,204.63,546.8,544.0,68.53,638.7692307692307,644.0,72.6,804.2,765.5,197.43,,,,936.1851851851852,866.0,323.7,2024,3601140.0,Malmöer Straße,,
,,595,535,518,11,25,35,466,3,216,3,641.4399141630902,612.5,194.75,436.875,429.0,99.06,598.75,594.5,75.6,643.0714285714286,655.5,157.64,744.68,719.58,100.66,952.2307692307692,905.5,357.44,2024,3601141.0,Arnimplatz,,
,,1287,1189,1150,5,54,44,1046,7,509,5,643.6261950286807,608.0,223.45,435.25,444.5,121.52,553.7272727272727,550.0,108.17,697.625,638.5,173.17,782.5074285714285,707.303,179.57,905.4137931034484,669.0,406.02,2024,3601142.0,Falkplatz,,
,,688,613,598,7,41,34,539,2,232,2,654.5658627087198,629.0,208.5,569.2,585.0,170.44,611.5,577.0,142.62,687.4615384615385,635.0,124.8,641.29,641.29,87.94,883.4782608695652,847.0,282.14,2024,3601243.0,Rodenbergstraße,,
,,566,514,477,1,26,26,433,4,193,4,636.2009237875288,615.0,176.08,331.0,331.0,,559.9,561.5,116.24,707.0909090909091,660.0,135.78,659.05,658.1030000000001,48.7,872.1428571428571,791.0,388.75,2024,3601244.0,Humannplatz,,
,,1376,1287,1234,20,41,48,1108,5,582,4,614.8429602888086,587.5,202.43,466.375,468.0,105.16,558.6818181818181,556.5,127.43,669.7894736842105,642.0,124.65,752.5146000000001,680.39,187.08,850.5714285714286,778.0,314.48,2024,3601245.0,Ostseestraße,,
,,392,356,333,1,18,18,306,4,158,3,633.5751633986928,586.0,207.3,384.0,384.0,,485.84615384615387,476.0,106.73,631.0,594.0,228.59,817.645,835.0264999999999,97.97,852.2666666666667,765.0,333.06,2024,3601346.0,Gethsemanekirche,,
,,689,631,601,1,27,31,533,3,270,2,640.155722326454,596.0,226.1,,,,539.6470588235294,501.0,141.91,694.7272727272727,730.0,208.25,757.3266666666667,752.547,180.23,1006.0434782608696,893.0,408.75,2024,3601347.0,Helmholtzplatz,,
,,471,423,405,3,18,30,364,2,148,2,669.7967032967033,633.0,203.66,439.3333333333333,448.0,114.25,551.9230769230769,568.0,129.32,659.9090909090909,632.0,176.6,569.415,569.415,18.0,980.6666666666666,798.0,442.35,2024,3601348.0,Senefelderstraße,,
,,1637,1548,1465,16,43,46,1325,16,676,14,621.9169811320754,594.0,183.52,511.73333333333335,506.0,130.23,565.9565217391304,574.0,109.61,689.8181818181819,671.5,105.77,784.5829375000001,763.1465000000001,128.4,849.5555555555555,840.0,297.88,2024,3601449.0,Michelangelostraße,,
,,1209,1104,1040,10,59,46,968,24,396,20,656.63326446281,629.0,199.72,664.8888888888889,558.0,389.59,646.3157894736842,622.0,158.11,714.3823529411765,718.5,90.3,791.9025416666668,718.3645,205.5,916.4102564102564,904.0,296.46,2024,3601450.0,Volkspark Prenzlauer Berg,,
,,560,513,489,3,33,13,445,3,219,2,626.4831460674158,605.0,191.04,489.0,502.0,26.06,703.8181818181819,670.0,140.39,683.5555555555555,662.0,76.76,766.3006666666666,703.753,155.82,692.0,632.0,204.62,2024,3601451.0,Anton-Saefkow-Park,,
,,621,573,557,9,23,25,514,2,231,1,644.0778210116731,618.5,218.56,410.5,446.5,121.94,640.125,605.5,121.88,701.0,703.0,47.81,826.683,826.683,247.24,942.6111111111112,825.5,393.1,2024,3601452.0,Velodrom,,
,,371,311,301,4,36,24,274,7,132,5,650.9197080291971,612.0,203.67,494.0,494.0,9.9,591.4705882352941,571.0,107.03,713.7647058823529,684.0,119.44,801.1778571428571,774.75,104.69,978.8235294117648,842.0,447.8,2024,3601453.0,Alter Schlachthof,,
,,918,843,810,8,30,45,722,7,421,6,598.1509695290858,557.0,221.84,370.25,361.5,49.78,522.1739130434783,516.0,92.91,630.3846153846154,565.0,154.46,715.3961428571429,619.323,215.29,895.5625,732.0,430.79,2024,3701554.0,Teutoburger Platz,,
,,838,786,765,4,20,32,683,6,335,4,632.614934114202,609.0,216.12,397.3333333333333,419.0,45.54,512.1333333333333,521.0,137.99,704.8,717.5,173.89,835.291,840.483,113.8,908.5833333333334,813.5,443.73,2024,3701555.0,Sredzkistraße,,
,,624,544,520,10,40,39,466,17,245,17,623.7789699570816,587.5,208.61,470.875,460.0,110.45,546.3214285714286,557.5,128.03,685.7692307692307,618.5,179.0,686.3124117647059,655.95,84.5,1053.1470588235295,878.0,484.78,2024,3701556.0,Kollwitzplatz,,
,,518,464,440,5,22,32,394,5,169,5,647.5761421319797,628.0,197.47,574.0,603.5,69.88,652.75,648.5,85.68,742.1666666666666,734.5,32.59,747.9706,718.59,84.5,960.76,862.0,359.05,2024,3701657.0,Thälmannpark,,
,,437,385,369,2,29,23,341,7,170,5,620.0381231671554,601.0,185.16,346.0,346.0,,602.65,582.5,129.3,721.5555555555555,703.5,146.26,797.7872857142858,793.36,131.59,809.1428571428571,672.5,367.74,2024,3701658.0,Christburger Straße,,
,,703,620,586,9,29,54,529,6,284,5,623.7013232514178,592.0,186.07,527.2857142857143,490.0,76.94,602.1176470588235,604.0,160.42,730.5238095238095,703.0,175.81,735.19,688.937,159.37,866.1063829787234,789.0,308.16,2024,3701659.0,Immanuelkirchstraße,,
,,914,849,801,10,32,33,734,6,383,6,622.3651226158038,593.0,190.14,377.0,357.5,98.49,634.75,644.5,127.82,706.6666666666666,713.0,102.95,663.362,673.619,72.77,866.0,720.0,387.42,2024,3701660.0,Bötzowstraße,,
,,2272,2087,1988,22,86,92,1805,17,575,14,694.2963988919668,668.0,196.45,552.0555555555555,550.5,123.33,705.1034482758621,642.0,291.41,805.9,787.5,173.1,837.7145294117647,780.183,160.01,803.0441176470588,763.5,299.06,2024,4100101.0,Jungfernheide/Plötzensee,,
,,1103,1038,976,15,21,44,894,3,274,3,696.0671140939597,669.5,183.49,543.3571428571429,542.5,74.49,672.75,663.0,102.32,778.5,768.0,174.7,745.5323333333334,710.384,117.5,838.8048780487804,789.0,356.32,2024,4100102.0,Paul-Hertz-Siedlung,,
,,621,570,561,4,32,19,497,17,165,10,717.1750503018109,682.0,280.31,619.0,624.0,42.72,696.0,680.0,102.92,794.1052631578947,809.0,198.92,881.6299411764707,842.567,160.08,1086.3529411764705,1033.0,424.34,2024,4200203.0,Olympiagelände,,
,,497,478,439,7,8,11,399,3,113,3,713.719298245614,679.0,198.28,570.5,584.5,39.32,629.8,617.0,55.4,741.0,697.0,230.2,767.8536666666665,772.367,54.11,1062.4,969.5,411.6,2024,4200204.0,Angerburger Allee,,
,,682,569,548,5,12,9,508,7,111,6,734.4842519685039,706.0,195.09,555.0,521.5,90.14,672.7142857142857,650.0,162.62,726.0,730.0,136.9,771.6147142857143,723.97,132.16,1126.6,1118.0,171.89,2024,4200205.0,Flatowallee,,
,,366,334,310,4,9,23,273,1,87,1,708.4945054945055,665.0,201.49,509.0,515.0,51.08,621.3333333333334,650.0,71.45,835.0,835.0,,698.18,698.18,,958.3333333333334,816.0,446.24,2024,4200206.0,Kranzallee,,
,,465,424,415,2,15,25,365,0,74,0,780.8575342465754,740.0,243.53,571.0,571.0,60.81,933.6666666666666,865.0,180.1,1164.3333333333333,1371.0,361.43,,,,1115.75,1106.5,416.47,2024,4200207.0,Eichkamp,,
,,1431,880,851,12,39,45,766,14,319,10,656.8694516971279,630.5,210.63,519.0,447.0,121.53,646.2,623.5,155.29,753.5,734.5,141.95,808.1261428571428,784.7570000000001,107.87,888.53125,836.5,256.87,2024,4200308.0,Branitzer Platz,,
,,723,682,642,3,17,24,585,4,241,3,662.6136752136753,628.0,203.54,490.0,456.0,132.32,621.9,613.0,97.48,767.8571428571429,791.0,105.81,770.155,739.7149999999999,94.91,996.75,832.5,394.17,2024,4200309.0,Neu Westend,,
,,1196,1108,1068,12,33,55,973,8,465,5,653.6258992805756,610.0,212.32,474.9,477.0,87.5,617.9375,567.0,175.24,730.0,796.0,194.03,856.505,856.1135,141.48,1005.9285714285714,947.0,403.75,2024,4200310.0,Fürstenplatz,,
,,1437,1289,1243,15,70,78,1069,31,556,24,623.9513564078578,589.0,221.83,421.54545454545456,426.0,117.54,630.8333333333334,590.0,204.62,791.625,790.5,146.28,821.80464516129,806.766,105.31,891.3392857142857,831.5,363.59,2024,4200311.0,Königin-Elisabeth-Straße,,
,,1002,693,659,12,40,44,614,14,303,12,628.885993485342,603.5,223.73,478.1111111111111,441.0,104.77,716.9047619047619,689.0,210.73,775.68,744.0,169.95,809.4567857142857,762.1585,163.26,833.921052631579,824.5,309.52,2024,4300412.0,Schlossgarten,,
,,1042,965,916,11,33,43,835,4,471,4,602.6347305389221,565.0,207.38,441.7142857142857,393.0,111.67,591.4166666666666,530.5,172.14,715.3333333333334,713.0,130.18,715.8969999999999,730.642,84.8,816.7837837837837,759.0,279.38,2024,4300413.0,Klausenerplatz,,
,,1249,1150,1073,11,40,59,976,3,591,3,579.8924180327868,548.0,211.67,389.0,360.0,52.52,497.2941176470589,457.0,149.29,667.4,696.0,132.7,609.51,657.97,141.19,774.0888888888888,691.0,363.56,2024,4300414.0,Schloßstraße,,
,,890,807,768,7,36,47,696,6,390,6,609.1149425287356,560.5,225.52,424.0,427.0,78.8,506.44444444444446,460.0,114.18,733.6923076923077,765.0,175.95,796.8896666666666,810.2885,46.13,931.4634146341464,1045.0,357.35,2024,4300415.0,Lietzensee,,
,,1417,1317,1271,20,41,58,1158,9,783,8,551.9024179620035,499.5,220.81,374.84615384615387,351.0,112.79,479.4705882352941,397.0,154.86,628.6190476190476,616.0,243.39,681.097888888889,677.804,150.66,737.2291666666666,532.0,383.7,2024,4300416.0,Amtsgerichtsplatz,,
,,1351,1254,1187,4,47,50,1081,10,551,9,624.7650323774283,598.0,189.73,446.0,431.0,143.09,625.5217391304348,568.0,214.41,664.2608695652174,663.0,87.96,696.7657000000002,639.9865,133.39,768.0,707.5,239.84,2024,4300517.0,Tegeler Weg,,
,,1206,1108,1055,12,60,38,961,35,459,33,640.1841831425598,613.0,211.92,448.8571428571428,422.0,105.71,578.55,575.5,76.54,673.3333333333334,663.0,109.76,718.9358285714286,691.99,133.74,904.6,785.0,405.98,2024,4300518.0,Kaiserin-Augusta-Allee,,
,,1011,942,887,8,26,42,803,3,430,3,605.93399750934,585.0,197.74,439.2,482.0,132.12,596.8888888888889,524.0,218.8,525.8571428571429,537.0,68.49,580.653,582.99,59.99,947.2058823529412,912.0,394.57,2024,4300619.0,Alt-Lietzow,,
,,588,495,481,4,56,37,435,25,238,22,618.8137931034482,584.0,211.7,458.3333333333333,438.0,68.79,522.6571428571428,499.0,103.68,639.9,607.5,162.22,681.64444,669.87,112.1,730.9,641.0,312.58,2024,4300620.0,Spreestadt,,
,,1571,1462,1396,17,57,52,1271,25,757,23,594.234461054288,550.0,214.22,394.3333333333333,379.0,90.45,498.8529411764706,471.5,116.63,674.5135135135135,659.0,132.32,680.8588800000001,659.563,100.23,818.9285714285714,727.5,315.89,2024,4300621.0,Richard-Wagner-Straße,,
,,1231,1071,1040,18,109,50,929,68,562,61,599.3692142088267,553.0,209.25,440.9230769230769,438.0,68.35,549.5733333333334,527.0,109.14,621.5733333333334,593.0,132.73,702.7726029411764,674.5985000000001,135.62,693.578947368421,645.5,259.81,2024,4300622.0,Ernst-Reuter-Platz,,
,,1821,1656,1607,16,94,71,1479,27,910,24,589.9871534820825,541.0,219.96,413.54545454545456,431.0,88.72,505.09090909090907,508.0,91.07,671.1730769230769,655.0,154.82,694.1157777777778,643.077,177.27,809.6229508196722,660.0,358.68,2024,4300623.0,Karl-August-Platz,,
,,1148,1060,1011,11,37,51,918,11,596,11,578.9389978213508,548.5,189.31,437.125,415.0,70.72,546.45,498.0,203.52,722.3157894736842,564.0,357.16,652.1023636363635,659.597,112.74,797.6744186046511,762.0,275.4,2024,4300624.0,Savignyplatz,,
,,48,31,31,0,3,14,20,0,3,0,844.95,772.0,289.67,,,,,,,,,,,,,850.0,772.0,306.18,2024,4400725.0,Güterbahnhof Grunewald,,
,,825,749,714,8,37,39,640,8,258,7,657.2953125,635.0,186.39,458.0,458.0,73.54,733.0909090909091,701.0,129.96,788.9090909090909,779.5,129.54,794.589625,810.028,91.32,980.969696969697,1006.0,341.73,2024,4400726.0,Bismarckallee,,
,,1165,795,741,7,30,46,664,6,288,5,635.2740963855422,616.5,171.59,504.8333333333333,543.5,99.98,672.6153846153846,691.0,122.2,719.6428571428571,696.5,136.13,882.4858333333333,792.8495,338.56,842.1764705882352,871.0,319.57,2024,4400727.0,Flinsberger Platz,,
,,351,320,307,3,14,17,277,7,65,4,719.1263537906137,699.0,182.26,616.0,600.0,85.14,781.7142857142857,828.0,86.32,812.0,814.0,98.53,869.1814285714285,890.37,76.88,1089.7692307692307,975.0,343.08,2024,4400728.0,Hagenplatz,,
,,390,359,343,3,11,20,307,2,54,2,726.0358306188925,699.0,169.17,651.6666666666666,666.0,53.95,884.2,837.0,136.96,918.3333333333334,903.0,161.67,748.1555,748.1555,51.55,1007.1052631578948,1009.0,334.01,2024,4400729.0,Hundekehle,,
,,1101,1040,1000,13,30,31,931,8,325,7,684.6659505907626,657.0,197.84,562.3333333333334,599.0,137.04,651.7,619.0,131.2,691.8947368421053,703.0,121.16,795.8022500000001,754.5355,110.08,986.3333333333334,987.0,258.4,2024,4400830.0,Forckenbeckstraße,,
,,220,213,199,0,4,3,186,1,44,1,707.2311827956989,692.0,161.04,,,,649.3333333333334,629.0,75.58,743.0,743.0,,753.42,753.42,,1065.0,1065.0,113.14,2024,4400831.0,Messelpark,,
,,815,778,733,9,15,22,671,1,235,1,680.6706408345752,652.0,185.66,515.0,519.5,78.03,735.8333333333334,738.5,128.77,767.5,811.5,111.96,731.33,731.33,,1110.8333333333333,1004.0,446.24,2024,4400832.0,Breite Straße,,
,,607,559,528,8,22,26,483,10,201,8,671.2049689440994,635.0,202.48,581.0,579.0,39.03,635.75,609.5,97.16,794.1538461538462,747.0,168.07,801.7236,790.8615,73.76,848.8125,815.0,211.11,2024,4400833.0,Schlangenbader Straße,,
,,439,391,370,2,13,34,342,4,182,4,610.9590643274854,585.5,178.76,414.0,414.0,,683.875,713.5,146.4,901.1428571428572,807.0,286.96,747.4862499999999,729.421,124.65,740.5238095238095,688.0,271.05,2024,4400834.0,Binger Straße,,
,,972,917,876,9,23,32,792,5,427,5,631.8358585858585,587.0,211.82,476.25,447.0,130.6,613.8235294117648,583.0,120.25,811.2727272727273,799.0,140.87,727.6292,706.016,103.73,999.16,916.0,376.16,2024,4400835.0,Rüdesheimer Platz,,
,,695,633,615,4,25,37,564,7,352,7,597.4822695035461,548.5,217.97,342.6666666666667,343.0,120.5,517.6,505.0,138.94,632.5,543.0,275.31,593.0007142857143,598.28,99.23,870.4615384615385,807.0,269.93,2024,4500936.0,Droysenstraße,,
,,1140,1052,1001,9,35,53,911,14,546,10,606.8463227222832,555.0,217.13,426.3333333333333,409.0,58.97,599.8695652173913,551.0,211.89,780.1052631578947,687.0,295.42,737.6569999999999,668.8820000000001,179.86,861.0888888888888,815.0,364.37,2024,4500937.0,Halensee,,
,,1039,954,907,6,42,43,840,18,524,15,592.775,549.0,191.43,497.6,521.0,62.38,576.8571428571429,543.5,181.8,703.3793103448276,664.0,173.54,723.3070000000002,683.9100000000001,154.23,872.6969696969697,810.0,322.47,2024,4500938.0,Hochmeisterplatz,,
,,870,813,779,9,25,32,730,6,475,6,587.9876712328767,537.5,201.92,402.0,405.0,23.63,543.75,533.5,81.2,691.1538461538462,636.0,209.38,682.5841666666666,679.24,71.98,695.4814814814815,643.0,200.93,2024,4500939.0,Eisenzahnstraße,,
,,648,583,561,5,32,33,516,11,310,10,612.2112403100775,565.0,210.86,477.6666666666667,443.0,96.77,558.1111111111111,544.0,80.54,589.0588235294117,564.0,97.25,672.777818181818,599.427,245.66,737.8333333333334,718.5,193.19,2024,4501040.0,Hindemithplatz,,
,,971,812,779,10,92,67,698,27,452,25,583.3538681948424,548.0,190.68,486.8,495.5,129.55,531.983606557377,512.0,124.55,630.468085106383,581.0,153.4,702.1342222222222,696.85,134.85,748.0416666666666,683.5,297.97,2024,4501041.0,George-Grosz-Platz,,
,,3442,3124,3034,30,242,75,2685,110,1537,100,607.9694599627561,565.0,218.04,415.875,408.0,101.92,559.312101910828,532.0,171.23,664.5588235294117,668.5,158.83,734.9216454545456,710.452,141.42,724.1071428571429,594.5,351.92,2024,4501042.0,Breitscheidplatz,,
,,1201,1045,1007,17,75,81,929,21,598,20,586.4241119483315,541.0,196.38,461.4285714285714,439.5,141.61,571.575,529.5,147.33,600.8333333333334,596.0,101.0,703.1130476190475,721.053,134.68,722.1527777777778,654.0,302.95,2024,4501043.0,Preußenpark,,
,,724,651,604,5,47,26,554,31,373,28,571.5992779783394,524.5,182.92,370.5,408.5,97.3,505.0,467.0,152.29,571.0769230769231,561.0,131.54,706.0549032258064,687.946,163.43,811.0454545454545,630.0,383.9,2024,4501044.0,Ludwigkirchplatz,,
,,1349,1188,1142,14,101,59,1051,46,707,43,556.1541389153188,526.0,186.62,439.9090909090909,453.0,61.49,511.4354838709677,448.5,144.74,637.5967741935484,661.0,169.74,690.6814565217389,669.74,144.08,691.92,622.0,290.44,2024,4501045.0,Schaperstraße,,
,,595,535,502,5,34,25,456,8,301,8,572.0986842105264,536.5,201.26,353.0,368.0,88.49,587.5217391304348,557.0,141.04,638.5384615384615,625.0,100.12,653.221125,609.0335,79.45,763.65,715.5,356.3,2024,4501146.0,Barstraße,,
,,677,623,599,5,14,38,547,4,388,4,543.7239488117002,503.0,193.13,406.5,387.5,81.03,568.3,508.5,210.11,672.6,623.0,189.66,744.0585,757.5485,96.05,644.516129032258,544.0,299.34,2024,4501147.0,Leon-Jessel-Platz,,
,,883,493,474,2,35,41,426,14,281,14,572.1408450704225,533.0,181.75,427.0,427.0,28.28,534.3,520.0,106.65,637.7142857142857,636.0,104.58,665.5120714285714,651.788,106.91,762.2647058823529,767.5,245.11,2024,4501148.0,Brabanter Platz,,
,,1225,1102,1050,10,64,45,959,33,628,31,576.754953076121,527.0,211.84,469.8571428571428,476.0,144.91,559.4791666666666,517.5,148.39,613.2244897959183,583.0,168.02,693.598090909091,694.87,93.7,693.4146341463414,620.0,273.47,2024,4501149.0,Nikolsburger Platz,,
,,704,671,652,8,16,17,595,4,385,4,571.1226890756302,526.0,198.92,467.75,461.5,99.43,549.6666666666666,546.0,106.42,651.4545454545455,616.0,131.95,737.68125,752.0495,94.76,666.5714285714286,623.5,263.36,2024,4501150.0,Wilhelmsaue,,
,,621,579,551,6,20,22,503,2,326,2,591.7037773359841,537.0,211.58,398.0,404.0,29.56,574.5384615384615,524.0,207.76,612.25,602.0,109.71,619.325,619.325,23.09,1058.357142857143,801.5,508.7,2024,4501151.0,Hildegardstraße,,
,,761,699,666,6,37,25,616,8,398,7,585.8636363636364,550.0,187.31,479.25,458.5,139.8,542.2142857142857,472.5,159.1,693.2692307692307,690.0,192.07,748.749875,748.9615,129.33,743.5,680.5,285.7,2024,4501152.0,Prager Platz,,
,,917,842,797,9,37,38,741,16,470,16,584.3643724696357,544.0,195.22,449.6666666666667,477.0,132.91,546.7619047619048,534.0,106.1,651.0434782608696,630.0,130.31,684.9226874999999,672.3955,69.56,868.46875,819.5,331.77,2024,4501153.0,Babelsberger Straße,,
,,957,893,840,14,21,32,749,6,135,4,783.5033377837116,745.0,217.06,674.6666666666666,683.0,106.42,707.75,702.0,85.62,783.5,782.5,100.11,897.9535,895.942,123.5,1035.1851851851852,929.0,343.41,2024,5100101.0,Hakenfelde Nord,,
,,481,448,419,12,20,13,375,3,132,1,688.2266666666667,646.0,201.79,543.375,556.5,141.73,773.2,757.5,174.78,836.4,774.0,186.7,1027.453,1014.743,215.57,938.5555555555557,954.0,209.55,2024,5100102.0,Am Forstacker,,
,,653,611,574,5,18,24,515,2,221,1,670.3825242718447,628.0,207.06,544.5,552.5,100.54,691.8,671.0,168.23,711.7142857142857,682.0,114.08,851.5899999999999,851.5899999999999,157.86,974.5625,917.5,346.15,2024,5100103.0,Mertensstraße,,
,,1020,964,918,13,36,20,846,12,414,9,647.0744680851063,603.5,199.3,504.7,501.0,99.04,703.5185185185185,646.0,257.17,701.3181818181819,672.0,141.13,850.4144166666665,845.4245000000001,184.28,1000.0666666666668,798.0,406.58,2024,5100104.0,Maselake,,
,,716,666,628,9,25,25,556,2,250,1,646.4802158273382,620.5,205.19,441.5,459.0,72.68,740.8333333333334,708.0,146.27,790.25,743.5,130.99,856.918,856.918,105.94,1150.45,1009.5,393.37,2024,5100105.0,Amorbacher Weg,,
,,1020,566,523,7,21,20,458,10,198,5,663.9825327510918,621.0,221.72,532.0,535.5,68.03,734.0909090909091,763.0,95.55,887.6153846153846,806.0,170.44,1012.6732,890.2935,328.82,1234.75,1143.0,308.42,2024,5100206.0,Griesingerstraße,,
,,252,246,230,4,3,3,198,2,66,0,699.9191919191919,699.5,204.93,467.0,454.0,32.51,977.0,977.0,280.01,971.0,971.0,,1386.915,1386.915,588.09,1574.0,1574.0,212.13,2024,5100207.0,An der Tränke,,
,,1479,1388,1313,16,38,52,1125,15,499,12,656.1688888888889,620.0,212.44,608.9166666666666,584.5,141.63,694.925925925926,695.0,140.83,751.2857142857143,760.0,107.14,841.4363333333334,806.866,95.48,937.0,934.5,255.38,2024,5100208.0,Im Spektefeld,,
,,1428,1337,1272,15,44,46,1131,17,449,13,653.5729442970822,635.0,180.89,471.77777777777777,477.0,150.11,670.96875,712.0,152.99,729.7037037037037,745.0,138.44,795.2534117647058,754.82,167.16,1079.1315789473683,923.5,410.28,2024,5100209.0,Westerwaldstraße,,
,,799,749,710,13,29,21,639,8,337,6,615.1877934272301,593.0,170.69,487.4,481.5,73.83,626.0454545454545,612.5,134.24,700.8333333333334,692.0,133.99,809.403,798.3385000000001,130.99,886.2352941176471,814.0,308.5,2024,5100210.0,Germersheimer Platz,,
,,806,761,726,7,18,27,638,5,287,4,629.9780564263323,615.0,181.43,527.4285714285714,517.0,104.87,695.4166666666666,716.0,169.43,790.9090909090909,719.0,164.98,852.4327999999999,725.32,263.88,1029.111111111111,847.0,410.69,2024,5100211.0,An der Kappe,,
,,409,376,356,3,18,15,313,3,169,2,600.8594249201278,583.0,190.84,408.0,408.0,,615.6666666666666,593.0,99.22,733.1111111111111,618.0,316.92,797.6926666666667,800.744,116.93,881.6666666666666,679.5,495.76,2024,5100312.0,Eckschanze,,
,,1301,1227,1179,11,35,38,1064,18,678,12,569.8862781954887,525.5,202.8,428.8181818181818,411.0,130.84,645.4074074074074,599.0,207.2,628.2916666666666,606.0,106.23,847.4131666666666,785.0885,177.37,958.28,636.0,516.53,2024,5100313.0,Eiswerder,,
,,1170,726,683,8,76,52,611,36,403,34,533.2225859247136,491.0,194.09,378.4,371.0,123.88,549.3275862068965,497.5,156.25,559.58,543.5,110.27,717.1496666666665,682.758,148.3,958.2972972972972,707.0,501.75,2024,5100314.0,Kurstraße,,
,,794,739,706,6,28,27,639,6,422,5,564.7902973395932,527.0,197.44,394.0,392.0,104.77,586.8421052631579,571.0,136.86,715.5,656.5,205.83,789.599,784.1865,132.07,760.6,600.0,411.62,2024,5100315.0,Ackerstraße,,
,,2553,2405,2343,19,70,78,2122,14,1342,13,582.2686145146089,557.0,179.41,480.88235294117646,472.0,114.96,657.4716981132076,615.0,165.46,692.2608695652174,627.0,183.66,683.8100714285714,659.3285000000001,101.01,908.7017543859648,781.0,411.27,2024,5100316.0,Carl-Schurz-Straße,,
,,802,718,684,9,41,43,626,19,366,13,613.3769968051118,573.0,205.26,395.57142857142856,455.0,133.35,600.9354838709677,558.0,213.22,680.4583333333334,624.0,229.45,835.6101578947367,754.313,225.04,910.3235294117648,748.0,412.66,2024,5100317.0,Freiheit,,
,,223,212,204,4,6,5,172,2,43,0,753.3313953488372,761.0,197.99,721.6666666666666,684.0,183.42,814.8,855.0,97.69,912.25,892.0,45.32,951.4735,951.4735,40.36,1178.6,1039.0,434.17,2024,5200418.0,Isenburger Weg,,
,,209,189,181,2,12,7,145,1,54,1,654.7793103448275,678.0,209.99,316.0,316.0,,591.3333333333334,616.0,161.45,841.0,841.0,,841.12,841.12,,664.3333333333334,771.0,447.64,2024,5200419.0,Am Heideberg,,
,,669,615,586,9,30,24,509,11,250,7,632.9548133595285,603.0,178.15,552.375,573.5,141.86,689.7894736842105,687.0,113.01,804.8,761.0,165.52,891.0979090909091,888.577,86.67,823.9285714285714,745.0,411.85,2024,5200420.0,Staakener Straße,,
,,486,435,411,1,36,15,356,19,98,13,727.873595505618,702.0,197.87,576.0,576.0,,768.1290322580645,754.0,105.1,859.5714285714286,810.0,166.73,874.7307368421053,831.763,145.57,1004.6,970.5,298.37,2024,5200421.0,Spandauer Straße,,
,,168,149,143,1,11,8,124,3,17,1,805.5564516129032,765.5,215.58,693.0,693.0,,771.6666666666666,809.0,113.32,905.8,885.0,89.22,952.2236666666666,911.54,85.51,1047.1666666666667,963.0,295.31,2024,5200422.0,Werkstraße,,
,,938,893,834,8,25,20,716,4,234,3,689.5013966480446,664.5,185.75,636.5714285714286,639.0,101.91,699.6666666666666,745.0,155.73,785.0769230769231,781.0,197.21,821.30675,796.7684999999999,87.36,972.7,1033.5,194.14,2024,5200423.0,Magistratsweg,,
,,303,287,277,3,5,11,238,1,33,1,778.8739495798319,752.0,185.02,590.6666666666666,563.0,171.19,734.2,758.0,69.76,832.6666666666666,712.0,227.43,897.447,897.447,,1044.428571428571,1021.0,370.82,2024,5200524.0,Döberitzer Weg,,
,,301,287,273,6,3,11,239,1,29,1,761.1757322175732,722.0,184.73,597.6666666666666,601.0,8.5,761.0,761.0,,1146.5,1146.5,591.85,824.916,824.916,,1196.857142857143,1144.0,410.32,2024,5200525.0,Pillnitzer Weg,,
,,692,641,609,9,25,26,555,9,144,7,714.5981981981982,669.0,185.27,540.0,538.5,39.42,652.2352941176471,626.0,128.12,814.5714285714286,835.0,161.74,884.2206666666666,816.453,227.97,949.05,916.0,288.98,2024,5200526.0,Rudolf-Wissell-Großsiedlung,,
,,1637,1497,1418,12,62,78,1271,15,515,11,670.9047993705743,632.0,198.6,507.8181818181818,482.0,65.26,654.2894736842105,620.0,143.55,715.4411764705883,672.0,191.18,826.2241999999999,826.826,177.08,933.6964285714286,820.5,387.98,2024,5200527.0,Maulbeerallee,,
,,928,869,832,13,21,38,734,3,276,2,676.1144414168938,647.0,180.12,567.5,531.5,98.14,712.75,639.5,212.33,857.0,925.0,276.75,811.0156666666666,787.81,138.03,1046.64,886.0,446.65,2024,5200528.0,Weinmeisterhornweg,,
,,2250,2121,2056,18,65,63,1859,20,1256,17,576.6369015599785,538.0,205.22,472.1428571428572,496.0,136.58,573.4782608695652,536.0,124.54,699.525,622.5,220.57,720.2208499999999,646.6395,203.26,963.7954545454544,783.0,471.98,2024,5200629.0,Borkumer Straße,,
,,1287,1210,1143,12,41,36,1033,8,713,7,559.4820909970958,496.0,207.65,437.75,441.0,70.05,466.8148148148149,440.0,101.13,650.8695652173913,595.0,226.49,715.56725,702.485,124.12,1076.9130434782608,1175.0,552.93,2024,5200630.0,Wilhelmstadt West,,
,,1034,961,909,6,32,40,824,3,599,3,534.6116504854369,470.5,209.61,383.8,396.0,64.5,424.1333333333333,388.0,107.11,500.1,430.5,157.21,605.7266666666666,619.453,114.0,813.7586206896551,514.0,548.22,2024,5200631.0,Wilhelmstadt Ost,,
,,556,507,477,3,24,25,433,10,286,7,582.5381062355658,543.0,179.89,439.0,449.0,32.19,607.8461538461538,528.0,289.63,629.5,568.5,174.08,794.4323000000002,770.3465,155.78,852.0625,724.0,431.53,2024,5200632.0,Tiefwerder,,
,,448,418,401,3,12,18,351,2,229,1,579.8803418803419,523.0,203.66,351.0,351.0,18.38,499.75,493.0,127.91,522.2,488.0,71.48,770.098,770.098,303.64,830.3333333333334,665.5,431.43,2024,5200633.0,Graetschelsteig,,
,,617,557,531,10,18,39,482,4,255,1,624.4066390041494,590.5,179.52,515.2222222222222,485.0,80.93,682.875,591.0,348.89,882.7142857142857,840.0,267.25,1187.76275,1253.9485,293.95,1046.5652173913045,999.0,558.68,2024,5200634.0,Börnicker Straße,,
,,313,277,263,1,16,20,241,7,90,4,679.1369294605809,642.0,180.21,,,,712.75,701.0,74.4,777.25,763.5,183.72,898.8414285714287,896.577,54.49,918.0,921.0,276.95,2024,5300735.0,Haveleck,,
,,707,623,601,3,43,41,530,23,246,21,645.3792452830189,612.0,202.33,402.5,402.5,58.69,719.4848484848485,641.0,268.79,693.2,685.0,141.66,756.3348260869566,726.47,110.05,1031.9,957.5,343.85,2024,5300736.0,Zitadellenweg,,
,,1605,1509,1423,22,40,56,1261,9,647,7,621.2926249008723,589.0,229.21,436.1538461538461,426.0,87.18,830.0714285714286,802.0,159.02,839.6666666666666,849.5,120.64,856.8207777777777,837.397,102.7,1011.3333333333334,1018.0,249.75,2024,5300737.0,Gartenfelder Straße,,
,,56,28,28,0,25,3,27,15,14,10,649.3703703703703,592.0,242.05,,,,785.7619047619048,776.0,108.53,833.8421052631579,830.0,76.43,888.7447333333332,852.81,111.42,1151.5,1151.5,127.99,2024,5300838.0,Gartenfeld,,
,,880,815,770,9,29,36,709,3,297,0,669.4499294781382,647.0,208.57,569.375,451.5,403.89,726.6923076923077,716.0,92.04,954.5,933.5,165.26,925.6233333333334,907.263,36.99,924.8387096774194,860.0,305.73,2024,5300839.0,Rohrdamm,,
,,349,285,282,0,36,27,254,15,111,12,639.6732283464567,641.5,217.69,,,,801.2,761.0,157.17,830.1481481481482,821.0,113.43,878.7122666666668,847.853,159.11,1019.6315789473684,953.0,318.54,2024,5300840.0,Nonnendammallee,,
,,557,510,490,4,22,24,444,8,225,6,637.7950450450451,595.0,210.4,500.25,467.5,166.89,781.8333333333334,713.5,283.19,758.1666666666666,730.5,100.23,808.270125,765.1185,160.55,991.047619047619,932.0,240.79,2024,5300841.0,Siemensdamm,,
,,785,522,485,9,19,27,392,5,134,0,709.1836734693877,656.0,239.38,581.8571428571429,550.0,106.01,725.75,732.5,140.8,907.3333333333334,915.0,47.96,1190.7368,1116.213,369.43,925.375,859.5,314.94,2024,5400942.0,Alt-Gatow,,
,,755,710,677,10,11,34,529,1,271,0,682.0793950850662,598.0,262.19,483.75,469.5,74.06,904.5,922.0,157.62,1167.0,1087.5,352.06,1020.697,1020.697,,910.875,914.5,212.44,2024,5400943.0,Jägerallee,,
,,309,289,278,1,4,16,228,0,144,0,635.9254385964912,525.5,311.67,745.0,745.0,,645.0,645.0,,,,,,,,892.6,820.5,311.19,2024,5400944.0,Kladower Damm,,
,,374,359,341,9,5,10,272,1,129,0,700.0772058823529,607.0,278.4,650.7142857142857,627.0,103.75,834.5,834.5,0.71,,,,987.34,987.34,,762.7142857142857,846.0,301.49,2024,5400945.0,Kafkastraße,,
,,1036,982,932,12,23,31,831,3,369,3,646.7894103489772,621.0,199.47,518.7,480.5,116.16,635.1428571428571,578.5,246.33,873.6,902.0,147.73,847.1106666666666,849.666,39.79,968.2916666666666,1038.5,471.44,2024,6100101.0,Fichtenberg,,
,,1341,1226,1185,11,63,52,1078,8,513,6,632.6753246753246,612.0,210.5,480.5,440.0,129.02,597.7391304347826,554.0,145.42,741.8947368421053,757.0,166.65,903.475875,820.4935,237.4,916.7777777777778,863.0,384.36,2024,6100102.0,Schloßstraße,,
,,862,780,758,7,59,23,701,17,370,11,626.3081312410842,590.0,204.78,545.25,545.0,51.85,625.4,520.5,270.15,700.3478260869565,724.0,202.4,814.268705882353,768.66,198.99,885.4615384615385,785.0,382.31,2024,6100103.0,Markelstraße,,
,,715,682,646,5,15,18,594,2,272,2,644.6784511784512,615.5,201.68,519.25,433.5,192.37,545.7777777777778,546.0,104.83,645.2857142857143,551.0,302.03,785.515,785.515,75.76,1025.5384615384614,1136.0,367.4,2024,6100204.0,Munsterdamm,,
,,1016,960,902,11,22,34,812,2,424,2,621.0886699507389,591.0,188.89,462.8888888888889,414.0,109.59,588.9,539.0,150.18,753.0,708.5,148.1,708.532,708.532,55.51,869.3461538461538,718.5,354.59,2024,6100205.0,Südende,,
,,922,882,839,11,17,23,747,6,404,5,607.2155287817939,587.0,186.99,462.75,485.0,105.04,650.8461538461538,632.0,142.37,816.75,791.0,136.54,905.0588333333334,828.3865,230.69,826.4,714.0,391.68,2024,6100206.0,Stadtpark,,
,,799,751,713,7,29,19,648,6,364,5,601.5756172839506,572.5,216.16,423.4,462.0,80.43,632.75,609.0,139.68,741.4,704.5,181.49,785.6321666666666,711.46,164.33,888.4545454545455,898.0,499.67,2024,6100207.0,Mittelstraße,,
,,675,633,605,5,19,22,537,6,294,5,596.7355679702049,574.0,214.5,417.6666666666667,353.0,117.24,608.0909090909091,643.0,144.75,573.7142857142857,491.0,142.28,732.4675000000001,742.5115000000001,206.28,766.8823529411765,724.0,375.57,2024,6100208.0,Bergstraße,,
,,987,917,878,16,32,38,794,3,447,3,610.4093198992443,574.0,216.35,453.27272727272725,461.0,100.36,569.7647058823529,549.0,112.56,725.4,699.5,99.8,716.0466666666667,673.76,94.46,944.8275862068964,931.0,421.96,2024,6100209.0,Feuerbachstraße,,
,,475,441,414,3,15,19,372,8,208,8,595.6236559139785,569.5,184.33,437.3333333333333,390.0,112.72,478.8888888888889,460.0,54.76,715.5,740.5,92.02,749.8497500000001,720.713,63.86,912.2352941176472,918.0,317.01,2024,6100210.0,Bismarckstraße,,
,,621,587,540,8,12,21,479,0,198,0,666.4780793319416,629.0,193.64,550.7142857142857,558.0,44.68,625.4,643.0,100.85,756.5,756.5,9.19,,,,730.6363636363636,751.0,156.83,2024,6200311.0,Alt-Lankwitz,,
,,880,834,802,10,22,23,729,5,349,5,647.4074074074074,610.0,192.56,546.0,511.0,128.3,664.0833333333334,584.0,214.05,776.9230769230769,754.0,163.14,832.622,845.726,47.19,994.7692307692308,897.0,424.02,2024,6200312.0,Komponistenviertel Lankwitz,,
,,980,912,873,6,36,32,796,10,403,9,627.6494974874372,596.5,184.28,506.5,498.0,70.77,678.8333333333334,647.5,139.98,720.3529411764706,710.0,87.53,749.7161,725.8695,116.21,959.9473684210526,871.0,372.81,2024,6200313.0,Lankwitz Kirche,,
,,695,657,634,8,19,19,566,3,275,2,656.4240282685512,608.5,218.72,508.2,483.0,116.08,665.0769230769231,625.0,180.85,759.25,740.0,86.06,907.9766666666666,848.21,189.27,895.8421052631579,773.0,394.94,2024,6200314.0,Kaiser-Wilhelm-Straße,,
,,1131,890,848,12,17,29,759,8,370,7,636.7826086956521,604.0,206.73,466.2857142857143,444.0,95.2,752.4166666666666,707.5,224.35,714.1818181818181,780.0,138.77,844.746,834.4870000000001,156.79,1168.904761904762,1020.0,426.86,2024,6200315.0,Gallwitzallee,,
,,987,935,899,14,36,16,829,13,369,9,661.481302774427,622.0,203.16,527.1538461538462,505.0,85.5,778.5833333333334,715.5,240.49,890.3076923076923,859.0,188.03,901.2014615384616,864.027,179.26,1134.7272727272727,802.0,503.74,2024,6200316.0,Belßstraße,,
,,591,556,525,8,9,26,484,0,216,0,656.9400826446281,622.0,190.69,490.57142857142856,490.0,113.93,604.6,541.0,159.61,979.5,979.5,36.06,,,,1020.470588235294,768.0,516.17,2024,6200317.0,Lankwitz Süd,,
,,4,1,1,0,0,3,1,0,0,0,769.0,769.0,,,,,,,,,,,,,,1129.0,1258.0,292.66,2024,6200418.0,Landweg,,
,,520,465,446,8,19,36,374,3,107,2,745.2860962566845,716.0,221.97,527.0,483.0,89.04,774.0909090909091,634.0,254.5,974.8888888888888,938.0,174.88,896.64,862.84,59.41,736.7586206896551,667.0,174.02,2024,6200419.0,Thermometersiedlung,,
,,867,817,777,12,15,35,705,2,188,0,736.2312056737588,711.0,215.89,659.4444444444445,648.0,159.87,695.625,605.0,250.28,972.6,955.0,149.61,1051.6435,1051.6435,135.69,934.7142857142856,721.0,390.51,2024,6200420.0,Lichterfelde Süd,,
,,1288,1050,1010,4,32,30,873,6,450,4,619.6013745704468,588.0,227.45,410.5,410.5,85.56,577.6190476190476,546.0,199.92,804.8888888888889,765.0,224.42,866.4155000000001,857.0555,104.15,752.3333333333334,522.0,493.35,2024,6200421.0,Königsberger Straße,,
,,1014,949,917,11,25,40,811,8,369,6,651.0419235511714,617.0,210.89,607.6666666666666,615.0,88.16,622.1666666666666,521.0,178.01,792.9166666666666,789.5,191.11,886.0464999999999,868.183,244.39,812.75,635.0,459.38,2024,6200422.0,Oberhofer Platz,,
,,1154,1105,1049,20,30,18,907,2,233,1,727.9349503858875,693.0,195.65,582.0,596.0,110.05,800.25,708.0,264.45,895.6666666666666,970.0,174.79,1054.02,1054.02,309.33,815.75,813.0,173.28,2024,6200423.0,Schütte-Lanz-Straße,,
,,560,521,490,7,16,22,448,2,139,2,725.1004464285714,686.5,204.03,535.8,550.0,98.81,689.5333333333333,675.0,102.91,738.6666666666666,697.0,169.82,780.2384999999999,780.2384999999999,1.15,798.3333333333334,794.0,173.92,2024,6300524.0,Berlepschstraße,,
,,593,555,524,10,15,23,475,2,79,1,778.8968421052632,744.0,215.53,629.5,594.5,154.3,798.5,761.0,122.0,861.3333333333334,774.5,161.02,867.185,867.185,149.12,1046.7777777777778,1048.5,292.44,2024,6300525.0,Zehlendorf Süd,,
,,724,669,655,5,20,34,596,2,342,1,615.3640939597316,533.0,260.11,347.0,357.0,64.58,747.25,679.5,313.35,837.0,573.0,554.34,1099.25,1099.25,529.46,837.5652173913044,631.0,465.56,2024,6300526.0,Zehlendorf Mitte,,
,,883,826,777,8,24,33,701,4,372,3,630.7660485021398,580.0,221.52,500.5,467.5,141.53,570.5625,564.0,90.2,719.0769230769231,611.0,302.86,834.01275,827.5005,209.57,993.3870967741937,794.0,480.82,2024,6300527.0,Sundgauer Straße,,
,,1709,1285,1226,18,45,50,1104,13,401,3,714.4519927536232,667.0,230.58,560.5833333333334,572.5,97.76,635.0333333333333,630.5,114.54,720.1304347826087,656.0,222.91,975.0807692307692,1011.547,153.75,1063.6315789473683,901.0,490.44,2024,6300528.0,Teltower Damm,,
,,636,583,554,5,29,24,507,9,215,6,654.7061143984221,626.0,182.27,508.0,498.0,30.27,654.8421052631579,566.0,268.77,873.8461538461538,834.0,169.4,873.8042222222222,779.914,226.87,1091.5384615384614,967.0,519.73,2024,6300629.0,Botanischer Garten,,
,,920,598,560,4,25,14,509,15,206,14,663.5618860510806,642.0,216.52,530.0,518.0,134.2,698.8823529411765,655.0,178.41,790.578947368421,782.0,158.38,802.1533333333334,807.37,97.37,968.625,652.5,498.87,2024,6300630.0,Hindenburgdamm,,
,,465,426,411,3,24,15,369,10,139,2,690.5311653116531,678.0,206.11,483.5,483.5,13.44,748.3333333333334,661.0,202.86,882.0,831.0,175.86,986.2348000000002,992.46,115.76,1096.4166666666667,859.5,495.06,2024,6300631.0,Goerzwerke,,
,,1208,1141,1080,16,36,31,979,18,350,13,695.8815117466803,660.0,208.81,521.8333333333334,528.0,79.7,664.9,642.5,114.96,751.2692307692307,734.0,91.73,862.7573888888887,864.602,125.84,1053.35,862.0,478.88,2024,6300632.0,Schweizer Viertel,,
,,1102,1045,991,10,20,37,875,3,424,3,640.4,607.0,204.81,472.0,468.0,65.89,579.625,573.0,76.2,664.0,652.5,129.87,810.532,838.273,96.74,1097.2142857142858,1035.5,435.38,2024,6300633.0,Augustaplatz,,
,,871,829,793,10,22,20,713,6,341,5,648.1809256661992,609.0,209.32,598.0,523.0,202.65,633.8,612.0,98.72,734.75,730.5,98.07,755.6895000000001,741.5450000000001,160.81,930.2,723.0,466.6,2024,6300634.0,Lichterfelde West,,
,,1463,1368,1315,12,34,58,1129,4,378,2,735.9796279893711,682.0,253.94,547.2857142857143,548.0,110.45,840.2222222222222,793.0,259.19,1230.5,1300.0,253.14,1034.47025,949.5185,234.55,996.125,909.0,377.2,2024,6400735.0,Wannsee,,
,,726,672,638,6,15,9,564,5,142,1,723.9202127659574,677.5,217.42,500.0,534.5,154.93,783.6428571428571,774.0,179.33,1054.5,996.0,419.21,1071.8664,1063.096,289.55,1208.0,1177.0,402.94,2024,6400736.0,Düppel,,
,,1474,1255,1194,11,50,61,1023,5,430,4,689.0136852394917,631.0,241.88,631.25,630.5,152.0,670.0,697.5,169.59,1024.2222222222222,886.0,428.57,801.9694000000001,751.857,218.17,1028.3076923076924,812.0,470.35,2024,6400737.0,Nikolassee,,
,,936,676,644,11,30,24,579,1,138,0,737.9844559585492,683.0,214.4,601.1428571428571,610.0,69.17,774.7619047619048,775.0,146.08,853.4,738.0,289.06,904.23,904.23,,1205.4375,1205.0,380.98,2024,6400838.0,Krumme Lanke,,
,,765,726,694,7,20,19,640,2,282,1,676.9671875,632.0,228.91,629.5,572.5,170.92,681.6666666666666,651.0,121.57,769.2,682.0,266.06,959.2,959.2,274.16,1109.6,916.0,447.95,2024,6400839.0,Fischerhüttenstraße,,
,,652,626,597,5,7,19,548,0,215,0,700.6076642335767,656.0,222.53,578.0,557.0,123.84,656.0,635.0,97.15,1017.0,1017.0,431.34,,,,1048.1333333333334,1027.0,365.47,2024,6400840.0,Fischtal,,
,,740,702,680,5,14,23,624,2,377,2,597.4951923076923,525.0,248.52,397.0,397.0,39.6,591.8571428571429,527.0,220.54,599.6666666666666,546.0,165.17,791.8335,791.8335,10.04,763.1428571428571,632.0,421.45,2024,6400841.0,Zehlendorf Eiche,,
,,526,493,477,7,14,19,433,3,160,2,701.1778290993071,665.0,208.5,499.8333333333333,489.5,106.15,725.0,682.0,156.42,650.3,665.0,76.25,809.6543333333333,797.673,101.53,1182.8666666666666,1292.0,407.23,2024,6400842.0,Hüttenweg,,
,,451,385,367,6,50,16,337,16,153,15,665.0237388724036,618.0,210.75,506.0,540.0,52.13,646.3589743589744,656.0,76.35,810.8787878787879,756.0,205.59,762.3543125000001,746.158,75.4,1071.2857142857142,974.5,418.43,2024,6400843.0,Thielallee,,
,,814,760,729,12,19,35,654,3,210,3,688.145259938838,662.0,181.43,555.625,526.5,68.56,705.8181818181819,682.0,129.96,810.8333333333334,808.5,83.67,815.5143333333334,791.84,48.33,1034.8076923076924,884.5,372.52,2024,6400844.0,Dahlem,,
,,1919,1776,1703,19,84,59,1560,24,894,22,602.4442307692308,572.0,196.14,478.375,456.5,64.41,552.04,536.0,147.65,662.9285714285714,642.0,242.66,713.0131666666667,691.9100000000001,100.67,724.7659574468086,639.0,286.01,2024,7100101.0,Wittenbergplatz,,
,,1632,1477,1428,9,88,67,1292,44,673,42,624.1981424148606,593.5,195.76,493.1428571428572,474.0,82.62,564.6451612903226,546.0,120.95,644.9016393442623,630.0,146.02,721.5862045454545,706.1665,122.52,774.4807692307693,719.0,274.77,2024,7100102.0,Kalckreuthstraße,,
,,1110,1030,979,8,38,41,893,13,478,12,626.3583426651736,587.0,212.04,473.8,479.0,77.93,550.5714285714286,547.0,94.84,735.25,721.5,140.07,744.976,731.456,104.58,822.625,781.0,269.81,2024,7100103.0,Frobenstraße,,
,,854,770,728,7,43,41,665,21,368,17,622.7563909774436,576.0,200.72,500.3333333333333,468.0,166.87,620.1818181818181,575.0,150.85,686.5428571428571,655.0,152.86,763.1994761904762,753.507,133.9,900.7333333333332,815.0,309.62,2024,7100204.0,Barbarossaplatz,,
,,707,645,625,7,23,39,563,11,299,11,626.6163410301954,590.0,208.84,460.1666666666667,448.0,93.96,589.0714285714286,545.5,120.7,656.0714285714286,625.5,151.29,724.1938181818182,710.21,86.77,763.0833333333334,714.0,247.53,2024,7100205.0,Alvenslebenstraße,,
,,988,900,866,10,35,53,794,13,473,12,605.8539042821159,568.0,199.25,535.25,435.5,309.36,602.8947368421053,554.0,231.56,674.1578947368421,633.0,136.4,729.1072307692307,736.48,147.31,778.6578947368421,684.5,277.15,2024,7100206.0,Großgörschenstraße,,
,,1166,1089,1037,9,33,44,955,7,576,6,598.1005235602095,563.0,187.57,479.0,507.0,108.72,557.047619047619,551.0,80.55,594.0,603.5,99.39,740.9300000000001,684.58,197.66,689.9166666666666,663.0,278.04,2024,7200307.0,Bayerischer Platz,,
,,1313,1198,1150,16,39,76,1031,14,642,14,589.7982541222115,543.0,194.21,494.1818181818182,492.0,86.29,541.4230769230769,500.0,114.31,697.2272727272727,658.5,134.03,700.1511428571428,662.983,91.04,845.9827586206897,825.5,339.04,2024,7200308.0,Volkspark (Rudolph-Wilde-Park),,
,,1094,993,932,5,50,51,860,15,549,12,585.8546511627907,536.0,212.05,369.0,366.5,72.68,518.7027027027027,499.0,120.21,686.3,677.5,137.9,723.3491333333333,677.55,121.49,820.7391304347826,730.5,373.89,2024,7200409.0,Belziger Straße,,
,,966,895,864,11,36,35,798,11,548,10,536.2744360902255,490.0,217.94,333.5,326.5,112.28,471.04545454545456,409.5,183.79,662.6666666666666,661.5,75.5,710.1277272727274,663.46,161.84,898.5666666666667,930.0,343.6,2024,7200410.0,Feurigstraße,,
,,440,407,392,2,17,16,353,3,229,2,567.5099150141643,516.0,199.78,261.0,261.0,26.87,518.0,517.0,121.92,753.0,690.0,186.88,824.6210000000001,711.236,211.16,708.1333333333333,645.0,256.24,2024,7200411.0,Julius-Leber-Brücke,,
,,409,379,349,3,13,17,329,5,194,5,616.6200607902736,572.0,204.42,440.6666666666667,440.0,17.01,573.7777777777778,562.0,50.04,549.0,552.0,35.03,693.45,683.72,108.95,810.5,632.0,410.97,2024,7200412.0,Schöneberger Linse,,
,,1071,968,931,12,72,31,864,39,477,33,619.2604166666666,576.5,211.08,470.625,458.0,70.76,565.5882352941177,559.0,128.18,678.7843137254902,642.0,162.9,769.5403333333335,764.833,121.47,773.4615384615385,644.5,300.43,2024,7200413.0,Cheruskerstraße,,
,,278,252,235,4,12,14,219,3,130,3,586.2009132420092,542.0,192.27,392.0,396.0,96.95,541.0,529.5,78.8,790.7142857142857,796.0,129.26,786.7466666666668,825.467,78.09,1032.4545454545455,980.0,421.44,2024,7200414.0,Hohenfriedbergstraße,,
,,510,472,445,10,16,22,406,4,242,2,595.039408866995,566.0,193.76,433.8571428571428,463.0,77.64,612.75,632.0,114.03,750.6666666666666,726.0,89.86,859.67875,893.7105,123.93,738.8333333333334,735.5,160.13,2024,7300515.0,Taunusstraße,,
,,826,754,718,5,49,23,662,10,367,10,613.3293051359517,578.5,216.97,485.25,497.0,154.11,591.9,580.5,89.87,748.5769230769231,722.5,111.95,756.1894,769.2735,86.12,909.4736842105264,853.0,282.75,2024,7300516.0,Odenwaldstraße,,
,,1027,948,906,14,33,46,828,13,462,12,614.0374396135265,583.5,219.95,463.61538461538464,454.0,125.09,633.2941176470588,585.0,178.84,665.0,662.5,97.09,732.1751538461539,703.736,78.92,894.5945945945946,863.0,274.89,2024,7300517.0,Perelsplatz,,
,,786,724,677,9,22,40,611,6,344,6,609.1423895253682,577.0,186.45,402.5,422.5,75.73,616.1818181818181,619.0,147.95,686.6923076923077,716.0,105.79,688.2489999999999,691.2545,95.33,930.9032258064516,917.0,308.94,2024,7300618.0,Ceciliengärten,,
,,2260,1362,1309,14,79,99,1196,31,627,27,624.6354515050167,590.0,216.91,478.0,472.0,80.16,605.02,592.0,130.67,704.2727272727273,704.0,106.92,781.4583548387096,770.373,84.96,833.9589041095891,729.0,323.74,2024,7300619.0,Grazer Platz,,
,,2236,1561,1440,17,58,64,1323,16,693,11,645.9425547996976,589.0,232.87,423.0,435.0,66.39,585.8947368421053,551.5,156.3,749.1818181818181,643.0,283.78,908.5989999999998,840.5165,321.6,916.7222222222222,786.0,453.76,2024,7400720.0,Gontermannstraße,,
,,1218,1113,1057,5,64,40,973,19,395,15,682.2980472764646,642.0,243.63,531.75,536.5,102.88,645.3548387096774,650.0,134.35,724.3478260869565,687.0,134.51,805.6908947368421,750.016,127.17,801.90625,615.0,414.17,2024,7400721.0,Paradestraße,,
,,540,458,443,5,42,40,412,10,185,9,652.0558252427185,622.0,197.92,565.75,551.5,55.8,576.030303030303,561.0,106.47,678.55,674.0,132.0,738.766,765.6785,143.85,867.7241379310345,743.0,405.02,2024,7400822.0,Lindenhofsiedlung,,
,,1150,1076,1020,5,24,50,922,4,560,4,590.9501084598699,553.5,201.19,460.0,441.0,51.22,562.9285714285714,488.0,193.9,776.6666666666666,718.0,178.28,675.40425,653.1904999999999,81.63,901.3611111111112,699.5,408.8,2024,7400823.0,Wittekindstraße,,
,,1098,1023,990,6,34,41,899,3,504,2,582.3781979977753,560.0,216.54,455.2,422.0,165.01,540.4285714285714,499.5,167.51,764.0,725.0,171.81,787.06,763.913,118.65,769.0357142857143,618.0,404.47,2024,7400824.0,Bosepark,,
,,737,667,643,7,29,41,592,7,340,7,606.4476351351351,560.0,205.32,424.0,452.0,66.01,561.1111111111111,524.5,130.25,776.0769230769231,777.0,203.05,714.1361428571429,719.05,91.03,890.5,724.0,424.55,2024,7400825.0,Friedrich-Karl-Straße,,
,,603,566,535,7,23,14,495,8,290,6,617.6080808080808,571.0,210.47,412.4285714285714,429.0,67.08,560.6875,575.0,101.31,740.0,719.0,117.01,743.4105000000001,713.26,127.84,812.3636363636364,621.0,386.81,2024,7400826.0,Marienhöhe,,
,,2344,2070,1971,17,104,109,1811,39,959,33,620.956377691883,584.0,228.04,429.7692307692308,453.0,82.12,589.1780821917808,553.0,158.41,732.0877192982456,708.0,191.52,838.6025897435899,796.293,336.31,870.8227848101266,700.0,454.33,2024,7400927.0,Rathaus Tempelhof,,
,,476,434,404,6,12,30,371,3,194,3,642.9002695417789,593.0,219.93,431.0,436.0,67.04,610.5,635.0,78.01,694.4285714285714,655.0,151.43,777.8076666666666,778.453,50.11,942.12,802.0,388.54,2024,7400928.0,Germaniagarten,,
,,964,912,857,5,29,23,800,13,447,11,623.00875,574.5,215.17,481.5,491.5,77.1,704.4666666666667,660.0,214.92,722.6666666666666,722.0,166.65,893.3380769230771,701.513,606.42,982.3571428571428,702.0,558.81,2024,7501029.0,Ringstraße,,
,,1307,1238,1176,16,27,41,1086,7,651,7,593.1685082872929,558.5,196.68,496.38461538461536,443.0,160.72,633.5,579.0,148.65,637.3,641.5,91.86,719.2957142857142,722.164,94.69,979.5862068965516,857.0,446.55,2024,7501030.0,Machonstraße,,
,,1121,1057,1006,9,30,34,937,8,453,6,649.1152614727855,607.0,202.9,510.8333333333333,525.5,61.71,642.7272727272727,628.5,87.45,726.4117647058823,705.0,107.12,807.02475,802.9985,108.88,1149.9583333333333,1214.0,437.01,2024,7501031.0,Eisenacher Straße,,
,,619,581,544,8,17,21,503,5,139,4,705.8051689860835,672.0,200.69,585.5714285714286,618.0,100.54,694.8,713.0,164.35,797.6,794.0,102.94,787.6886,771.45,215.53,1075.125,979.0,353.14,2024,7501032.0,Imbrosweg,,
,,1784,1667,1596,9,55,61,1461,14,908,10,593.5167693360712,541.0,212.82,417.1428571428572,421.0,111.62,605.21875,541.5,187.95,806.5384615384615,772.5,182.02,814.3940714285715,829.095,116.45,893.421052631579,681.0,515.72,2024,7501133.0,Fritz-Werner-Straße,,
,,1240,1180,1132,9,24,36,1031,4,441,4,657.8739088263821,623.0,188.54,515.0,496.0,93.13,674.2142857142857,587.0,246.42,798.375,773.5,140.03,769.7724999999999,784.1915,94.89,1032.571428571429,753.0,507.8,2024,7501134.0,Hundsteinweg,,
,,274,256,246,3,5,13,218,1,128,1,621.2110091743119,568.5,209.58,499.0,469.0,59.03,801.0,801.0,,824.0,824.0,87.68,786.52,786.52,,797.5,629.0,449.37,2024,7501135.0,Birnhornweg,,
,,1218,1153,1088,9,31,34,987,6,452,5,659.9848024316109,616.0,209.31,531.0,532.0,106.03,642.7368421052631,617.0,169.1,820.75,843.0,275.09,842.7441666666665,865.3305,160.36,958.28,801.0,399.81,2024,7601236.0,Marienfelder Allee Nordwest,,
,,499,476,447,3,9,14,405,0,206,0,635.1851851851852,596.0,181.71,536.6666666666666,523.0,120.08,555.0,536.0,59.81,,,,,,,877.4285714285714,784.0,277.44,2024,7601237.0,Kirchstraße,,
,,425,379,362,1,35,11,329,11,128,5,690.8753799392098,647.0,235.88,289.0,289.0,,698.0434782608696,670.0,200.59,817.8888888888889,836.5,161.99,962.3324545454548,917.786,137.93,1172.8333333333333,1207.5,529.45,2024,7601238.0,Marienfelde Nordost,,
,,836,789,734,10,32,15,671,7,194,1,703.7198211624441,667.0,195.23,628.0,613.0,97.43,801.4285714285714,735.0,210.73,1003.5333333333332,960.0,223.16,941.1534285714288,933.243,36.23,996.0,779.0,388.81,2024,7601339.0,Tirschenreuther Ring West,,
,,956,921,868,15,17,17,780,4,259,3,688.6717948717949,657.0,187.83,549.25,550.5,81.9,687.0,657.0,217.68,833.7142857142857,834.0,122.76,895.42775,875.8299999999999,66.53,971.1111111111112,832.0,473.24,2024,7601340.0,Tirschenreuther Ring Ost,,
,,476,422,392,3,35,19,361,12,94,0,714.2409972299168,684.0,192.71,626.6666666666666,637.0,56.22,800.7368421052631,805.0,114.24,1003.4782608695652,1035.0,192.44,1190.844916666667,1150.6495,226.31,1005.9166666666666,964.0,342.73,2024,7601341.0,Diedersdorfer Weg,,
,,1295,1234,1180,30,23,38,1028,6,308,3,717.6673151750973,685.5,216.98,586.8695652173913,582.0,170.91,750.8333333333334,721.5,149.31,959.1428571428572,893.0,143.8,940.2491666666664,929.455,235.11,1005.4,876.0,335.3,2024,7601442.0,Kettinger Straße,,
,,1047,996,959,11,19,32,850,1,298,0,697.6894117647059,668.0,224.47,598.4,575.5,124.36,691.3,736.0,150.35,917.4285714285714,916.0,123.7,1005.056,1005.056,,1110.5882352941176,1050.0,359.88,2024,7601443.0,Töpchiner Weg,,
,,1280,1209,1155,13,32,39,968,8,354,0,734.1322314049587,694.0,250.94,537.3,564.0,167.54,797.3333333333334,794.0,264.03,987.6363636363636,926.0,197.74,1033.238625,1034.155,91.17,1024.2916666666667,984.0,310.77,2024,7601544.0,John-Locke-Straße,,
,,1180,1108,1043,15,31,40,883,10,343,2,724.559456398641,709.0,265.13,568.7,593.5,201.02,703.3636363636364,711.0,216.13,957.0833333333334,927.5,156.2,1027.6282,986.035,156.41,989.6296296296296,887.0,339.9,2024,7601545.0,Nahariyastraße,,
,,693,658,625,7,13,22,516,1,145,0,771.9651162790698,713.0,251.55,550.0,520.0,153.35,860.1428571428571,744.0,294.07,1176.6666666666667,952.0,434.95,1825.797,1825.797,,1207.5833333333333,1192.0,286.13,2024,7601546.0,Franziusweg,,
,,577,549,526,7,17,11,451,7,170,0,738.6164079822616,720.0,258.12,640.6666666666666,641.0,163.43,882.1111111111111,750.0,262.08,1060.4,1038.0,145.51,1085.2781428571427,1059.76,129.6,980.6,943.0,213.32,2024,7601547.0,Horstwalder Straße,,
,,236,226,217,4,2,8,184,0,59,0,785.7826086956521,766.0,261.85,474.0,360.0,252.13,699.0,699.0,260.22,1434.0,1434.0,,,,,1038.2,1083.0,198.3,2024,7601548.0,Wittelsbacherstraße,,
,,665,607,585,4,34,24,538,4,265,3,646.4405204460967,605.5,206.84,414.0,414.0,38.18,590.5,570.5,117.73,744.4545454545455,672.0,176.13,759.5035,714.732,120.81,915.5263157894736,898.0,316.37,2024,8100101.0,Hasenheide,,
,,986,889,861,12,53,44,790,7,376,4,647.7101265822785,610.0,204.83,563.7142857142857,487.0,258.13,582.074074074074,575.0,165.97,717.2857142857143,669.5,169.38,869.0274285714286,879.274,133.99,923.09375,897.5,342.5,2024,8100102.0,Schillerpromenade Nord,,
,,772,702,674,5,40,30,610,8,334,8,623.8360655737705,578.0,204.27,480.6666666666667,488.0,80.25,565.0434782608696,532.0,155.37,694.8,642.0,188.42,728.71325,721.2180000000001,91.14,896.88,795.0,382.43,2024,8100103.0,Schillerpromenade Süd,,
,,833,757,735,9,53,23,664,12,371,11,610.2560240963855,569.5,210.56,458.0,465.5,78.62,517.0,480.5,138.02,553.9310344827586,505.0,132.72,745.8765833333333,744.2895,107.83,992.529411764706,1050.0,455.06,2024,8100104.0,Wartheplatz,,
,,1184,1115,1075,11,31,37,977,5,589,5,589.9846468781985,537.0,204.27,452.0,447.0,67.17,520.6315789473684,499.0,81.27,652.6,629.0,144.99,768.3576,754.766,73.66,785.4,606.5,363.01,2024,8100105.0,Silbersteinstraße,,
,,1725,1528,1456,9,129,67,1326,25,684,18,632.0671191553545,594.0,191.63,554.0,564.0,42.88,564.6593406593406,552.0,89.34,690.9166666666666,646.0,178.05,805.9866799999999,772.387,166.24,953.7843137254902,858.0,351.69,2024,8100206.0,Flughafenstraße,,
,,1189,1099,1043,16,45,43,946,6,455,6,651.9429175475688,610.0,226.48,456.5,446.5,73.52,572.7,542.5,106.69,674.2727272727273,588.0,134.71,701.6598333333333,718.3879999999999,89.09,811.8,768.0,291.04,2024,8100207.0,Rollberg,,
,,1497,1363,1294,12,68,65,1181,5,683,5,586.1549534292972,526.0,235.85,426.3333333333333,386.5,103.13,469.1428571428572,435.0,139.9,599.8620689655172,490.0,217.46,740.5053999999999,723.463,77.86,867.4716981132076,742.0,421.93,2024,8100208.0,Körnerpark,,
,,1451,1326,1257,17,70,55,1153,23,674,21,594.4379878577623,548.0,225.87,351.1111111111111,363.0,54.11,517.3469387755102,460.0,150.71,627.7560975609756,589.0,218.28,751.9138695652174,743.717,114.28,930.8,702.0,484.6,2024,8100209.0,Glasower Straße,,
,,722,645,617,7,34,43,561,9,341,9,602.1800356506238,562.0,205.85,359.75,367.5,51.29,549.875,538.0,115.81,751.4166666666666,747.5,101.57,764.6231111111111,756.743,65.53,788.5666666666667,703.0,346.39,2024,8100310.0,Maybachufer,,
,,921,830,785,8,39,52,712,7,406,6,612.1502808988764,567.0,209.15,404.0,411.0,87.1,593.5333333333333,527.0,214.15,801.9375,771.0,191.46,735.9727142857143,749.5,129.75,837.775,719.0,339.12,2024,8100311.0,Reuterplatz,,
,,1275,1099,1054,9,105,71,955,14,447,14,651.6492146596859,615.0,205.74,412.55555555555554,424.0,95.44,588.4821428571429,581.5,146.44,772.8529411764706,697.5,278.48,733.1614285714285,757.0319999999999,70.72,972.4107142857144,925.0,378.52,2024,8100312.0,Weichselplatz,,
,,396,372,342,4,12,12,298,1,124,1,671.4530201342282,632.5,215.2,498.0,498.0,86.27,521.0,553.0,145.44,665.5,665.5,130.81,711.743,711.743,,988.4,920.0,418.85,2024,8100313.0,Bouchéstraße,,
,,1741,1604,1553,11,68,69,1406,12,807,10,614.3798008534851,576.0,202.33,432.22222222222223,436.0,88.23,572.9024390243902,573.0,112.86,657.5333333333333,634.5,106.27,734.7435000000002,747.048,130.67,933.8644067796612,846.0,394.38,2024,8100314.0,Donaustraße,,
,,765,682,652,8,43,40,595,6,267,4,658.6067226890756,620.0,215.19,440.75,466.0,96.58,596.6756756756756,574.0,99.29,648.7142857142857,582.0,160.25,751.6011666666667,727.477,140.39,915.878787878788,917.0,311.31,2024,8100415.0,Ganghoferstraße,,
,,714,639,601,6,37,36,539,8,266,7,653.1038961038961,606.0,234.07,413.4,410.0,37.48,592.9285714285714,576.5,108.62,692.2777777777778,620.5,211.71,814.37925,761.125,89.47,934.9285714285714,937.0,410.66,2024,8100416.0,Alt-Rixdorf,,
,,1531,1386,1336,10,88,57,1215,19,657,15,619.8205761316873,568.0,230.64,458.1666666666667,442.5,47.7,565.2075471698113,518.0,142.02,619.75,565.5,197.02,782.2911052631579,767.137,134.99,970.08,1018.5,384.32,2024,8100417.0,Braunschweiger Straße,,
,,1182,1078,1023,8,62,42,938,24,397,18,662.3944562899787,631.0,203.01,542.0,513.0,118.57,630.28,606.0,121.86,729.2727272727273,695.0,197.1,795.789625,743.851,161.68,984.0370370370372,942.0,272.18,2024,8100418.0,Hertzbergplatz,,
,,994,899,842,9,51,44,769,7,244,5,689.8205461638491,660.0,181.74,546.8571428571429,499.0,131.69,670.6333333333333,682.0,95.64,715.2307692307693,726.0,84.96,812.6485714285715,819.384,156.42,914.9024390243902,872.0,260.06,2024,8100419.0,Treptower Straße Nord,,
,,948,806,770,5,64,78,732,15,213,12,727.6256830601093,695.0,220.86,514.5,529.5,118.43,677.7619047619048,646.0,167.34,707.88,677.0,166.0,803.5375333333334,765.677,199.55,949.7014925373136,910.0,333.25,2024,8100520.0,Weiße Siedlung,,
,,1656,1500,1412,14,66,88,1283,19,444,17,690.1215900233827,657.0,198.84,493.1111111111111,493.0,102.98,631.8095238095239,609.0,163.44,622.3666666666667,605.5,118.47,759.1301578947368,712.27,138.48,864.7820512820513,822.5,290.33,2024,8100521.0,Schulenburgpark,,
,,801,713,675,6,35,53,607,11,326,6,627.7084019769358,580.0,227.54,401.75,446.5,128.48,600.2631578947369,540.0,182.32,612.2631578947369,556.0,136.39,862.2306363636363,889.183,186.01,847.6666666666666,847.0,339.6,2024,8200622.0,Jahnstraße,,
,,969,914,860,11,31,24,779,5,383,5,634.9640564826701,604.0,203.52,455.375,494.5,96.39,584.1739130434783,553.0,126.89,634.75,608.0,149.98,709.7978,654.274,79.79,977.0,994.0,363.14,2024,8200623.0,Park am Buschkrug,,
,,1266,1177,1112,11,40,48,1020,18,454,18,647.1176470588235,615.5,185.49,481.5,487.5,129.94,597.6666666666666,591.0,155.93,735.75,707.0,198.99,712.7543333333334,698.3199999999999,76.26,955.054054054054,887.0,343.12,2024,8200624.0,Tempelhofer Weg,,
,,472,438,411,10,17,15,383,7,118,6,721.0757180156658,676.0,220.0,628.625,638.5,125.05,752.6666666666666,698.0,198.39,750.2,701.0,156.65,785.1511428571429,709.22,189.09,1108.8,882.0,545.09,2024,8200725.0,Mohriner Allee Nord,,
,,716,660,634,10,28,28,584,4,266,4,656.429794520548,622.0,215.37,485.0,495.0,120.06,603.0,614.0,64.32,656.8181818181819,672.0,65.76,694.49975,693.8515,34.27,1070.8333333333333,1063.5,429.58,2024,8200726.0,Hufeisensiedlung,,
,,1134,1073,1035,10,32,29,943,7,423,7,658.1219512195122,622.0,205.5,574.625,608.5,78.12,658.2941176470588,598.0,209.7,733.3125,717.0,110.4,725.3035714285714,735.237,66.15,948.318181818182,819.0,392.9,2024,8200727.0,Parchimer Allee Süd,,
,,369,349,332,1,12,8,314,3,146,2,675.6114649681529,617.0,250.13,545.0,545.0,,572.3333333333334,613.0,94.79,670.3333333333334,618.0,96.77,839.7906666666668,754.476,241.35,695.1666666666666,489.0,509.94,2024,8200728.0,Ortolanweg,,
,,313,298,286,3,9,6,268,3,53,2,795.2089552238806,762.0,246.1,677.3333333333334,707.0,177.37,885.6,826.0,259.49,922.5,919.0,248.77,889.3733333333334,896.96,195.85,1188.0,1188.0,678.82,2024,8200729.0,Britzer Garten,,
,,583,561,538,10,15,6,488,2,189,2,681.1536885245902,658.5,197.67,503.55555555555554,462.0,102.13,542.0,567.5,63.5,861.25,749.0,387.07,825.9615,825.9615,100.35,805.0,634.0,348.17,2024,8200730.0,Handwerker-Siedlung,,
,,789,756,730,6,15,18,663,2,154,1,729.8355957767723,688.0,212.21,553.75,571.5,68.64,692.9,685.5,122.19,836.125,764.5,171.69,916.2385,916.2385,282.57,945.3,808.5,398.39,2024,8200831.0,Buckow West,,
,,1469,1377,1320,18,30,61,1196,4,262,3,742.0727424749164,706.0,200.83,643.0,637.5,127.39,760.7692307692307,756.0,186.66,898.4444444444445,812.0,297.49,851.447,843.887,71.68,1043.4222222222222,940.0,422.86,2024,8200832.0,Buckow Mitte,,
,,952,892,828,19,17,43,757,5,247,2,712.0554821664465,672.0,198.65,556.9375,543.0,126.9,848.3333333333334,962.0,216.1,1055.2,1041.0,247.99,950.7892,1006.397,173.12,981.0689655172414,903.0,338.46,2024,8200833.0,Buckow Ost,,
,,2254,2148,2053,19,54,51,1853,19,984,14,637.4883971937398,580.0,235.18,431.4375,416.0,76.15,581.25,555.0,143.51,875.4444444444445,873.5,248.86,803.5493684210527,798.067,137.63,887.025641025641,853.0,393.74,2024,8300934.0,Gropiusstadt Nord-West,,
,,1123,1058,1010,8,32,32,910,6,446,4,681.2813186813187,606.0,241.13,458.57142857142856,464.0,95.06,627.8571428571429,584.0,99.61,846.3333333333334,828.0,170.56,848.3675,853.7745,55.18,894.85,839.5,381.65,2024,8300935.0,Gropiusstadt Süd-West,,
,,1301,1238,1158,13,34,28,1061,12,467,10,674.502356267672,625.0,222.4,539.7777777777778,514.0,59.32,626.7647058823529,618.0,184.11,749.0,776.0,198.11,791.4653333333332,782.832,122.64,944.1363636363636,839.5,354.28,2024,8301036.0,Gropiusstadt Mitte,,
,,1543,1431,1357,16,56,55,1224,15,580,14,663.2483660130719,611.0,212.07,503.0,508.5,74.21,656.7857142857143,647.0,160.14,801.3939393939394,776.0,171.62,773.6141333333333,759.71,73.56,770.560975609756,663.0,334.95,2024,8301037.0,Gropiusstadt Süd-Ost,,
,,451,437,414,5,7,7,381,0,171,0,668.0866141732283,617.0,238.26,444.75,447.5,33.69,634.0,622.0,135.39,,,,,,,604.1428571428571,650.0,160.16,2024,8401138.0,Goldhähnchenweg,,
,,1666,838,785,8,42,31,706,23,394,18,607.9532577903683,555.0,268.49,490.0,429.0,141.71,581.5384615384615,596.5,120.85,844.0833333333334,754.5,293.76,865.0597826086956,818.51,249.7,1010.1,1080.5,523.16,2024,8401139.0,Vogelviertel Süd,,
,,249,236,221,3,6,7,208,1,115,1,614.25,558.0,241.55,416.0,416.0,22.63,593.0,593.0,,373.0,373.0,,648.213,648.213,,979.75,739.5,638.59,2024,8401140.0,Vogelviertel Nord,,
,,845,788,750,9,18,39,677,3,372,3,627.0989660265878,571.0,221.72,465.0,481.5,46.79,564.8,559.0,140.01,772.6,736.0,113.9,751.5956666666667,774.19,77.76,844.6,708.0,418.02,2024,8401241.0,Blumenviertel,,
,,801,754,718,11,14,33,632,0,281,0,671.4731012658228,628.0,223.93,527.3333333333334,524.0,110.47,492.625,515.5,119.2,814.0,814.0,,,,,859.4761904761905,797.0,268.61,2024,8401242.0,Zittauer Straße,,
,,1293,1212,1158,13,33,47,1019,11,438,5,668.4651619234544,629.0,229.79,439.54545454545456,442.0,44.22,655.5714285714286,632.0,182.03,796.4444444444445,792.5,172.99,959.5917272727274,912.537,200.51,934.7948717948718,815.0,429.7,2024,8401243.0,Alt-Rudow,,
,,947,891,852,7,29,27,736,5,312,4,675.4660326086956,640.0,221.05,591.1428571428571,574.0,176.13,536.0,511.0,136.75,749.6,725.5,101.63,764.6224,748.87,106.26,886.6666666666666,869.0,241.25,2024,8401244.0,Waßmannsdorfer Chaussee,,
,,462,450,429,11,5,7,382,0,115,0,719.520942408377,699.5,202.18,620.6666666666666,651.5,154.95,578.0,587.0,168.68,,,,,,,1147.0,1072.0,379.36,2024,8401245.0,Frauenviertel,,
,,796,764,733,12,12,20,631,2,168,1,758.2377179080825,724.0,237.7,498.9,506.0,132.01,606.6666666666666,599.0,82.86,736.3333333333334,719.0,68.66,1141.3595,1141.3595,515.95,871.0,812.0,321.37,2024,8401246.0,Waltersdorfer Chaussee Ost,,
,,1760,1620,1567,15,84,55,1427,24,490,19,696.5501051156272,662.0,210.32,573.125,600.5,135.24,678.953488372093,694.0,133.68,808.0882352941177,789.5,171.29,836.7912500000002,807.697,151.44,910.1538461538462,887.0,267.39,2024,9100101.0,Alt-Treptow,,
,,544,499,475,3,21,20,432,6,110,4,716.3379629629629,679.5,206.84,568.6666666666666,589.0,70.73,673.3333333333334,692.5,112.83,775.75,738.5,105.96,1021.1691666666666,775.657,531.26,965.25,1069.0,332.29,2024,9100202.0,Plänterwald West,,
,,1013,958,905,11,29,25,826,9,153,6,746.0859564164649,722.5,186.42,595.4444444444445,586.0,89.78,672.3125,653.5,128.4,705.8333333333334,685.5,94.55,798.6097777777777,736.147,155.96,955.6666666666666,907.0,360.2,2024,9100203.0,Plänterwald Ost,,
,,1782,1704,1630,23,35,43,1481,10,559,8,680.8852126941256,649.0,190.73,528.6470588235294,551.0,115.55,647.3703703703703,603.0,154.89,710.6111111111111,722.5,118.48,752.3666000000001,720.69,139.69,801.2432432432432,745.0,344.44,2024,9100304.0,Baumschulenweg West,,
,,545,516,498,1,19,10,471,3,120,3,719.7515923566879,694.0,188.94,524.0,524.0,,665.4,689.5,87.48,810.875,755.0,288.81,773.6203333333334,747.397,62.82,799.0,805.0,113.46,2024,9100305.0,Baumschulenweg Ost,,
,,404,371,351,4,12,21,314,6,106,3,707.5796178343949,657.0,228.34,602.0,599.0,15.72,678.8,643.5,167.17,658.6666666666666,659.5,70.46,905.4921666666664,885.1785,243.49,1106.5333333333333,1100.0,453.94,2024,9100306.0,Späthsfelde,,
,,1240,1190,1117,13,27,23,1019,8,475,8,657.0009813542689,615.0,219.29,527.1818181818181,517.0,138.66,543.4,523.5,88.88,558.4285714285714,507.0,118.14,650.9188750000001,677.7570000000001,84.88,747.6666666666666,664.0,337.19,2024,9100407.0,Johannisthal West,,
,,931,892,842,13,16,23,760,1,402,0,625.6223684210527,581.0,231.54,405.8888888888889,430.0,64.91,501.1428571428572,484.0,101.11,841.0,774.0,423.11,933.253,933.253,,758.2222222222222,674.5,344.71,2024,9100408.0,Johannisthal Ost,,
,,520,474,457,1,29,17,430,3,190,2,661.7860465116279,626.0,200.09,,,,574.8461538461538,593.0,129.85,602.8333333333334,539.5,172.51,1002.5523333333334,642.41,627.36,787.0,646.0,268.26,2024,9100409.0,Landschaftspark Adlershof,,
,,1204,1098,1041,17,44,62,940,9,314,6,692.481914893617,653.0,197.13,556.2142857142857,554.5,75.52,620.2083333333334,609.0,154.48,756.6470588235294,716.0,180.99,837.1129999999999,810.536,181.56,979.7631578947368,881.5,377.81,2024,9200510.0,Helmholtz-Kiez,,
,,1386,1301,1240,13,42,41,1136,9,222,9,732.6302816901408,702.0,190.67,580.0909090909091,587.0,85.78,695.8,699.0,119.43,880.6470588235294,818.0,253.21,795.8926666666666,817.93,76.74,1028.607142857143,863.0,389.41,2024,9200511.0,Griechischer Park,,
,,636,565,545,7,39,30,496,12,90,6,765.1451612903226,731.5,217.55,614.7142857142857,568.0,174.8,766.0967741935484,720.0,274.16,814.4,799.0,113.84,946.8188333333331,908.3045,179.21,1021.6842105263158,897.0,329.84,2024,9200512.0,Wuhlheide,,
,,1889,1758,1697,16,73,58,1538,14,665,9,664.3602080624187,631.0,205.04,494.44444444444446,475.0,66.14,551.0,502.0,138.05,613.7407407407408,551.0,162.82,852.9273571428572,833.6,183.49,767.8666666666667,716.0,266.4,2024,9200613.0,Bahnhof Schöneweide,,
,,613,603,574,10,4,6,519,0,124,0,739.8381502890173,701.0,205.03,600.625,612.0,45.46,619.0,619.0,28.28,634.0,634.0,,,,,976.2,941.0,207.02,2024,9200614.0,Oberspree,,
,,853,728,707,5,66,59,631,21,239,12,676.2171156893819,651.0,212.83,543.75,537.5,101.73,630.8979591836735,596.0,179.98,731.6595744680851,692.0,176.05,889.5580952380953,876.96,149.31,748.5454545454545,633.0,308.36,2024,9200715.0,Wista,,
,,1033,973,914,9,21,39,825,3,261,3,679.170909090909,670.0,200.8,573.375,592.0,50.6,560.1538461538462,558.0,138.94,717.0,712.0,87.93,822.3826666666668,821.844,68.82,834.3333333333334,854.5,296.74,2024,9200716.0,Dörpfeldstraße West,,
,,1082,1007,943,12,42,32,866,3,282,3,671.5034642032333,654.5,189.2,487.6666666666667,485.0,69.43,620.9354838709677,617.0,205.64,756.0588235294117,720.0,185.65,754.7246666666666,773.73,79.8,776.5238095238095,681.0,337.14,2024,9200717.0,Dörpfeldstraße Ost,,
,,377,349,325,3,13,15,294,5,132,2,658.9795918367347,620.5,186.55,491.0,491.0,,607.7777777777778,570.0,103.31,797.0,596.0,301.47,853.0416000000001,950.037,182.69,800.875,676.5,263.14,2024,9200818.0,Spindlersfeld,,
,,1044,962,918,18,37,45,849,6,408,6,646.7432273262662,610.0,199.08,463.2142857142857,459.5,74.58,609.4074074074074,588.0,219.35,742.7,691.5,225.99,735.9773333333333,711.9965,63.16,790.074074074074,709.0,236.52,2024,9200819.0,Köllnische Vorstadt,,
,,1150,1095,1046,11,19,36,919,8,262,4,715.0467899891186,688.0,201.65,608.0909090909091,578.0,106.31,733.25,709.0,178.38,984.8,995.0,148.39,936.926125,912.652,136.89,929.4,822.5,322.16,2024,9300920.0,Dorf Altglienicke,,
,,217,197,186,3,8,12,168,0,59,0,743.8630952380952,684.0,252.76,692.5,692.5,43.13,707.8,723.0,97.14,,,,,,,1022.3333333333334,946.0,242.7,2024,9300921.0,Preußen Siedlung,,
,,941,876,818,11,22,43,714,6,88,5,792.0140056022409,771.5,192.25,621.4285714285714,625.0,38.85,700.8125,692.5,105.51,879.2,891.0,57.01,843.5999999999999,837.0485,54.72,992.3,881.5,335.92,2024,9300922.0,Kosmos Viertel,,
,,870,830,786,6,21,19,674,7,57,2,835.2759643916914,803.5,212.22,743.75,765.0,80.18,708.0769230769231,679.0,96.29,960.5454545454544,946.0,137.7,962.704,925.95,140.63,989.5714285714286,975.5,222.92,2024,9300923.0,Kölner Viertel,,
,,711,412,400,2,24,19,342,13,172,2,660.8216374269006,594.5,253.14,387.0,387.0,,765.8,755.0,135.45,941.3125,965.0,89.8,971.0303846153846,977.997,108.5,1072.5555555555557,998.0,485.65,2024,9301024.0,Falkenberg,,
,,1320,1201,1146,10,70,49,998,38,398,8,715.941883767535,653.5,256.72,614.3,640.5,140.49,837.8695652173913,823.5,159.21,1000.1458333333334,1003.5,136.32,1023.4433947368424,991.249,175.36,1036.6774193548388,1039.0,322.01,2024,9301025.0,Alt-Bohnsdorf,,
,,1260,1182,1128,13,40,38,992,7,333,3,702.6058467741935,682.0,205.49,590.25,605.5,77.4,642.8666666666667,600.5,199.12,835.9230769230769,782.0,165.79,925.0077142857144,932.873,107.05,966.0,903.0,403.2,2024,9301126.0,Grünau,,
,,178,166,151,1,2,10,127,2,4,0,910.1417322834644,837.0,249.84,784.0,784.0,,674.0,674.0,90.51,1121.0,1121.0,223.45,1130.23,1130.23,144.79,1128.3333333333333,967.0,719.69,2024,9301227.0,Karolinenhof,,
,,298,257,237,4,8,33,198,2,7,0,1042.358585858586,997.5,295.02,789.0,812.0,376.03,819.6666666666666,696.0,241.54,1525.0,1525.0,161.22,1914.575,1914.575,1124.23,850.8461538461538,746.0,420.22,2024,9301228.0,Schmöckwitz/Rauchfangswerder,,
,,1370,1299,1227,14,38,33,1102,10,280,3,728.2994555353902,690.0,203.73,601.6363636363636,617.0,104.59,654.3076923076923,633.0,118.4,719.5416666666666,700.0,134.14,1012.0389,964.1985,226.29,871.6666666666666,792.0,273.56,2024,9401329.0,Kietzer Feld/Nachtheide,,
,,154,151,145,3,2,1,119,1,12,0,784.6050420168067,762.0,175.88,625.6666666666666,643.0,93.22,969.0,969.0,,1379.0,1379.0,,1379.467,1379.467,,1609.0,1609.0,,2024,9401330.0,Wendenschloß,,
,,979,931,884,10,23,25,799,3,404,2,630.793491864831,598.0,193.54,517.0,474.0,92.34,606.1818181818181,595.0,126.1,664.875,711.0,160.94,962.3376666666668,888.46,189.08,952.3636363636364,772.5,382.06,2024,9401431.0,Allende I,,
,,164,155,150,0,5,4,136,1,61,1,655.7132352941177,615.0,218.91,,,,627.5,627.5,28.99,784.0,784.0,,875.723,875.723,,1003.25,1054.0,307.97,2024,9401432.0,Siedlung Kämmereiheide,,
,,1009,684,631,5,15,23,557,4,209,1,676.3895870736086,647.0,209.45,613.3333333333334,594.0,102.38,683.375,669.0,68.66,911.75,810.0,355.89,926.27925,939.687,54.84,1059.0,953.0,326.71,2024,9401433.0,Allende II,,
,,1109,1034,978,10,30,44,873,5,562,4,582.3963344788087,544.0,211.08,461.375,468.5,92.37,636.5217391304348,624.0,109.59,665.5,643.0,90.58,884.5804,858.384,131.51,723.8787878787879,629.0,370.08,2024,9401534.0,Altstadt Köpenick,,
,,565,520,498,6,14,31,429,1,58,0,894.8205128205128,876.0,256.44,647.5,656.0,98.72,775.0,695.0,214.72,893.0,893.0,,1982.297,1982.297,,1052.6363636363635,931.0,337.96,2024,9401635.0,Müggelheim,,
,,742,704,674,11,11,27,584,6,204,4,696.3818493150685,662.0,223.48,541.0,585.0,125.15,662.5,658.5,129.73,933.8,852.0,217.43,920.8593333333332,861.0585,133.19,1027.3529411764705,886.0,419.57,2024,9501736.0,Hirschgarten,,
,,1952,1853,1769,25,50,49,1518,15,678,7,667.9281949934124,633.5,236.66,541.25,477.5,174.61,634.75,643.0,113.51,911.55,892.0,116.93,959.7558,931.133,182.99,684.2857142857143,653.0,176.55,2024,9501737.0,Alt-Friedrichshagen,,
,,1238,1144,1089,17,19,75,874,3,381,1,699.6475972540046,627.0,259.42,626.9,547.5,330.93,948.375,804.5,477.62,1312.5,1312.5,4.95,1219.058,1352.14,346.43,867.125,838.0,363.76,2024,9501838.0,Rahnsdorf,,
,,1193,1093,1060,14,38,60,955,4,552,2,627.6921465968586,570.0,222.03,482.0,465.0,65.8,578.4444444444445,565.5,141.54,760.3636363636364,615.0,251.65,898.115,867.6034999999999,251.72,824.5121951219512,615.0,416.35,2024,9501939.0,Bahnhofstraße,,
,,360,323,308,2,20,17,274,5,137,1,646.9233576642335,599.5,210.74,515.5,515.5,79.9,634.1666666666666,602.5,114.0,786.2727272727273,617.0,273.53,1039.396,917.473,306.14,1032.25,837.5,441.16,2024,9501940.0,Güterbahnhof Köpenick,,
,,390,355,339,2,17,18,310,2,169,2,641.2548387096774,589.5,207.23,464.0,464.0,21.21,635.5,546.5,267.27,653.3333333333334,585.0,261.38,633.935,633.935,241.53,920.0,788.5,365.76,2024,9501941.0,Friedrichshagener Straße,,
,,399,376,350,2,10,13,316,1,103,1,715.0284810126582,662.0,212.37,624.0,624.0,,666.0,646.0,161.61,820.3333333333334,738.0,271.54,853.437,853.437,,709.8571428571429,676.0,187.65,2024,9502042.0,Mittelheide,,
,,1178,1114,1045,14,25,39,955,4,233,2,725.9256544502617,692.0,202.14,579.6666666666666,569.0,73.72,738.1666666666666,681.5,174.07,906.3,885.5,265.09,854.6525,892.145,173.8,1173.076923076923,1144.0,395.86,2024,9502043.0,Dammheide,,
,,740,700,670,9,21,19,611,2,251,2,670.5990180032733,654.0,216.33,444.2857142857143,428.0,137.97,805.5333333333333,731.0,201.42,903.375,863.0,136.77,875.9815,875.9815,6.19,862.4,757.0,328.45,2024,10100101.0,Marzahn West,,
,,538,506,477,6,17,15,437,4,115,3,723.9450800915332,714.0,202.49,589.6,562.0,123.78,833.4,809.0,131.62,816.4,758.0,105.22,842.93275,834.8185,50.16,984.6363636363636,873.0,453.56,2024,10100102.0,Rosenbecker Straße,,
,,1351,1260,1177,8,59,31,1078,8,262,4,726.8116883116883,693.0,197.72,533.2857142857143,580.0,123.46,815.0731707317074,773.0,245.36,830.6842105263158,768.0,164.81,907.53125,866.538,153.56,1038.5263157894738,895.0,387.86,2024,10100103.0,Wittenberger Straße,,
,,797,743,709,13,24,30,651,5,163,2,732.9093701996928,714.0,191.08,613.0,572.0,109.44,766.4375,781.5,138.22,928.818181818182,929.0,255.19,1045.948,935.027,337.31,1075.6666666666667,926.0,424.82,2024,10100104.0,Golliner Straße,,
,,560,509,482,8,27,23,448,9,179,4,678.8035714285714,642.0,211.77,526.4285714285714,525.0,100.57,778.35,737.0,183.66,866.7333333333333,830.0,203.38,1025.5822222222223,906.706,268.52,805.1333333333333,834.0,311.83,2024,10100205.0,Gewerbegebiet Bitterfelder Straße,,
,,1357,1261,1200,7,54,42,1120,9,355,6,690.4178571428571,658.0,198.78,543.5,556.5,97.96,710.2068965517242,680.0,136.88,756.625,729.0,119.98,845.1491111111112,823.22,149.85,1187.5757575757575,987.0,448.51,2024,10100206.0,Wuhletalstraße,,
,,982,917,868,8,42,23,801,9,200,8,707.8377028714108,689.0,194.34,553.75,552.0,128.06,712.1875,704.5,131.21,886.1764705882352,815.0,226.71,780.579111111111,772.733,106.04,961.6111111111112,871.0,424.54,2024,10100207.0,Ahrensfelder Berge,,
,,1646,1534,1456,21,53,58,1338,15,453,10,683.398355754858,649.0,190.14,533.5294117647059,529.0,87.68,675.2121212121212,675.0,135.74,748.9,681.5,184.83,860.1405333333333,835.366,114.88,972.32,743.0,457.5,2024,10100208.0,Bürgerpark,,
,,1199,1140,1067,10,28,31,989,6,316,5,687.4721941354904,668.0,193.85,619.8888888888889,600.0,96.88,646.1333333333333,630.0,153.31,837.8571428571429,690.0,274.68,875.8580000000001,724.0985000000001,425.45,977.0384615384615,837.5,419.85,2024,10100209.0,Lea-Grundig-Straße,,
,,1793,1696,1625,13,39,58,1511,12,795,10,636.0919920582396,591.0,204.13,489.3,433.5,129.74,537.8260869565217,556.0,111.32,634.1666666666666,598.5,163.8,747.3313333333334,749.168,174.43,837.9666666666667,668.0,351.47,2024,10100210.0,Marzahner Promenade,,
,,975,806,781,4,78,88,712,17,289,12,658.1980337078652,634.0,200.64,465.0,524.5,138.75,656.3962264150944,632.0,176.1,816.96875,762.0,207.43,881.5273529411764,803.7,235.85,822.859649122807,681.0,394.83,2024,10100311.0,Marzahner Chaussee,,
,,2263,2057,1951,23,121,84,1823,31,1018,28,611.1618211738892,571.0,202.35,479.4117647058824,477.0,86.97,593.1463414634146,556.5,194.26,672.6666666666666,613.0,218.83,727.1458387096776,701.967,157.98,790.6315789473684,642.0,396.1,2024,10100312.0,Springpfuhl,,
,,677,616,578,4,22,39,529,4,323,3,602.7410207939508,555.0,214.33,439.25,453.5,95.96,571.0,517.0,178.3,823.7777777777778,852.0,222.64,780.2784999999999,783.169,141.25,697.0,571.5,431.43,2024,10100313.0,Alt-Marzahn,,
,,720,690,650,10,17,13,605,3,322,3,622.3504132231405,591.0,193.21,458.1428571428572,446.0,135.68,585.1666666666666,595.5,141.47,713.4444444444445,716.0,53.11,760.9723333333335,740.854,120.85,708.7777777777778,582.0,348.56,2024,10100314.0,Auersbergstraße,,
,,836,782,740,10,26,28,684,6,313,3,639.9269005847954,616.5,198.99,517.8571428571429,490.0,116.56,728.8571428571429,709.0,141.11,765.5,703.5,268.67,865.2561666666667,894.1435,208.58,1011.2,879.0,424.83,2024,10100315.0,Bärenstein,,
,,604,565,553,4,27,12,498,11,173,10,678.855421686747,658.5,204.43,535.3333333333334,579.0,114.9,667.4375,639.0,89.67,745.4375,670.5,205.36,749.0537272727271,779.76,106.77,938.5,823.0,353.07,2024,10100316.0,Landsberger Tor,,
,,1030,962,908,12,31,37,844,8,208,6,712.3815165876778,683.0,188.62,562.3333333333334,548.0,67.46,630.125,655.5,115.93,901.4545454545456,836.0,241.04,871.6955,762.2115,276.81,837.2083333333334,769.5,383.17,2024,10200417.0,Zossener Straße,,
,,787,738,702,3,27,22,635,5,158,4,755.6724409448819,715.0,224.68,568.3333333333334,601.0,57.45,752.6428571428571,736.5,165.78,953.8888888888888,974.0,241.98,841.5214,871.523,113.5,712.5333333333333,655.0,172.99,2024,10200418.0,Kyritzer Straße,,
,,406,379,363,2,8,19,332,1,85,0,746.5602409638554,711.5,202.9,567.0,567.0,,640.0,618.5,109.9,813.8333333333334,818.5,118.04,909.914,909.914,,795.3846153846154,773.0,97.33,2024,10200419.0,Havelländer Ring,,
,,1069,1013,964,3,33,22,894,7,384,5,701.0704697986578,629.5,238.45,550.3333333333334,572.0,62.39,645.6666666666666,631.0,121.79,1068.7777777777778,929.0,243.81,795.7458571428571,730.544,175.91,962.4615384615385,820.0,388.44,2024,10200420.0,Gut Hellersdorf,,
,,685,637,618,2,26,22,550,5,212,0,696.1309090909091,643.0,230.92,777.0,777.0,,612.4666666666667,539.0,188.13,835.3636363636364,867.0,267.28,1170.7262,1194.303,101.73,693.6666666666666,714.0,105.02,2024,10200421.0,Helle Mitte,,
,,953,891,863,10,39,23,787,7,204,4,741.2299872935197,685.0,216.88,554.6666666666666,577.0,78.98,683.2173913043479,668.0,159.63,821.9285714285714,804.0,181.27,1003.9971428571428,869.423,250.25,859.7692307692307,855.0,291.48,2024,10200422.0,Hellersdorfer Promenade,,
,,681,632,602,2,26,23,550,3,81,2,770.3254545454546,737.0,185.09,697.0,697.0,32.53,702.0,668.0,140.16,932.0,915.0,93.63,853.7953333333334,869.65,76.07,909.4166666666666,836.0,217.15,2024,10200423.0,Böhlener Straße,,
,,1322,1241,1176,8,37,44,1071,1,200,1,778.8478057889822,730.0,218.56,550.8571428571429,521.0,86.85,715.2666666666667,662.0,337.04,1047.25,1032.5,157.79,896.56,896.56,,864.1212121212121,835.0,236.53,2024,10200524.0,Adele-Sandrock-Straße,,
,,642,598,563,8,24,20,499,4,99,0,749.6993987975952,709.0,195.16,568.0,564.0,89.14,631.6923076923077,630.0,143.95,1025.8,1051.0,91.22,1040.68175,1069.425,94.67,874.8421052631579,906.0,183.22,2024,10200525.0,Schleipfuhl,,
,,734,634,600,7,69,31,538,9,212,4,697.5985130111524,640.5,229.62,466.5,450.0,40.48,632.5,578.0,192.33,903.5,892.0,356.4,970.2382222222222,925.047,304.35,837.4166666666666,770.5,253.49,2024,10200526.0,Boulevard Kastanienallee,,
,,368,347,338,5,15,6,302,2,191,0,584.976821192053,519.5,226.8,386.5,329.5,166.17,469.5,424.0,101.41,813.0,813.0,502.05,1045.957,1045.957,172.79,910.3333333333334,889.0,273.62,2024,10200627.0,Am Kienberg,,
,,774,731,696,5,31,11,638,6,346,4,650.0297805642633,580.0,228.14,474.0,477.5,54.52,525.6666666666666,531.5,90.92,721.8,743.0,131.92,827.4744999999999,823.227,117.45,657.5,593.0,255.7,2024,10200628.0,Neue Grottkauer Straße,,
,,1399,1317,1273,18,44,38,1147,3,698,3,608.6477768090672,551.0,221.4,472.07142857142856,480.0,77.98,604.3529411764706,538.0,287.95,905.8333333333334,899.5,200.86,792.2513333333333,793.407,83.73,753.3181818181819,718.0,302.61,2024,10200629.0,Teterower Ring,,
,,962,880,829,9,52,30,751,19,453,11,613.3821571238349,551.0,228.96,451.7142857142857,398.0,97.08,572.5172413793103,514.0,202.01,927.5555555555557,860.0,257.53,888.1537368421052,859.744,223.44,699.68,615.0,265.17,2024,10200630.0,Cecilienplatz,,
,,802,751,719,7,20,31,662,5,342,4,623.9123867069486,594.5,185.64,567.3333333333334,553.5,60.85,638.25,629.5,129.52,911.0,817.0,279.17,767.8022,725.164,234.11,744.65,678.5,298.08,2024,10300731.0,Oberfeldstraße,,
,,1392,975,921,12,40,31,861,13,490,8,602.98606271777,565.0,213.01,419.27272727272725,463.0,89.27,656.8888888888889,621.0,134.5,791.15,785.0,137.68,883.2636923076923,792.85,199.76,754.4761904761905,560.0,432.29,2024,10300732.0,Buckower Ring,,
,,894,847,817,10,20,27,760,5,191,4,699.9,682.0,178.09,548.5555555555555,513.0,114.1,609.2,654.0,172.26,803.7142857142857,814.0,117.09,857.6954,834.526,179.7,929.5384615384615,819.0,356.11,2024,10300733.0,Alt-Biesdorf,,
,,1118,1044,1008,16,29,44,933,9,188,5,745.2722400857449,733.0,202.77,653.5454545454545,673.0,76.28,737.0526315789474,736.0,183.06,828.8333333333334,799.0,161.95,883.1852222222223,841.817,179.77,1000.6521739130436,826.0,406.39,2024,10300734.0,Biesdorf Süd,,
,,652,616,592,9,12,24,529,1,230,1,698.0264650283553,625.0,249.51,528.6666666666666,476.0,114.89,656.8571428571429,612.0,182.85,819.3333333333334,754.0,219.42,754.337,754.337,,743.45,700.5,365.04,2024,10400835.0,Kaulsdorf Nord,,
,,999,716,682,4,16,28,631,3,293,1,644.9619651347068,623.0,222.07,441.25,490.5,109.03,581.6,558.5,161.56,782.5,763.5,207.65,915.041,1007.707,171.52,766.375,659.0,239.47,2024,10400836.0,Alt-Kaulsdorf,,
,,686,653,629,10,11,22,562,1,129,0,750.5142348754448,730.0,204.43,638.4444444444445,652.0,157.66,612.1666666666666,598.0,91.45,751.0,751.0,,907.306,907.306,,930.6,903.5,392.92,2024,10400837.0,Kaulsdorf Süd,,
,,830,797,761,9,15,18,689,5,60,1,837.9404934687954,796.0,214.27,736.5714285714286,706.0,169.21,775.3636363636364,732.0,150.65,1067.8333333333333,1122.0,263.12,1218.9752,1157.643,358.4,929.9166666666666,852.5,250.35,2024,10400938.0,Mahlsdorf Nord,,
,,562,518,498,4,14,30,447,1,98,0,771.2393736017897,730.0,234.64,596.0,578.0,70.4,760.5555555555555,751.0,157.8,804.3333333333334,702.0,251.62,988.307,988.307,,863.9333333333333,919.0,282.28,2024,10400939.0,Alt-Mahlsdorf,,
,,531,481,467,8,20,30,416,1,51,1,800.8293269230769,786.0,189.47,716.0,728.0,47.27,674.4444444444445,650.0,264.68,792.6,815.0,90.48,763.29,763.29,,1118.076923076923,1040.0,366.46,2024,10400940.0,Elsensee,,
,,696,663,627,7,10,23,564,4,43,2,834.9024822695036,806.5,200.02,701.0,690.0,72.75,731.8571428571429,724.0,185.06,1063.2,1130.0,270.77,978.12775,977.7485,167.07,942.9333333333332,933.0,153.72,2024,10400941.0,Pilgramer Straße,,
,,421,387,371,11,12,22,345,3,107,1,729.8463768115942,695.0,246.26,528.0,492.0,92.37,817.7142857142857,747.0,167.77,983.75,911.0,254.96,1175.2813333333334,1131.107,380.93,1013.529411764706,1000.0,375.22,2024,11100101.0,Dörfer Malchow-Wartenberg,,
,,289,279,266,4,7,3,244,1,83,0,720.155737704918,717.5,234.01,395.5,395.5,70.0,875.75,887.5,158.23,976.3333333333334,1033.0,108.71,1414.684,1414.684,,789.0,789.0,,2024,11100102.0,Dorf Falkenberg,,
,,1002,944,903,11,32,26,834,8,335,3,697.9208633093525,658.5,211.09,544.2,526.5,164.51,766.55,680.0,303.2,986.2222222222222,953.0,230.26,965.4565,954.1935,247.43,1019.7,957.0,310.76,2024,11100203.0,Falkenberg Ost,,
,,939,875,815,7,32,32,737,13,247,9,698.7313432835821,668.0,202.8,554.0,544.0,91.61,683.0,653.0,143.73,927.8125,869.5,193.32,893.6804615384614,857.97,170.36,1094.235294117647,939.0,458.27,2024,11100204.0,Falkenberg West,,
,,761,730,683,5,18,13,616,6,237,4,693.6136363636364,643.5,211.61,610.25,600.0,143.24,809.3571428571429,791.5,245.51,933.4444444444443,899.0,132.05,894.9388333333333,885.4735000000001,99.23,1160.6,1127.5,425.82,2024,11100205.0,Wartenberg Süd,,
,,939,888,842,12,32,19,765,7,261,2,694.7150326797386,672.0,220.76,550.0,574.0,102.41,738.9285714285714,779.5,189.95,885.0,877.0,120.93,960.2304285714284,983.743,103.88,913.4166666666666,770.5,321.96,2024,11100206.0,Wartenberg Nord,,
,,1709,1616,1522,11,49,44,1383,14,257,6,743.3080260303688,716.0,190.89,567.1,578.0,70.23,739.1071428571429,756.5,165.22,894.7222222222222,799.0,183.78,955.0158571428572,951.4945,122.41,967.1764705882352,982.5,270.3,2024,11100307.0,Zingster Straße Ost,,
,,1274,1188,1112,10,50,35,1029,17,232,12,720.9076773566569,682.0,192.07,626.8888888888889,575.0,118.39,709.9629629629629,704.0,165.64,860.8181818181819,871.0,204.84,874.1028235294117,844.43,146.59,874.5454545454545,861.0,219.21,2024,11100308.0,Zingster Straße West,,
,,938,889,843,3,30,19,776,4,206,2,741.8518041237113,709.0,214.79,479.0,479.0,,693.3333333333334,694.0,219.18,832.3333333333334,840.0,285.77,1354.1325000000002,880.505,1077.88,901.2,882.0,183.81,2024,11100309.0,Mühlengrund,,
,,1150,1066,992,10,43,41,913,10,269,5,709.8105147864184,681.0,210.72,511.0,463.0,85.44,666.3214285714286,670.0,214.96,878.625,866.5,243.13,875.0971999999999,848.5364999999999,223.98,1005.76,1004.0,272.89,2024,11200410.0,Malchower Weg,,
,,1299,1165,1118,7,80,52,1032,29,424,20,655.3982558139535,649.0,221.57,493.4,548.0,141.88,685.6122448979592,654.0,239.18,873.0714285714286,810.0,206.75,856.6271379310344,852.28,133.29,908.0833333333334,832.0,284.74,2024,11200411.0,Hauptstraße,,
,,759,708,688,5,39,12,638,20,249,19,675.3871473354232,642.5,203.77,494.75,529.0,91.89,627.5483870967741,617.0,114.62,738.6086956521739,727.0,102.46,792.0153999999999,791.4955,79.04,1074.3,1059.0,304.19,2024,11200512.0,Orankesee,,
,,1069,1015,950,10,27,27,849,6,386,4,662.2956419316844,616.0,219.74,541.8888888888889,536.0,98.76,621.75,624.0,114.2,795.4285714285714,815.5,130.37,856.8939999999999,817.7635,157.93,888.875,853.0,347.65,2024,11200513.0,Große-Leege-Straße,,
,,1956,1803,1715,22,81,72,1568,26,737,20,656.077806122449,610.0,202.11,501.5,531.5,115.35,650.6326530612245,590.0,197.73,759.3421052631579,721.5,138.36,790.0527692307692,752.2235000000001,137.95,967.4444444444443,920.5,327.88,2024,11200514.0,Landsberger Allee,,
,,480,448,426,4,25,7,395,9,216,7,626.820253164557,590.0,199.08,502.6666666666667,515.0,28.57,643.375,659.5,97.61,775.8888888888889,761.0,141.85,834.6376666666666,815.29,118.76,820.5,857.5,156.25,2024,11200515.0,Weiße Taube,,
,,824,772,736,10,29,23,678,12,297,10,658.1563421828909,621.5,203.77,523.7777777777778,503.0,70.6,635.0952380952381,619.0,100.03,769.2352941176471,712.0,154.54,807.0585000000001,788.9580000000001,141.5,865.8666666666667,800.0,314.83,2024,11300616.0,Hohenschönhausener Straße,,
,,856,795,760,6,41,20,706,11,254,9,691.1048158640226,655.0,207.38,624.6,637.0,86.83,612.4347826086956,562.0,164.54,804.578947368421,778.0,177.05,754.4317272727272,725.733,105.73,1078.3846153846157,1056.0,387.69,2024,11300617.0,Fennpfuhlpark,,
,,585,544,530,7,25,16,498,2,274,2,621.1385542168674,585.5,193.31,470.5,455.0,54.74,548.5714285714286,542.0,81.47,754.0,742.0,151.26,619.703,619.703,12.16,772.0833333333334,647.5,297.85,2024,11300618.0,Storkower Bogen,,
,,991,930,863,15,25,36,798,10,444,6,623.3784461152882,571.5,212.21,470.3333333333333,470.5,66.99,601.7058823529412,523.0,166.01,787.5263157894736,779.0,168.35,843.3395,829.6300000000001,151.88,729.2083333333334,607.5,215.31,2024,11300619.0,Rudolf-Seiffert-Park,,
,,1484,1396,1313,12,50,38,1218,7,709,4,600.5927750410509,549.0,202.68,419.375,419.0,95.98,620.2083333333334,595.0,166.35,758.3333333333334,768.0,135.75,895.561,860.093,129.12,878.9354838709677,654.0,406.43,2024,11300620.0,Fennpfuhl Ost,,
,,1795,1273,1221,9,152,60,1129,64,516,51,640.7953941541186,621.0,221.43,566.625,567.5,93.52,664.5233644859813,650.0,177.24,766.0,746.0,158.15,831.9386562499998,774.107,219.9,987.421052631579,919.0,443.63,2024,11300721.0,Herzbergstraße,,
,,1870,1754,1709,20,65,51,1601,24,1009,21,593.5296689569019,536.0,213.99,427.75,439.5,69.12,623.1111111111111,573.0,132.17,721.6666666666666,689.0,171.79,816.9709166666665,781.3295,202.5,897.0,780.0,464.03,2024,11300722.0,Rathaus Lichtenberg,,
,,290,224,212,0,60,6,207,18,129,13,592.3188405797101,516.0,208.57,,,,588.5714285714286,508.0,206.72,767.6285714285714,766.0,241.86,834.4746666666667,819.0264999999999,130.84,954.5,988.0,357.43,2024,11300723.0,Bornitzstraße,,
,,576,544,513,2,15,17,479,3,281,3,607.0396659707725,557.0,199.65,446.5,446.5,51.62,631.0,589.0,97.32,766.8,770.0,110.4,777.2923333333333,782.35,68.29,979.0,952.0,411.58,2024,11300724.0,Roedeliusplatz,,
,,1375,921,879,13,40,35,803,10,484,5,607.6525529265256,553.0,219.98,464.9,427.5,109.84,615.12,520.0,186.82,787.75,743.0,233.55,896.8288999999999,900.547,131.64,1008.9583333333334,816.0,543.69,2024,11300725.0,Nibelungenviertel,,
,,1520,1414,1358,18,60,46,1260,22,585,15,651.5444444444445,614.5,209.74,478.46153846153845,489.0,88.06,697.4666666666667,643.5,182.8,840.0344827586207,845.0,172.82,878.7855000000001,835.6315,196.81,958.6428571428572,798.5,370.13,2024,11300826.0,Frankfurter Allee Süd,,
,,305,273,253,1,14,18,224,3,95,2,662.75,641.0,212.82,530.0,530.0,,805.1666666666666,733.5,246.61,833.25,842.0,308.92,942.6923333333334,866.524,141.18,885.6153846153846,798.0,495.32,2024,11400927.0,Victoriastadt,,
,,285,257,247,1,9,19,226,1,76,1,690.1238938053098,679.0,210.69,,,,531.8,561.0,137.01,674.5,674.5,34.65,666.384,666.384,,1118.7272727272727,1186.0,463.12,2024,11400928.0,Nöldnerplatz,,
,,1402,1287,1223,14,67,48,1131,23,369,20,691.8028293545535,682.0,203.93,508.45454545454544,522.0,96.53,705.4,696.0,92.15,835.969696969697,838.0,119.18,806.309956521739,813.183,81.73,999.2162162162164,799.0,443.55,2024,11400929.0,Weitlingkiez,,
,,435,411,386,7,8,16,352,0,125,0,676.0511363636364,655.5,183.07,455.7142857142857,445.0,111.34,696.0,677.0,134.57,789.0,781.0,140.59,,,,802.9090909090909,749.0,214.55,2024,11400930.0,Zachertstraße,,
,,985,916,883,12,23,46,807,13,276,10,677.0656753407683,665.0,193.7,517.2727272727273,516.0,101.75,708.6153846153846,657.0,133.23,789.8125,837.5,152.12,831.8476153846154,843.21,138.11,986.2058823529412,870.5,415.82,2024,11400931.0,Massower Straße,,
,,1031,968,918,7,31,32,846,12,280,11,686.1418439716313,669.0,202.56,553.3333333333334,520.5,98.48,659.0,640.0,129.14,826.2105263157895,811.0,141.05,781.7398333333332,793.3885,87.25,1041.8636363636365,926.0,390.29,2024,11401032.0,Rosenfelder Ring,,
,,822,768,727,6,19,35,672,5,163,5,718.5446428571429,697.5,196.21,543.0,543.0,193.75,729.625,744.5,84.6,781.0,795.0,151.67,763.8059999999999,754.724,70.92,951.6666666666666,854.0,275.73,2024,11401033.0,Gensinger Straße,,
,,704,668,636,5,15,21,594,9,181,9,701.1515151515151,670.0,206.47,550.8,557.0,151.92,723.5,697.0,69.87,794.25,795.5,70.88,776.4233333333332,791.104,66.5,927.3076923076924,974.0,266.94,2024,11401034.0,Tierpark,,
,,1486,1421,1346,18,27,38,1218,11,398,6,736.1264367816092,708.5,229.31,596.0,597.0,143.42,718.3888888888889,738.0,162.02,864.6470588235294,853.0,109.35,899.377909090909,887.783,90.87,1187.8846153846157,1261.5,457.27,2024,11401135.0,Dolgenseestraße,,
,,1208,1149,1092,10,35,23,1005,11,305,7,707.9492537313433,686.0,202.47,597.3333333333334,572.5,100.83,796.85,775.5,159.11,917.7222222222222,919.0,140.34,898.721,873.663,109.83,1058.0,949.0,410.49,2024,11401136.0,Volkradstraße,,
,,1295,1180,1139,8,67,48,1031,12,317,7,708.9495635305528,682.0,204.14,502.2,593.0,178.33,709.3658536585366,668.0,202.1,885.55,871.0,91.5,906.8361666666668,858.2864999999999,168.87,1013.0,854.0,406.36,2024,11401137.0,Erieseering,,
,,610,533,517,3,36,41,464,12,138,3,723.5840517241379,701.5,228.29,667.0,667.0,222.03,820.2,845.0,164.53,969.0526315789474,971.0,234.1,1117.2055,971.087,491.42,1074.32,1082.0,359.14,2024,11501238.0,Rummelsburg,,
,,828,767,726,4,37,24,629,7,278,3,690.4515103338633,647.0,254.1,771.0,771.0,,748.68,743.0,208.87,1016.9285714285714,985.0,155.86,948.3922857142858,964.0,135.09,919.5384615384615,987.0,484.64,2024,11501339.0,Karlshorst West,,
,,1184,1120,1070,11,27,37,949,1,306,0,740.9062170706006,718.0,244.12,580.8888888888889,585.0,104.48,753.6,739.0,146.88,881.3333333333334,889.5,94.93,920.493,920.493,,1053.1363636363635,973.0,456.46,2024,11501340.0,Karlshorst Nord,,
,,777,729,691,6,19,29,613,7,196,4,734.7438825448613,707.0,240.9,585.2,504.0,246.81,790.8571428571429,768.0,214.9,928.0,890.0,151.8,851.3778571428572,832.286,73.54,740.0,684.0,304.38,2024,11501341.0,Karlshorst Süd,,
,,1277,1181,1122,16,32,64,1026,5,464,5,646.6832358674463,614.0,199.4,502.4285714285714,485.5,94.55,602.15,567.0,111.77,671.4666666666667,622.0,130.82,715.4392,708.907,119.23,897.0392156862745,804.0,358.4,2024,12100101.0,Letteplatz,,
,,1352,1267,1208,14,51,34,1105,20,343,18,687.987330316742,670.0,180.13,571.5,600.0,105.08,647.8285714285714,652.0,99.78,818.59375,778.0,176.63,777.46085,778.1285,89.74,944.8,835.0,379.46,2024,12100102.0,Hausotterplatz,,
,,1167,1101,1027,14,28,38,933,12,385,12,666.1607717041801,632.0,207.01,565.5833333333334,541.0,115.76,633.35,605.5,127.08,748.5,735.0,117.83,704.6062499999999,689.3645,118.78,887.741935483871,792.0,343.82,2024,12100103.0,Breitkopfbecken,,
,,1533,1439,1384,17,52,42,1275,16,717,12,617.443137254902,581.0,194.43,473.9166666666667,480.5,112.5,653.6333333333333,588.5,291.2,758.2666666666667,701.5,215.07,810.9064374999998,774.2715000000001,208.29,909.0,838.0,341.79,2024,12100204.0,Schäfersee,,
,,2185,1983,1885,28,113,89,1722,36,923,30,629.6295005807201,586.0,209.6,477.9047619047619,494.0,60.45,610.6617647058823,593.0,125.7,775.7254901960785,752.0,181.5,855.7317499999999,709.717,705.46,767.5526315789474,677.5,311.62,2024,12100205.0,Teichstraße,,
,,533,504,473,4,13,16,424,2,201,2,636.1816037735849,612.5,195.25,510.0,510.0,178.19,732.2,600.0,306.93,671.3333333333334,674.0,69.07,806.042,806.042,124.02,702.3333333333334,660.0,210.95,2024,12100206.0,Humboldtstraße,,
,,470,444,426,5,10,16,389,1,192,1,617.6092544987147,604.0,163.62,333.0,326.5,40.06,671.8571428571429,586.0,171.36,737.5,712.5,145.5,710.553,710.553,,912.1428571428572,863.5,186.56,2024,12200307.0,Reinickes Hof,,
,,717,683,650,8,16,18,607,3,235,2,683.504118616145,641.0,202.01,579.2,570.0,110.57,687.9230769230769,611.0,233.11,747.3,719.0,156.57,794.8203333333332,762.717,103.46,715.5294117647059,754.0,163.51,2024,12200308.0,Mellerbogen,,
,,1776,1643,1573,14,84,47,1421,45,663,42,638.8944405348346,612.0,184.92,480.0,476.0,84.56,626.9491525423729,620.0,123.02,729.0,716.0,105.02,730.3230888888888,722.074,95.94,873.9285714285714,869.0,307.24,2024,12200309.0,Scharnweberstraße,,
,,1034,971,930,9,29,34,864,7,384,7,662.9363425925926,619.0,208.52,510.8571428571428,507.0,80.19,539.7333333333333,574.0,110.73,773.3333333333334,739.5,120.54,757.8155714285714,770.543,87.64,964.074074074074,977.0,323.49,2024,12200310.0,Klixstraße,,
,,103,86,83,0,6,11,76,1,34,0,674.1052631578947,610.5,198.81,,,,676.0,676.0,,537.0,537.0,,1847.936,1847.936,,1110.7142857142858,1203.0,292.96,2024,12200411.0,Schumacher-Quartier,,
,,910,821,793,18,56,33,712,16,315,6,674.1502808988764,627.5,226.79,494.2142857142857,497.0,106.72,727.6071428571429,659.5,251.78,807.8695652173913,798.0,260.91,937.9658125,912.947,162.39,933.5217391304348,963.0,320.09,2024,12200412.0,Waldidyll/Flughafensee,,
,,946,898,854,14,23,25,784,4,392,2,642.8762755102041,600.5,216.96,455.7,447.5,63.95,581.9166666666666,553.5,147.49,819.75,831.5,164.9,847.31975,903.2315,131.33,866.0,804.0,315.35,2024,12200413.0,Tegel Süd,,
,,1276,1230,1182,14,23,22,1098,13,247,7,773.6630236794172,757.0,238.67,665.2727272727273,588.0,334.99,529.5384615384615,574.0,344.08,832.6666666666666,890.5,212.9,866.0832307692308,843.883,141.26,955.3125,836.5,422.97,2024,12200414.0,TXL,,
,,2708,2523,2428,24,88,85,2229,29,1151,20,614.8725886047555,581.0,255.41,385.0,336.5,138.65,569.8541666666666,489.5,170.03,758.1463414634146,779.0,199.62,857.5946896551724,836.113,125.01,934.9565217391304,989.0,443.93,2024,12200515.0,Alt-Tegel,,
,,659,619,584,7,6,33,489,1,309,1,637.4560327198365,543.0,272.15,576.5,576.5,30.41,750.0,765.0,277.94,811.5,811.5,7.78,817.427,817.427,,883.0,831.0,351.4,2024,12400616.0,Konradshöhe/Tegelort,,
,,568,534,509,12,10,23,467,3,65,0,808.7387580299786,758.0,242.44,624.3636363636364,649.0,192.49,782.75,799.0,100.74,879.25,852.0,100.4,1276.5606666666663,1035.966,440.94,1096.0,1049.0,363.75,2024,12400617.0,Alt-Heiligensee,,
,,521,489,461,10,11,20,408,1,53,0,830.3063725490196,803.5,230.35,710.4285714285714,742.0,241.55,1001.5,1001.5,74.25,1177.0,1177.0,,969.973,969.973,,1123.4615384615386,1013.0,359.24,2024,12400618.0,Heiligensee Nord,,
,,767,713,674,10,26,28,608,5,109,0,756.3700657894736,718.5,201.07,583.2857142857143,621.0,148.48,968.5833333333334,953.5,257.04,868.6666666666666,853.5,164.38,1440.914,1209.88,414.52,1092.047619047619,1003.0,400.58,2024,12400619.0,Heiligensee,,
,,906,861,832,10,16,29,730,1,186,1,723.5671232876713,687.0,209.41,566.125,538.0,107.36,757.4285714285714,767.0,147.05,1162.1666666666667,1072.5,317.97,810.807,810.807,,1236.6666666666667,1283.0,474.91,2024,12400720.0,Frohnau West,,
,,805,763,726,5,13,29,622,1,248,0,687.3697749196142,640.0,217.47,580.0,571.0,41.24,965.5,946.5,403.33,1227.6666666666667,1281.0,97.62,1280.846,1280.846,,1087.3684210526317,1012.0,399.81,2024,12400721.0,Frohnau Ost,,
,,1180,876,827,13,20,40,757,5,429,3,609.2391017173052,550.0,239.2,430.6,388.5,132.89,584.6875,514.0,213.67,872.0,862.5,58.11,866.6278,882.97,69.74,939.4242424242424,861.0,410.06,2024,12400722.0,Hermsdorf West,,
,,764,725,689,12,12,27,620,1,342,1,622.9854838709678,582.0,220.12,500.44444444444446,503.0,96.27,540.75,558.0,58.02,807.25,775.0,120.03,750.01,750.01,,932.6363636363636,922.0,388.24,2024,12400723.0,Hermsdorf Ost/Waldsee,,
,,1272,1202,1124,15,28,42,1015,1,528,1,635.9290640394089,591.0,224.57,518.5,528.5,102.24,645.0714285714286,561.0,282.24,698.875,670.5,89.84,794.213,794.213,,885.6428571428571,821.5,323.47,2024,12500824.0,Ziekowstraße/Freie Scholle,,
,,870,786,747,16,49,35,684,18,342,10,663.6798245614035,599.5,236.05,473.1666666666667,472.0,77.0,617.0645161290323,602.0,143.26,725.6451612903226,718.0,166.47,985.6650555555556,845.94,461.75,810.5555555555555,708.0,248.17,2024,12500825.0,Borsigwalde,,
,,1363,1298,1258,22,34,30,1115,9,614,9,604.980269058296,575.0,223.24,430.6428571428572,398.5,138.65,584.5714285714286,509.5,217.45,776.3333333333334,771.5,140.99,745.1042222222222,751.173,66.24,824.2608695652174,705.0,340.98,2024,12500926.0,Wittenau Süd,,
,,1447,1032,989,9,33,41,889,14,423,12,656.5028121484814,613.0,219.06,454.0,455.0,59.79,637.1666666666666,607.5,147.5,646.5833333333334,588.5,131.06,790.9865000000001,808.0505,115.52,819.8,730.5,269.16,2024,12500927.0,Wittenau Nord,,
,,636,588,562,6,19,29,520,2,291,2,639.7403846153846,575.5,222.18,540.75,528.5,79.62,684.625,613.0,185.94,794.5,651.0,312.67,606.6515,606.6515,32.19,825.6666666666666,871.0,286.98,2024,12500928.0,Waidmannslust,,
,,552,511,485,8,21,20,441,2,99,2,743.7823129251701,695.0,209.5,608.4285714285714,609.0,56.35,699.4615384615385,706.0,91.73,885.3333333333334,901.0,136.18,846.983,846.983,69.03,1099.3846153846157,984.0,247.5,2024,12500929.0,Lübars,,
,,1629,1532,1423,20,37,58,1299,14,612,13,649.080831408776,618.0,230.2,552.3846153846154,552.0,168.96,638.4761904761905,575.0,237.01,776.6842105263158,776.0,109.2,787.8370000000002,801.9580000000001,78.06,748.4042553191489,613.0,331.79,2024,12500930.0,Wittenau Mitte,,
,,502,456,434,3,29,17,398,7,194,7,643.9346733668342,604.5,192.83,507.0,507.0,110.31,589.7333333333333,563.0,104.44,871.6,823.0,207.41,722.7409999999999,682.493,90.51,646.0833333333334,629.5,248.83,2024,12601031.0,Lübarser Straße,,
,,790,720,683,4,28,41,632,4,238,4,679.9145569620254,635.0,190.54,466.0,475.0,39.28,701.1538461538462,703.0,144.37,823.1,760.5,229.37,740.0547500000001,733.645,51.44,858.5142857142857,795.0,287.52,2024,12601032.0,Rollbergesiedlung,,
,,1745,1648,1563,20,53,44,1410,24,407,14,743.4723404255319,702.0,218.92,559.8,565.0,102.51,775.0689655172414,683.0,236.53,962.2413793103448,983.0,193.42,898.6468333333333,886.0155,165.81,894.5588235294117,816.0,262.67,2024,12601133.0,Treuenbrietzener Straße,,
,,2612,2473,2354,26,74,55,2136,24,598,13,748.558052434457,707.5,237.18,559.0555555555555,533.0,87.07,754.2,715.0,239.01,880.8928571428571,862.0,246.26,895.8295833333333,885.9635,137.58,846.8260869565217,772.5,319.53,2024,12601134.0,Märkisches Zentrum,,
,,1240,1160,1097,14,38,42,999,11,388,7,695.978978978979,666.0,231.99,537.5833333333334,532.5,144.46,581.5333333333333,636.0,187.39,908.8,907.0,205.55,934.470909090909,811.587,221.26,807.4242424242424,728.0,262.88,2024,12601235.0,Dannenwalder Weg,,
,,422,409,393,8,4,9,343,1,185,1,617.4927113702624,582.0,205.02,502.5,414.5,187.76,499.0,499.0,,505.0,505.0,,849.393,849.393,,653.2857142857143,568.0,266.5,2024,12601236.0,Schorfheidestraße,,
,,26629,22508,21769,172,1982,1011,19637,1112,10918,980,611.98,576.0,219.52,458.08,445.0,120.67,600.94,591.0,143.06,711.94,696.0,152.28,759.69,735.62,176.32,897.48,802.0,392.59,2024,,,110.0,Zentrum
,,14412,13153,12617,132,757,496,11428,351,6283,305,613.88,577.0,211.73,476.36,457.0,118.76,565.76,536.5,160.94,678.97,661.0,154.93,755.48,725.82,229.03,847.2,768.0,375.45,2024,,,120.0,Moabit
,,11629,10465,10006,94,471,468,9082,116,4953,102,618.0,580.0,213.0,444.92,447.0,93.85,561.84,544.0,158.93,716.6,717.5,178.74,735.71,729.9,139.78,848.36,689.0,425.36,2024,,,130.0,Gesundbrunnen
,,16272,13875,13221,143,544,541,12018,120,7110,107,599.27,557.0,212.29,427.14,423.0,85.53,563.17,531.0,173.86,728.12,717.0,174.55,746.27,722.28,171.99,902.54,830.5,395.64,2024,,,140.0,Wedding
,,7324,6510,6230,54,476,338,5690,165,3525,141,586.24,547.0,203.7,432.08,396.0,123.78,567.81,543.0,142.36,711.75,704.0,153.52,767.25,748.79,129.33,788.51,679.0,356.3,2024,,,210.0,Kreuzberg Nord
,,8390,7119,6829,54,392,365,6168,114,3584,99,601.54,566.0,202.43,447.24,438.0,100.8,567.74,554.5,151.32,735.3,716.0,155.35,785.37,762.39,148.16,803.68,687.0,364.95,2024,,,220.0,Kreuzberg Süd
,,7024,6461,6230,71,289,272,5603,57,3762,47,565.3,517.0,210.66,393.88,394.5,81.21,550.8,500.0,184.58,706.49,679.0,234.28,731.3,698.68,161.6,845.11,673.5,418.99,2024,,,230.0,Kreuzberg Ost
,,9342,8157,7810,71,429,309,7132,170,4493,148,578.54,544.0,200.26,446.05,440.5,123.81,576.79,535.0,171.17,716.03,682.5,197.86,759.17,741.05,153.67,828.24,651.0,416.25,2024,,,240.0,Friedrichshain West
,,9885,9043,8721,82,474,368,7876,143,4259,117,618.43,584.0,203.93,472.27,456.0,104.55,591.0,552.0,173.43,722.57,685.5,184.24,792.06,790.5,131.69,926.31,759.0,439.65,2024,,,250.0,Friedrichshain Ost
,,2973,2516,2401,32,123,82,2064,29,1062,7,652.8,594.0,230.76,527.75,497.0,106.78,796.85,769.0,146.56,794.21,810.0,170.39,1023.19,985.56,170.81,1005.82,909.0,339.12,2024,,,310.0,Buch
,,4834,4581,4346,57,118,134,3890,25,1116,14,725.86,686.0,216.06,540.26,514.0,161.28,611.87,593.0,145.53,870.41,849.0,158.77,894.93,814.01,247.12,836.32,776.0,327.79,2024,,,320.0,Nördliches Pankow
,,3979,3738,3567,31,123,118,3171,31,1386,20,675.19,627.0,227.53,534.05,486.5,149.67,657.83,623.0,192.21,767.0,697.5,200.93,874.97,831.96,267.36,916.71,816.5,324.44,2024,,,330.0,Nördliches Weißensee
,,10299,9286,8843,113,325,369,8048,99,3398,89,672.95,637.0,220.98,489.6,471.0,124.75,632.82,607.0,175.35,773.48,719.0,218.93,767.63,740.9,151.28,919.56,819.0,393.17,2024,,,340.0,Südliches Pankow
,,6876,6135,5846,62,230,212,5419,62,2756,47,638.24,596.0,211.18,474.7,484.0,96.84,578.69,553.5,165.0,678.45,662.5,172.43,843.43,804.64,169.71,715.47,669.0,295.99,2024,,,350.0,Südliches Weißensee
,,11331,10367,9909,101,487,476,8993,91,4226,75,640.35,613.0,203.45,501.12,500.0,174.46,591.23,583.0,130.68,694.78,676.0,141.54,770.33,725.52,154.12,909.31,830.0,352.46,2024,,,360.0,Nördlicher Prenzlauer Berg
,,4952,4491,4291,48,202,258,3869,54,2007,48,622.37,592.0,203.44,442.82,420.0,107.9,574.56,564.0,131.8,701.27,704.5,156.47,729.68,718.27,130.6,915.79,763.0,399.48,2024,,,370.0,Südlicher Prenzlauer Berg
,,3375,3125,2964,37,107,136,2699,20,849,17,694.88,669.0,192.22,548.25,547.5,103.38,698.11,642.0,261.28,801.33,787.5,171.15,823.89,770.37,155.41,816.5,764.0,320.64,2024,,,410.0,Charlottenburg Nord
,,7418,6334,6077,64,235,289,5435,85,2131,62,678.29,646.0,223.83,503.94,502.5,106.56,648.57,630.0,170.37,780.48,789.0,178.09,824.86,806.77,124.23,976.71,883.0,379.09,2024,,,420.0,Charlottenburg West
,,15527,13980,13351,151,676,642,12156,240,7041,219,598.95,564.0,211.69,423.16,411.5,93.95,547.75,523.5,145.23,665.96,642.0,168.23,702.39,679.88,136.39,808.86,733.0,334.94,2024,,,430.0,Charlottenburg Zentrum
,,6933,6152,5842,62,202,284,5313,52,2082,44,666.43,640.0,192.89,538.5,540.0,108.73,687.58,685.0,134.73,784.58,748.0,158.43,802.48,786.1,141.21,943.57,921.0,338.46,2024,,,440.0,Wilmersdorf Süd
,,18462,16399,15720,160,973,757,14321,380,9051,350,586.89,543.0,203.49,437.38,430.0,105.58,550.04,522.0,153.46,646.91,638.0,165.94,707.27,687.46,138.85,761.85,682.0,316.92,2024,,,450.0,Wilmersdorf Zentrum
,,16640,14820,14104,171,541,536,12605,178,6368,135,627.75,598.0,204.22,499.83,493.0,133.32,651.06,629.0,178.12,696.45,676.0,175.38,817.54,773.92,201.94,973.52,866.0,409.58,2024,,,510.0,Spandau Mitte / Nord
,,12746,11848,11285,120,428,464,10041,116,5031,83,633.35,600.0,208.08,515.4,509.0,122.95,630.93,611.5,178.6,734.83,719.0,224.24,827.56,797.31,188.61,958.2,842.5,443.75,2024,,,520.0,Wilhelmstadt / Staaken
,,4467,4047,3857,39,211,207,3466,80,1630,60,642.53,616.5,215.55,482.63,426.0,233.9,770.12,746.5,189.74,803.95,796.0,142.98,839.42,830.92,131.01,989.34,953.0,288.99,2024,,,530.0,Haselhorst / Siemensstadt
,,2223,1880,1781,29,39,87,1421,7,678,0,685.6,610.0,268.8,595.16,583.0,116.29,796.88,791.0,157.89,1055.71,951.0,286.37,1137.39,1020.7,315.25,890.71,857.0,278.47,2024,,,540.0,Gatow / Kladow
,,8828,8254,7872,88,294,279,7114,61,3665,50,620.73,594.0,203.98,474.23,471.0,111.23,600.96,550.5,180.97,724.87,729.0,177.61,807.96,768.66,180.07,904.49,792.0,394.27,2024,,,610.0,Steglitz
,,10732,9758,9321,121,272,328,8313,60,3527,45,666.39,633.0,209.16,547.9,525.0,114.95,689.78,614.0,214.13,811.59,778.0,174.43,867.43,845.42,167.97,906.2,765.0,412.5,2024,,,620.0,Lankwitz/Lichterfelde Ost
,,9671,8478,8061,96,276,303,7276,84,3008,53,676.3,638.0,220.73,533.1,525.5,124.0,667.36,638.5,170.79,770.01,732.0,194.8,878.09,858.52,168.59,1005.12,858.0,450.82,2024,,,630.0,Zehlendorf Süd/Lichterfelde West
,,8547,7663,7335,82,253,283,6531,41,2485,30,695.02,652.0,231.5,557.57,546.0,117.62,709.52,682.0,169.7,862.98,754.0,289.96,853.33,783.59,189.4,1037.16,913.0,417.76,2024,,,640.0,Zehlendorf Nord/Wannsee
,,7210,6598,6329,60,311,300,5767,126,3185,116,616.19,580.0,201.0,489.31,463.0,144.82,574.57,548.0,144.84,669.69,650.0,172.16,730.31,714.24,118.0,786.14,728.0,279.49,2024,,,710.0,Schöneberg Nord
,,6737,6181,5890,62,272,284,5409,97,3345,85,587.48,545.0,204.73,428.94,442.0,108.78,537.68,522.5,125.06,672.84,657.0,141.39,741.89,711.24,130.27,813.78,725.5,343.24,2024,,,720.0,Schöneberg Süd
,,5409,4260,4055,52,199,230,3703,64,2042,57,614.44,581.0,210.51,455.0,456.0,102.69,607.54,587.0,128.49,710.87,711.0,107.63,763.65,753.47,92.91,861.89,788.5,296.54,2024,,,730.0,Friedenau
,,10402,8968,8503,75,390,429,7798,109,4120,90,626.23,587.0,223.89,445.3,447.5,88.85,586.69,561.0,144.59,733.44,706.0,193.03,809.92,772.68,253.85,871.32,706.0,424.86,2024,,,740.0,Tempelhof
,,7309,6891,6557,59,187,229,6036,52,3167,43,627.34,591.0,206.54,501.38,484.0,118.35,649.36,614.0,177.91,752.59,733.5,154.19,813.66,773.2,316.1,995.82,828.0,475.65,2024,,,750.0,Mariendorf
,,10718,10120,9596,128,296,300,8413,73,3010,19,708.48,668.0,228.68,570.21,566.0,149.21,741.96,721.0,209.27,944.55,920.0,212.27,1023.47,991.55,202.71,1020.57,910.0,350.0,2024,,,760.0,Marienfelde / Lichtenrade
,,23147,20926,19967,194,1192,1020,18188,236,9044,199,636.73,602.0,214.31,454.95,440.5,112.26,577.84,564.0,141.81,675.0,639.0,189.19,771.52,749.4,133.22,908.94,826.5,359.36,2024,,,810.0,Neukölln
,,9833,9208,8761,115,281,339,8002,71,3021,58,685.32,650.0,212.92,548.52,531.5,131.94,653.72,605.0,184.44,740.52,704.0,206.32,789.38,737.34,151.74,967.87,889.0,391.72,2024,,,820.0,Britz/Buckow
,,6221,5875,5578,56,176,166,5048,52,2477,42,659.41,605.0,228.84,476.21,472.5,85.07,621.95,607.0,152.54,816.47,788.0,196.97,797.3,798.12,110.49,859.47,734.0,367.24,2024,,,830.0,Gropiusstadt
,,7510,6370,6060,79,166,218,5372,45,2366,32,668.66,629.0,236.6,503.88,471.0,121.26,585.45,592.5,142.93,795.95,756.0,218.69,876.9,815.55,237.31,900.07,809.0,397.83,2024,,,840.0,Buckow Nord/Rudow
,,8739,8224,7842,84,272,237,7160,70,2605,53,686.98,659.0,208.79,531.46,542.0,119.35,637.99,631.5,138.01,725.13,722.0,188.33,826.05,758.47,244.93,870.07,798.0,338.9,2024,,,910.0,Treptow-Köpenick 1
,,10117,9344,8904,110,381,387,8094,82,2737,56,689.38,662.0,203.04,539.45,537.0,95.58,635.06,603.0,192.44,744.25,718.0,196.17,854.79,826.31,157.23,861.5,763.0,330.18,2024,,,920.0,Treptow-Köpenick 2
,,6945,6216,5898,61,214,259,5132,83,1380,24,754.1,724.0,238.79,630.65,627.0,135.27,746.31,723.0,170.26,971.7,964.0,163.08,1004.52,965.22,243.5,984.72,915.0,354.2,2024,,,930.0,Treptow-Köpenick 3
,,5350,4774,4513,48,127,161,4015,25,1586,11,686.97,647.0,229.23,562.08,557.5,113.34,654.81,636.0,124.34,736.34,714.0,201.87,1014.92,925.46,275.64,901.46,813.5,363.15,2024,,,940.0,Treptow-Köpenick 4
,,7452,6962,6634,87,190,298,5786,40,2457,20,678.67,634.0,229.59,549.97,540.0,172.14,666.38,620.0,218.62,843.28,824.0,246.38,947.7,892.14,228.21,908.27,794.0,397.43,2024,,,950.0,Treptow-Köpenick 5
,,17038,15782,14984,158,655,594,13835,151,5527,113,667.9,639.0,203.87,523.54,517.0,116.48,679.86,665.0,188.14,774.1,730.0,212.53,827.57,797.13,203.25,912.98,779.0,421.13,2024,,,1010.0,Marzahn
,,11812,11000,10495,94,462,348,9538,80,3531,44,700.29,659.0,226.57,520.14,520.0,102.24,632.98,606.0,193.36,905.82,875.0,242.43,915.05,877.72,217.79,809.47,762.5,269.48,2024,,,1020.0,Hellersdorf
,,4206,3617,3465,45,109,133,3216,32,1211,21,671.48,656.0,205.23,544.38,539.0,125.51,666.43,670.0,160.84,821.13,788.5,168.38,861.21,803.44,191.78,855.01,731.0,390.62,2024,,,1030.0,Biesdorf
,,4956,4444,4256,51,98,175,3838,16,904,6,761.89,738.0,228.0,638.16,656.0,145.98,689.05,661.0,184.31,905.11,868.0,240.83,1010.36,998.01,263.7,883.5,847.0,315.64,2024,,,1040.0,Kaulsdorf/Mahlsdorf
,,8272,7796,7357,74,262,213,6729,73,1965,39,717.6,686.0,208.73,557.29,548.0,114.63,738.05,727.0,202.81,904.69,871.0,188.49,959.17,881.46,297.69,984.04,907.0,324.39,2024,,,1110.0,Hohenschönhausen Nord
,,6713,6205,5889,58,295,211,5395,100,2281,75,666.16,634.0,211.3,509.52,523.5,101.38,655.9,629.0,189.97,805.77,769.0,175.5,826.28,797.2,138.37,953.96,916.0,305.94,2024,,,1120.0,Hohenschönhausen Süd
,,12166,10567,10094,112,562,348,9377,183,4982,139,625.83,586.0,212.05,480.88,478.0,95.17,636.21,609.0,169.6,775.19,754.0,180.32,832.95,807.76,184.53,916.0,800.0,411.9,2024,,,1130.0,Lichtenberg Nord
,,9958,9298,8850,89,315,344,8106,100,2585,78,701.96,680.0,206.64,534.66,530.0,121.96,713.52,701.0,155.59,841.07,837.5,142.31,837.02,832.26,118.75,1008.94,855.0,404.18,2024,,,1140.0,Lichtenberg Mitte
,,3399,3149,3004,24,119,131,2655,27,918,10,724.5,698.0,243.79,603.47,585.0,162.54,779.72,764.0,185.23,963.61,945.0,185.31,997.24,943.49,347.66,977.58,920.5,416.9,2024,,,1150.0,Lichtenberg Süd
,,8047,7475,7099,93,289,283,6485,91,3033,79,645.56,613.0,200.35,512.63,507.0,102.01,630.22,612.0,166.36,763.67,738.5,177.23,801.92,743.97,456.05,848.46,755.5,339.93,2024,,,1210.0,Reinickendorf Ost
,,9940,9299,8919,106,335,291,8180,119,3613,87,659.05,628.0,228.27,487.57,469.0,176.68,617.35,585.5,194.23,762.52,736.0,173.49,820.49,804.74,168.5,910.77,877.0,354.46,2024,,,1220.0,Tegel
,,6170,5580,5302,79,114,229,4701,18,1741,6,700.11,667.0,240.11,564.14,549.0,167.93,761.7,692.0,283.62,952.65,892.5,215.87,1110.91,989.11,373.85,1026.87,989.0,404.44,2024,,,1240.0,Grüner Norden
,,7769,6949,6588,96,221,255,5963,60,2909,49,647.57,608.0,227.13,503.04,495.0,124.33,636.9,607.0,189.18,738.79,723.0,153.8,837.55,802.63,278.12,830.9,734.0,308.47,2024,,,1250.0,Wittenau/Borsigwalde
,,7311,6866,6524,75,226,208,5918,71,2010,46,716.51,677.0,226.42,541.75,523.0,115.72,701.81,671.0,216.98,898.98,874.5,221.6,876.27,848.71,165.3,828.67,771.0,288.59,2024,,,1260.0,Märkisches Viertel
11001.0,Tiergarten Süd,4148,3334,2082,18,347,207,1813,202,1145,179,604.66,583.0,206.45,458.82,465.0,164.89,607.6,591.0,146.27,709.67,693.5,159.76,757.26,736.67,138.66,846.82,800.0,362.31,2025,,,,
11002.0,Regierungsviertel,5337,4616,2764,31,490,220,2444,283,1631,255,589.15,563.0,192.28,451.42,446.5,95.82,566.21,552.5,137.02,721.43,709.0,130.3,748.01,722.19,179.01,852.98,777.0,390.45,2025,,,,
11003.0,Alexanderplatz,15078,12656,7813,73,997,514,6946,594,4990,555,562.86,532.0,192.44,404.98,411.0,68.49,528.26,514.0,143.51,672.69,651.5,141.09,692.96,671.82,128.93,817.19,670.5,418.6,2025,,,,
11004.0,Brunnenstraße Süd,2864,2580,1595,14,168,115,1429,83,1022,76,559.63,530.0,190.56,450.88,452.0,111.41,505.6,498.0,104.42,620.06,603.5,112.54,674.92,636.22,130.16,882.26,675.5,472.86,2025,,,,
12005.0,Moabit West,6056,5512,3646,38,287,253,3178,98,2060,82,595.81,567.0,190.09,470.52,471.0,106.3,554.21,530.0,159.81,702.12,677.0,179.46,751.99,711.24,169.77,876.6,871.0,347.73,2025,,,,
12006.0,Moabit Ost,9212,8353,5341,54,555,298,4723,296,3203,266,584.64,548.0,202.4,441.84,435.5,81.96,537.84,509.0,144.17,667.87,635.0,162.13,720.61,705.17,155.66,872.31,782.0,397.96,2025,,,,
13007.0,Osloer Straße,5413,4814,3177,48,181,198,2795,50,1631,46,630.26,598.0,200.84,451.97,441.0,98.39,569.49,535.5,182.89,746.78,728.5,198.47,720.64,699.54,116.87,915.1,797.5,382.71,2025,,,,
13008.0,Brunnenstraße Nord,6677,6107,3981,40,274,292,3570,58,2538,53,569.53,533.0,197.71,427.63,429.0,87.43,534.43,512.0,170.3,742.59,680.0,228.44,709.98,686.3,142.46,910.74,696.0,461.36,2025,,,,
14009.0,Parkviertel,8281,6760,4498,59,273,250,4008,77,2764,70,579.18,543.0,190.77,420.54,419.5,79.12,579.55,546.0,160.54,738.06,735.5,155.92,735.06,723.29,163.66,906.69,888.0,404.14,2025,,,,
14010.0,Wedding Zentrum,8308,7553,4974,72,283,296,4389,48,3161,44,569.74,532.0,195.62,433.84,413.0,106.2,551.14,514.5,162.73,725.31,703.5,145.19,727.62,716.1,146.39,816.24,682.0,378.65,2025,,,,
21001.0,Südliche  Friedrichstadt,7794,6942,4502,47,500,344,4003,186,3071,163,547.5,517.0,178.48,425.62,406.5,94.1,550.22,528.0,142.56,725.7,697.5,204.2,731.67,715.95,163.53,778.13,694.0,353.41,2025,,,,
22002.0,Tempelhofer Vorstadt,8755,7530,4851,50,406,355,4310,131,3129,118,563.67,535.0,184.18,410.14,416.5,80.8,571.5,544.0,149.33,735.42,690.0,205.0,747.72,729.7,122.49,749.98,667.0,320.02,2025,,,,
23003.0,Nördliche Luisenstadt,3820,3559,2243,41,146,112,1979,46,1643,41,503.97,469.0,175.23,366.28,365.0,71.42,516.36,450.0,193.76,674.82,636.0,173.14,653.9,641.42,163.22,752.05,607.0,409.83,2025,,,,
23004.0,Südliche Luisenstadt,3676,3369,2146,30,157,150,1867,40,1423,36,535.36,494.0,199.49,395.23,365.0,82.26,492.25,464.0,130.25,691.93,641.0,242.79,689.08,644.06,185.75,733.45,647.0,325.39,2025,,,,
24005.0,Karl-Marx-Allee Nord,4056,3375,2190,28,141,125,1984,58,1411,51,566.25,542.0,189.55,416.92,412.0,73.41,562.02,525.0,179.0,728.04,701.0,178.92,727.9,694.09,178.1,932.94,835.0,433.25,2025,,,,
24006.0,Karl-Marx-Allee Süd,6126,5602,3497,29,350,172,3150,176,2465,152,533.11,500.0,189.9,383.05,335.0,110.41,551.26,497.5,203.97,666.06,624.0,200.59,707.66,661.94,175.98,780.55,624.0,414.28,2025,,,,
25007.0,Frankfurter Allee Nord,3137,2868,1835,23,147,121,1646,25,1122,22,592.49,566.0,187.7,476.67,451.0,109.71,611.68,566.0,226.47,745.22,647.0,287.01,741.73,739.3,145.61,951.05,800.0,400.77,2025,,,,
25008.0,Frankfurter Allee Süd FK,6925,6287,3973,41,366,268,3506,126,2399,106,585.47,552.0,191.5,425.86,422.5,84.99,555.82,535.5,153.98,664.42,649.0,187.01,738.26,716.4,165.26,871.65,757.0,396.67,2025,,,,
31001.0,Buch,3048,2518,1650,23,139,118,1360,46,788,16,648.19,598.5,213.99,555.93,518.5,172.12,750.97,732.0,128.81,897.67,852.0,203.18,991.96,934.13,191.45,936.39,912.0,262.42,2025,,,,
32002.0,Blankenfelde/Niederschönhausen,3207,3019,2038,25,88,97,1767,18,743,13,709.9,670.0,213.85,518.89,534.0,131.37,592.97,569.0,209.7,935.0,834.0,335.06,804.91,782.55,191.1,870.84,786.0,339.25,2025,,,,
32003.0,Buchholz,1837,1749,1176,13,32,54,1042,4,481,3,680.02,652.0,186.72,518.25,504.5,149.93,570.85,541.0,149.69,781.75,745.5,139.35,908.64,881.66,109.7,949.54,849.0,416.95,2025,,,,
33004.0,Karow,1737,1650,1123,17,35,50,928,5,605,4,614.33,581.0,191.53,582.36,580.0,94.47,685.5,674.0,114.22,787.71,782.0,133.2,810.06,866.28,101.89,966.0,848.0,343.91,2025,,,,
33005.0,Blankenburg/Heinersdorf/Märchenland,2536,2376,1590,32,70,88,1434,21,759,16,653.7,625.0,189.59,494.65,493.0,92.82,625.71,608.5,110.66,756.4,721.5,187.18,792.99,783.02,127.47,858.89,739.5,324.83,2025,,,,
34006.0,Schönholz/Wilhelmsruh/Rosenthal,2249,2113,1438,26,54,79,1225,15,527,8,683.18,666.0,198.46,547.83,496.0,117.64,721.05,650.0,262.63,999.31,953.5,186.95,1025.76,854.82,453.77,818.71,808.0,304.39,2025,,,,
34007.0,Pankow Zentrum,4733,4182,2817,45,114,144,2508,24,1427,16,641.35,600.0,213.23,474.5,462.0,112.64,627.15,569.0,285.75,911.26,875.0,329.83,842.95,805.29,235.51,819.89,716.0,413.3,2025,,,,
34008.0,Pankow Süd,3963,3675,2378,42,153,133,2120,53,1138,49,641.46,620.0,191.01,480.29,504.5,112.01,655.95,621.0,238.09,738.96,690.0,175.94,738.71,708.76,119.65,952.34,830.0,442.38,2025,,,,
35009.0,Weißensee,4432,3903,2555,34,130,151,2309,34,1499,31,596.51,564.0,191.5,493.0,470.0,146.06,578.1,538.5,194.2,678.73,638.0,184.37,734.26,720.58,127.73,798.68,696.0,364.76,2025,,,,
35010.0,Weißensee Ost,2662,2427,1554,36,93,63,1408,34,865,21,619.67,584.0,186.85,467.89,461.5,89.87,624.0,576.0,154.78,671.21,649.0,163.22,893.49,860.93,162.61,658.73,589.0,239.34,2025,,,,
36011.0,Prenzlauer Berg Nordwest,2759,2470,1539,14,148,141,1364,24,769,21,627.09,612.5,194.27,473.2,513.5,106.02,614.98,589.0,144.5,723.17,657.0,219.89,737.13,722.87,162.16,843.84,699.0,386.92,2025,,,,
36012.0,Prenzlauer Berg Nord,2895,2665,1762,27,105,124,1586,15,997,15,601.48,580.5,186.04,443.61,455.0,109.58,580.86,591.5,134.34,685.69,638.0,148.65,700.53,682.23,79.98,980.9,932.0,433.94,2025,,,,
36013.0,Helmholtzplatz,1614,1438,889,3,86,90,778,14,497,10,606.49,583.5,181.48,513.33,483.0,105.81,549.94,537.0,116.68,721.94,621.5,291.2,1291.19,759.02,1894.22,851.36,750.0,422.33,2025,,,,
36014.0,Prenzlauer Berg Ost,4508,4184,2736,45,193,129,2457,60,1476,54,610.73,591.0,175.61,476.51,470.0,117.45,647.85,633.0,143.7,715.51,701.0,95.07,776.15,747.86,184.48,893.42,822.0,311.05,2025,,,,
37015.0,Prenzlauer Berg Südwest,2500,2286,1410,9,109,103,1238,36,804,33,590.21,572.0,183.39,416.6,335.0,167.44,526.4,510.0,94.39,626.02,596.0,142.08,700.83,696.95,142.0,830.77,608.5,449.03,2025,,,,
37016.0,Prenzlauer Berg Süd,2501,2266,1482,18,111,122,1341,25,860,23,600.97,580.0,169.18,483.08,461.0,97.17,553.9,546.0,119.88,759.48,667.0,297.61,707.92,672.82,120.0,826.25,732.5,354.75,2025,,,,
41001.0,Charlottenburg Nord,3422,3136,2149,39,132,149,1901,21,859,20,676.99,651.0,189.4,501.85,524.0,106.98,657.29,654.0,151.85,765.17,729.5,165.27,774.52,740.54,114.07,873.04,786.0,351.68,2025,,,,
42002.0,Heerstraße,2597,2323,1466,20,81,119,1306,34,520,26,704.53,664.5,215.04,576.06,565.0,128.53,691.62,690.0,84.49,810.33,749.0,298.53,853.85,810.12,205.41,1118.95,1024.0,411.86,2025,,,,
42003.0,Westend,4978,4150,2801,39,187,238,2427,71,1416,60,629.01,594.0,210.13,486.81,470.0,101.33,618.89,570.5,190.93,763.7,778.0,193.58,796.38,794.16,117.24,818.79,725.5,359.82,2025,,,,
43004.0,Schloss Charlottenburg,5855,5167,3456,52,194,254,3026,47,2053,41,572.68,526.0,215.99,388.66,397.0,80.43,561.01,522.0,159.17,754.13,726.0,247.65,713.66,682.67,140.28,802.04,675.0,390.51,2025,,,,
43005.0,Mierendorffplatz,2914,2665,1666,26,151,96,1462,52,973,48,594.21,566.0,188.74,448.38,422.0,100.06,580.56,571.0,111.09,700.64,653.0,194.58,719.64,696.97,97.45,820.32,752.0,315.88,2025,,,,
43006.0,Otto-Suhr-Allee/Kantstraße,7482,6827,4420,52,340,312,3940,146,2846,134,566.76,538.0,184.77,410.5,387.0,111.38,547.23,521.0,151.14,643.31,617.5,159.04,686.43,640.69,185.91,785.96,719.5,320.28,2025,,,,
44007.0,Grunewald,2862,2284,1548,29,90,168,1354,19,677,14,652.82,630.5,184.17,525.59,534.0,102.66,710.92,704.5,140.97,863.0,823.0,132.38,776.96,710.08,156.58,964.21,909.0,357.5,2025,,,,
44008.0,Schmargendorf,4408,4140,2727,39,105,159,2449,34,1347,32,642.09,615.0,183.81,471.41,459.0,92.68,621.57,624.5,97.26,781.34,745.0,191.45,770.9,759.09,127.35,954.04,910.0,350.69,2025,,,,
45009.0,Halensee,3755,3481,2334,36,123,150,2116,53,1567,47,566.0,534.5,184.04,399.97,404.0,77.06,547.28,518.5,121.59,662.02,641.5,129.14,698.63,656.24,151.68,773.67,703.5,309.32,2025,,,,
45010.0,Lietzenburger Straße,8790,7956,5038,49,495,335,4462,238,3279,225,564.14,534.0,182.38,398.61,417.0,66.7,502.49,473.0,133.76,649.07,633.5,172.71,678.46,655.47,152.65,717.21,615.0,340.17,2025,,,,
45011.0,Volkspark Wilmersdorf,6425,5615,3661,51,262,279,3325,92,2494,83,550.76,520.0,176.29,420.03,410.0,96.06,513.28,479.0,181.11,613.33,603.0,159.12,698.09,678.88,134.56,767.4,661.0,348.39,2025,,,,
51001.0,Hakenfelde,4366,4073,2769,43,115,168,2416,34,1286,26,658.05,621.5,200.5,564.09,535.0,233.8,707.68,673.0,181.78,823.68,702.0,304.57,833.47,833.29,165.02,1112.58,1026.0,411.43,2025,,,,
51002.0,Falkenhagener Feld,6052,5205,3504,49,180,260,2953,55,1762,30,624.85,595.0,189.36,509.11,483.0,88.62,717.74,670.0,206.32,834.23,797.0,192.55,916.69,869.35,192.46,968.26,880.0,383.53,2025,,,,
51003.0,Spandau Mitte,7607,6746,4402,67,287,288,3840,83,2898,73,552.13,520.5,189.64,422.95,411.0,83.18,596.31,563.0,178.54,639.83,607.0,184.67,731.0,700.27,155.09,880.19,723.0,421.85,2025,,,,
52004.0,Brunsbütteler Damm,2964,2720,1848,27,115,126,1550,53,680,27,678.48,654.0,189.7,591.47,602.0,129.44,744.1,713.5,230.69,817.06,787.0,171.12,900.02,899.31,175.92,1025.68,943.0,387.4,2025,,,,
52005.0,Heerstraße,4319,3982,2721,34,155,180,2373,49,1158,32,674.2,636.0,205.89,552.31,556.5,105.03,697.02,632.0,246.1,738.51,632.0,260.99,870.45,825.16,180.11,962.47,824.5,390.99,2025,,,,
52006.0,Wilhelmstadt,6720,6299,4112,60,170,244,3618,35,2792,29,545.28,509.0,187.17,439.67,437.5,83.51,518.04,505.0,131.4,645.51,570.0,252.31,802.63,789.55,186.63,784.24,605.0,446.05,2025,,,,
53007.0,Haselhorst,2603,2392,1572,14,105,104,1384,30,756,17,635.57,608.0,215.76,513.57,500.0,157.59,730.06,716.5,119.28,813.59,806.0,182.16,868.4,851.81,190.17,1049.79,1067.0,328.28,2025,,,,
53008.0,Siemensstadt,1986,1760,1120,15,127,97,1004,57,575,45,631.96,605.0,191.13,492.36,464.0,81.73,734.86,701.0,207.84,821.04,800.5,145.28,828.82,817.52,127.24,1007.26,897.0,349.23,2025,,,,
54009.0,Gatow/Kladow,2219,1843,1236,29,37,128,933,9,553,3,653.76,584.0,258.9,447.56,437.0,102.42,849.62,794.0,292.46,906.4,912.0,22.21,1092.05,980.56,396.37,867.61,907.0,321.38,2025,,,,
61001.0,Schloßstraße,3573,3285,2083,28,168,120,1803,18,1126,16,609.59,576.0,191.41,425.05,439.5,72.63,578.84,517.0,219.34,727.58,721.0,119.9,814.07,757.8,210.31,917.97,883.5,347.34,2025,,,,
61002.0,Albrechtstraße,5661,5292,3567,53,145,221,3111,25,2038,21,588.27,567.0,184.75,435.68,411.5,97.62,549.95,513.0,175.05,721.07,720.5,182.63,788.22,743.86,166.8,910.05,847.5,421.35,2025,,,,
62003.0,Lankwitz,5944,5391,3616,64,129,162,3196,21,1901,18,623.15,597.0,180.92,505.14,488.0,110.52,673.1,639.0,185.46,814.71,793.0,178.63,810.45,794.78,146.35,1011.05,897.5,432.51,2025,,,,
62004.0,Ostpreußendamm,5045,4523,3070,55,162,182,2685,25,1259,23,673.57,649.0,209.74,540.76,539.0,117.12,654.54,620.5,219.72,812.45,771.0,127.96,829.38,822.63,134.35,852.3,712.0,424.78,2025,,,,
63005.0,Teltower Damm,4713,4146,2742,32,111,153,2431,32,1183,23,668.73,636.0,211.02,521.04,515.5,130.76,646.22,616.0,208.37,683.0,661.0,177.84,847.36,788.08,176.97,909.07,774.0,450.59,2025,,,,
63006.0,Drakestraße,5439,4760,3119,53,186,170,2788,66,1527,46,654.14,620.0,195.87,507.26,492.0,88.97,612.65,602.0,123.65,798.6,773.5,153.16,836.33,812.85,179.36,919.74,727.0,420.52,2025,,,,
64007.0,Zehlendorf Südwest,3831,3395,2199,40,128,181,1810,29,903,11,687.54,634.0,231.35,591.4,576.0,154.43,689.53,650.5,188.46,930.47,965.0,209.49,1003.57,988.48,249.99,972.9,906.0,399.79,2025,,,,
64008.0,Zehlendorf Nord,4958,4432,2916,42,150,226,2591,34,1343,27,659.02,625.0,204.76,492.31,505.0,108.52,663.54,653.0,199.31,772.05,683.0,271.14,798.85,784.81,109.47,971.53,803.0,433.26,2025,,,,
71001.0,Schöneberg Nordwest,4593,4200,2682,45,172,215,2393,77,1665,72,582.4,559.0,176.1,442.59,437.5,70.82,553.47,537.0,113.8,638.29,628.0,156.85,698.77,666.47,115.68,759.91,673.5,283.84,2025,,,,
71002.0,Schöneberg Nordost,2624,2350,1518,25,132,139,1363,29,964,29,578.24,555.0,166.71,483.94,454.0,100.33,576.36,557.0,129.47,624.16,607.0,122.07,693.57,679.73,108.28,816.73,776.0,309.49,2025,,,,
72003.0,Schöneberg Südwest,2443,2227,1440,25,104,108,1291,31,967,29,564.09,533.0,178.68,403.75,411.0,95.78,534.98,526.0,114.47,637.88,643.0,146.95,687.27,671.1,125.34,791.08,737.0,314.36,2025,,,,
72004.0,Schöneberg Südost,4305,3908,2477,34,204,189,2254,62,1698,57,545.59,515.0,190.91,387.06,387.0,67.9,539.44,519.0,124.89,706.66,662.5,246.15,844.8,696.1,1080.0,840.92,766.0,341.76,2025,,,,
73005.0,Friedenau West,2494,2290,1480,17,111,90,1327,34,902,32,585.12,555.0,185.64,443.3,448.0,83.16,605.38,572.0,145.46,716.51,664.0,206.23,726.94,721.29,108.18,936.78,894.5,358.12,2025,,,,
73006.0,Friedenau Ost,2727,1939,1246,15,85,102,1100,31,728,27,598.74,573.0,186.32,476.0,434.5,151.44,597.29,574.5,152.5,683.47,663.5,169.93,759.4,725.68,176.78,856.42,756.0,345.36,2025,,,,
74007.0,Tempelhof Nord,3268,2508,1506,18,127,98,1361,29,858,27,607.42,571.0,200.88,444.44,427.5,69.73,623.15,589.0,209.89,706.57,666.5,216.01,731.74,719.69,94.72,860.41,775.0,388.88,2025,,,,
74008.0,Tempelhof Südwest,4181,3883,2581,45,151,145,2307,35,1627,29,565.36,539.0,182.38,449.74,413.0,172.84,572.48,541.0,152.34,674.26,663.0,121.36,751.67,709.62,163.2,938.8,757.0,451.22,2025,,,,
74009.0,Tempelhof Südost,2860,2564,1685,30,128,121,1511,41,1039,35,579.4,546.0,201.58,433.2,437.5,118.09,588.49,557.0,153.52,683.28,653.0,138.14,765.32,730.15,162.88,973.2,924.0,399.55,2025,,,,
75010.0,Mariendorf Nord,4245,4032,2709,52,106,105,2429,25,1622,22,593.75,567.0,195.02,472.21,493.0,91.33,655.18,618.5,159.78,716.4,706.5,114.67,789.18,797.16,128.3,948.51,782.5,441.84,2025,,,,
75011.0,Mariendorf Süd,3348,3177,2163,29,77,94,1959,15,1336,13,591.46,555.0,193.7,471.43,473.0,95.87,613.29,556.0,189.7,770.18,747.0,107.08,789.67,800.04,90.13,879.06,708.0,420.69,2025,,,,
76012.0,Marienfelde Nord,2248,2101,1408,22,64,80,1246,24,736,12,631.03,591.0,196.49,461.83,482.5,126.95,697.49,664.0,231.83,857.54,831.5,195.61,958.9,899.77,222.3,922.98,755.5,404.05,2025,,,,
76013.0,Marienfelde Süd,2184,2046,1368,18,79,59,1210,16,615,6,662.5,631.5,193.04,524.54,520.0,142.44,781.55,756.0,170.49,900.81,925.0,180.48,1012.93,965.29,297.02,937.63,856.5,324.61,2025,,,,
76014.0,Lichtenrade Nord,2432,2328,1621,30,35,67,1367,10,657,7,675.05,642.0,203.97,527.67,520.0,96.08,720.93,742.5,136.73,851.11,776.0,192.72,905.83,854.24,164.49,1074.87,909.0,439.86,2025,,,,
76015.0,Lichtenrade Süd,4057,3817,2620,44,114,124,2175,18,991,5,708.62,666.0,247.13,556.48,502.0,159.26,766.77,760.5,234.24,1025.15,961.5,252.99,959.77,918.2,191.29,1175.3,1113.5,370.99,2025,,,,
81001.0,Schillerpromenade,4680,4230,2729,34,255,190,2425,41,1717,40,577.33,540.0,196.3,412.42,417.0,80.42,591.23,563.0,174.19,643.74,591.5,179.15,696.6,679.6,119.7,934.08,795.0,408.37,2025,,,,
81002.0,Neuköllner Mitte/Zentrum,6144,5609,3691,44,289,241,3286,61,2366,52,560.63,530.0,192.89,408.93,407.0,77.16,511.53,489.0,116.25,578.26,524.0,193.73,734.92,698.81,156.71,859.41,708.0,430.45,2025,,,,
81003.0,Reuterstraße,5044,4675,3041,34,167,196,2661,37,1871,36,584.27,555.0,179.41,463.86,456.0,114.42,568.83,545.5,126.35,655.24,649.0,143.98,671.27,660.11,78.27,850.75,755.0,340.39,2025,,,,
81004.0,Rixdorf,5276,4850,3165,37,210,214,2826,58,1782,52,603.95,577.0,191.21,486.64,482.5,110.58,602.63,585.5,169.69,653.48,618.0,163.47,761.8,746.46,131.23,868.23,847.0,318.36,2025,,,,
81005.0,Köllnische Heide,2589,2314,1491,20,125,148,1339,43,642,38,665.57,636.0,186.62,549.92,571.0,144.68,602.27,600.0,133.88,660.44,635.0,178.1,761.62,750.76,119.74,892.84,849.0,316.86,2025,,,,
82006.0,Britz Nord,3200,2978,2019,28,100,120,1805,35,1153,31,606.41,577.0,193.31,461.86,479.5,102.82,596.42,559.0,190.1,696.17,617.0,236.2,773.45,728.55,177.09,980.06,849.5,383.3,2025,,,,
82007.0,Britz,3757,3522,2403,41,125,108,2141,35,1197,27,645.44,612.0,193.72,516.49,509.0,139.34,652.89,623.0,205.47,724.59,708.5,122.04,828.11,770.38,217.1,924.19,754.5,421.57,2025,,,,
82008.0,Buckow,3523,3317,2217,45,72,133,1969,12,757,6,699.57,672.0,183.9,591.21,581.0,120.88,752.32,673.5,190.68,808.08,843.0,141.24,851.2,872.87,109.78,1017.87,873.0,391.64,2025,,,,
83009.0,Gropiusstadt West,3491,3312,2238,29,94,83,1957,12,1265,11,617.94,559.0,219.73,449.84,477.0,89.43,707.22,597.5,304.68,1085.0,922.0,383.23,805.0,809.42,68.51,830.45,697.5,364.88,2025,,,,
83010.0,Gropiusstadt Ost,3033,2831,1879,29,109,91,1678,29,999,23,629.97,592.0,191.94,476.33,486.0,80.41,649.81,623.0,236.49,809.71,789.0,136.88,810.14,785.89,110.08,921.68,805.0,339.94,2025,,,,
84011.0,Buckow Nord,2393,1603,1059,19,56,44,920,27,650,23,573.64,523.0,216.84,398.8,393.0,96.52,588.72,588.0,127.62,743.13,712.0,149.31,771.07,728.04,126.76,719.62,586.5,455.37,2025,,,,
84012.0,Rudow,5395,5102,3446,66,118,168,2963,13,1531,10,654.13,626.0,199.45,519.04,518.0,110.99,661.86,666.0,251.26,816.33,803.0,280.62,861.85,770.32,263.88,866.67,768.0,327.93,2025,,,,
91001.0,Alt-Treptow,1983,1831,1074,13,80,72,952,19,512,18,643.66,617.5,183.86,506.56,531.0,110.63,679.08,630.0,167.93,765.84,788.0,101.91,750.92,737.7,90.88,1004.21,943.0,409.32,2025,,,,
91002.0,Plänterwald,1506,1411,912,18,49,45,815,12,293,9,708.81,688.0,173.04,550.0,546.0,75.51,661.97,634.0,144.7,667.67,646.0,108.93,829.4,730.13,243.64,900.53,835.5,284.78,2025,,,,
91003.0,Baumschulenweg,2884,2718,1850,30,94,70,1667,21,852,20,656.65,632.0,176.71,516.7,523.0,92.93,622.28,586.0,115.17,660.18,678.5,93.7,762.38,746.18,161.22,792.55,714.0,326.48,2025,,,,
91004.0,Johannisthal,2866,2686,1806,25,87,91,1622,15,1036,11,612.06,573.0,209.06,485.45,496.0,81.82,595.43,571.0,220.22,653.83,600.0,231.62,780.38,741.15,165.16,739.08,629.0,337.86,2025,,,,
92005.0,Oberschöneweide,3310,3067,1961,22,134,109,1750,36,803,29,678.39,650.0,184.38,547.39,543.0,123.97,642.16,632.5,165.36,696.39,653.0,171.12,793.46,768.73,166.1,853.74,813.5,320.83,2025,,,,
92006.0,Niederschöneweide,2693,2555,1626,29,69,67,1460,9,826,5,642.28,608.0,199.78,522.43,529.0,139.69,604.73,548.0,195.7,633.6,591.0,188.76,797.99,782.46,174.48,755.31,702.0,300.02,2025,,,,
92007.0,Adlershof,2978,2729,1750,25,135,114,1519,31,745,25,648.32,634.0,178.9,514.55,500.5,109.4,623.24,599.0,135.81,666.07,627.0,170.38,793.38,746.12,199.91,827.62,729.0,396.46,2025,,,,
92008.0,Köllnische Vorstadt/Spindlersfeld,1487,1371,906,14,59,55,806,16,478,12,634.09,602.5,190.32,582.09,569.0,128.55,668.15,617.0,205.35,735.43,689.0,231.47,826.67,782.72,127.98,915.8,797.5,320.52,2025,,,,
93009.0,Altglienicke,3307,3102,2039,26,98,104,1757,23,517,16,750.23,733.0,204.74,635.75,628.5,169.67,685.89,681.0,135.49,851.08,857.0,127.38,858.07,862.55,93.09,990.75,904.0,340.67,2025,,,,
93010.0,Bohnsdorf,2229,1762,1150,13,86,59,925,47,473,13,683.17,624.0,239.13,550.64,509.0,132.83,803.72,815.0,130.66,971.87,973.0,118.74,1002.64,975.7,165.75,1141.56,1021.0,442.53,2025,,,,
93011.0,Grünau,1205,1129,728,6,35,41,616,8,265,5,695.83,671.5,215.43,723.0,673.5,216.32,733.29,698.0,221.03,875.29,883.0,95.97,900.56,866.34,134.39,838.24,725.0,422.57,2025,,,,
93012.0,Schmöckwitz,494,455,287,5,12,27,226,1,12,0,936.33,880.5,239.98,777.67,725.0,143.44,692.0,670.0,63.91,,,,990.47,990.47,,1031.9,993.5,380.61,2025,,,,
94013.0,Köpenick Süd,1599,1501,1029,20,50,47,879,14,365,6,702.06,669.0,209.65,620.83,579.5,196.07,782.75,689.0,223.96,841.31,760.5,218.47,1082.15,1026.77,323.82,993.26,853.0,341.04,2025,,,,
94014.0,Allende-Viertel,2187,1793,1217,15,43,47,1060,12,629,10,617.21,592.5,185.34,500.1,479.5,173.35,678.04,627.0,181.07,731.85,715.0,124.96,801.6,796.16,77.88,973.92,917.0,400.41,2025,,,,
94015.0,Altstadt Köpenick,1160,1096,685,11,29,35,584,5,417,3,573.53,530.5,214.57,464.43,480.0,84.31,545.38,531.0,80.44,804.0,893.0,272.62,898.12,811.04,208.71,821.25,652.0,337.35,2025,,,,
94016.0,Müggelheim,635,587,402,5,9,39,334,1,87,0,846.14,812.5,279.27,620.0,620.0,93.34,710.5,702.5,134.53,1147.33,1131.0,152.16,1560.48,1560.48,,836.47,845.0,378.34,2025,,,,
95017.0,Friedrichshagen,2693,2569,1705,27,47,74,1383,8,737,1,645.3,617.0,211.04,581.33,566.0,155.6,642.61,650.0,166.01,956.18,947.0,143.78,1133.38,1119.41,207.14,882.18,760.0,345.49,2025,,,,
95018.0,Rahnsdorf,1226,1158,762,15,27,38,600,4,382,0,630.85,580.5,216.11,523.89,515.0,71.82,823.6,818.0,127.17,1393.25,1337.0,185.13,1319.68,1269.58,177.26,804.11,809.0,348.19,2025,,,,
95019.0,Dammvorstadt,1993,1849,1194,13,64,80,1063,10,753,5,595.08,557.0,183.06,405.33,397.0,74.5,656.12,629.0,131.4,704.33,595.5,258.65,971.21,931.84,210.44,902.02,726.0,381.38,2025,,,,
95020.0,Köpenick Nord,1673,1583,1036,13,31,58,924,5,361,1,706.23,676.0,187.31,561.7,475.5,191.88,711.0,681.5,148.65,802.86,830.0,133.24,967.11,963.82,51.86,1087.31,920.0,388.32,2025,,,,
101001.0,Marzahn Nord,3337,3122,2111,27,99,110,1933,25,732,16,708.92,681.0,205.21,558.67,515.0,152.41,812.56,764.0,196.1,854.22,759.0,262.92,869.48,816.73,163.19,915.37,864.0,260.53,2025,,,,
101002.0,Marzahn Mitte,7572,7057,4739,61,260,253,4343,62,2255,54,656.59,628.0,189.45,517.79,506.0,122.59,681.61,667.0,168.17,717.12,675.5,191.62,730.02,716.89,134.16,872.92,776.0,360.49,2025,,,,
101003.0,Marzahn Süd,6526,6026,4000,73,258,238,3673,69,2360,57,604.45,576.0,191.2,498.2,498.0,111.05,632.07,590.5,199.42,655.92,620.0,196.8,755.55,679.67,340.73,799.82,698.0,377.83,2025,,,,
102004.0,Hellersdorf Nord,5829,5462,3622,44,196,171,3274,27,1329,16,711.64,672.0,206.08,559.74,568.5,79.13,646.61,632.5,147.05,877.42,867.5,154.3,886.69,867.31,131.57,815.38,760.0,264.67,2025,,,,
102005.0,Hellersdorf Ost,2918,2672,1778,25,167,78,1555,29,544,9,724.24,681.0,197.92,530.84,540.0,91.12,633.56,611.0,142.14,885.44,866.0,215.85,962.19,932.9,180.98,825.54,785.0,225.85,2025,,,,
102006.0,Hellersdorf Süd,3484,3267,2243,33,119,94,2025,15,1390,9,597.24,538.0,224.57,432.46,417.0,102.78,600.86,527.0,240.96,925.32,851.0,323.88,943.6,817.33,343.75,665.15,646.0,210.27,2025,,,,
103007.0,Biesdorf,4371,3689,2480,42,121,157,2233,35,1195,27,640.92,620.0,204.88,541.86,539.0,107.05,653.16,629.0,179.39,737.62,724.0,126.04,756.48,724.2,150.79,896.1,785.0,381.84,2025,,,,
104008.0,Kaulsdorf,2447,2051,1413,26,46,87,1242,9,582,6,681.96,652.5,209.86,566.86,545.0,129.14,593.57,566.5,263.5,975.79,998.0,310.67,872.05,874.31,145.26,819.93,724.0,310.01,2025,,,,
104009.0,Mahlsdorf,2868,2689,1844,43,55,123,1611,6,316,1,798.21,772.0,201.89,659.64,656.0,141.24,776.79,727.0,170.83,887.3,859.0,126.2,1107.05,1071.87,255.49,993.95,949.0,300.84,2025,,,,
111001.0,"Malchow, Wartenberg und Falkenberg",782,735,476,4,22,24,435,4,179,0,716.31,683.0,245.05,575.67,556.0,197.24,793.22,746.0,244.24,958.5,912.0,244.85,1277.7,1308.32,196.5,1168.5,1157.5,476.17,2025,,,,
111002.0,Neu-Hohenschönhausen Nord,4127,3879,2552,27,139,101,2315,32,1125,16,669.58,641.0,191.57,533.0,506.0,106.56,729.66,738.0,166.79,866.09,859.0,187.47,946.98,901.02,144.3,972.21,863.0,363.53,2025,,,,
111003.0,Neu-Hohenschönhausen Süd,4049,3814,2538,37,131,102,2309,31,798,15,709.81,687.0,185.9,550.37,540.0,85.18,727.57,713.0,213.15,867.35,849.0,201.91,916.28,905.01,174.75,948.54,931.0,224.69,2025,,,,
112004.0,Alt-Hohenschönhausen Nord,2468,2252,1492,19,134,81,1348,42,754,31,637.6,621.0,199.43,420.71,429.5,140.2,720.7,709.0,161.17,820.06,780.5,217.73,888.99,825.9,235.59,889.56,866.5,280.4,2025,,,,
112005.0,Alt-Hohenschönhausen Süd,4653,4241,2776,41,261,148,2553,135,1559,111,624.62,594.0,180.96,515.84,527.0,100.32,671.06,647.0,136.82,756.13,736.0,142.32,784.73,750.37,147.96,913.49,797.0,346.31,2025,,,,
113006.0,Fennpfuhl,5060,4736,3167,47,165,156,2895,40,1841,37,602.89,570.0,187.79,484.22,477.0,130.27,638.03,604.0,153.58,774.56,756.0,185.35,763.58,761.43,96.63,934.75,861.0,381.1,2025,,,,
113007.0,Alt-Lichtenberg,6263,4971,3176,45,407,170,2852,166,2032,131,566.23,534.0,185.4,466.77,442.0,102.28,634.2,607.0,180.96,753.98,729.0,188.21,815.21,784.12,171.08,813.24,623.0,411.28,2025,,,,
113008.0,Frankfurter Allee Süd,1699,1587,988,23,70,40,902,22,558,22,617.46,592.0,184.4,559.82,509.0,215.18,678.9,673.0,137.75,717.12,701.5,98.24,751.87,758.84,82.27,1031.07,911.0,393.06,2025,,,,
114009.0,Neu-Lichtenberg,3731,3423,2182,31,168,138,1943,49,922,31,650.84,638.0,193.88,566.3,568.5,80.8,710.84,681.0,173.99,841.71,777.0,250.51,855.84,803.94,159.39,1004.97,841.5,469.11,2025,,,,
114010.0,Friedrichsfelde Nord,2644,2471,1625,26,68,102,1478,29,633,28,675.42,657.0,195.26,559.32,542.0,116.89,684.82,676.0,128.61,722.34,700.0,94.08,762.75,762.86,96.57,943.62,872.0,372.94,2025,,,,
114011.0,Friedrichsfelde Süd,4112,3872,2550,41,114,124,2258,28,900,17,703.67,685.0,208.6,581.62,585.5,139.64,772.76,768.5,110.01,901.84,839.0,238.38,877.85,850.8,133.42,1049.1,984.5,350.75,2025,,,,
115012.0,Rummelsburger Bucht,662,596,340,2,20,46,297,10,129,4,686.89,670.0,206.93,547.0,547.0,,807.25,804.5,57.24,886.0,896.5,120.86,907.26,902.36,103.59,1057.7,949.0,432.63,2025,,,,
115013.0,Karlshorst,3088,2893,1913,22,97,95,1671,18,683,8,706.84,690.0,223.55,541.87,504.0,149.63,771.42,784.0,170.82,922.83,884.5,182.86,910.47,912.18,77.28,1058.56,1009.0,313.58,2025,,,,
121001.0,Ost 1 - Reginhardstraße,4093,3847,2626,45,132,111,2331,33,1248,30,649.01,621.0,194.18,508.29,502.0,106.48,649.8,637.0,164.22,759.56,733.5,146.35,755.58,700.35,191.45,905.38,862.0,316.45,2025,,,,
121002.0,Ost 2 - Alt-Reinickendorf,4569,4205,2809,40,203,157,2496,60,1577,57,609.7,573.0,193.19,476.41,488.0,102.0,618.29,587.5,172.08,718.12,688.5,190.67,798.08,742.46,484.92,779.88,726.0,282.83,2025,,,,
122003.0,West 4 - Auguste-Viktoria-Allee,4174,3902,2556,30,143,127,2259,72,1267,67,640.25,611.0,179.33,520.67,514.0,125.61,638.46,627.0,125.1,730.77,692.0,190.6,745.94,726.36,94.7,864.16,841.0,294.16,2025,,,,
122004.0,West 1 - Tegel-Süd/Flughafensee,3093,2872,1948,26,107,110,1732,31,927,23,656.26,619.0,220.89,507.95,490.5,95.19,620.53,586.5,168.16,834.43,796.0,241.46,867.73,851.14,143.78,901.51,875.5,358.08,2025,,,,
122005.0,West 5 - Tegel,2903,2711,1753,28,80,110,1588,25,1065,14,558.61,490.0,233.72,372.28,353.0,116.33,577.49,516.0,214.43,758.06,802.0,216.73,875.5,888.68,116.95,890.8,970.0,432.32,2025,,,,
124006.0,West 2 - Heiligensee/Konradshöhe,2863,2422,1611,31,60,380,1346,5,475,0,732.83,696.0,243.75,529.12,561.0,145.3,756.37,761.5,187.92,787.43,793.0,129.98,1026.14,1002.79,134.94,1011.19,955.0,443.87,2025,,,,
124007.0,Nord 1 - Frohnau/Hermsdorf,4040,3360,2189,44,82,401,1886,10,1073,5,635.48,606.0,204.03,547.16,543.0,142.59,667.61,639.5,200.14,807.18,784.0,132.64,895.56,905.22,157.39,944.34,889.0,396.84,2025,,,,
125008.0,West 3 - Borsigwalde/Freie Scholle,2277,2054,1370,18,93,127,1236,24,819,18,606.67,565.5,192.88,487.67,470.0,63.02,622.47,589.5,146.81,741.44,680.0,247.59,802.81,790.99,116.23,888.67,849.0,316.59,2025,,,,
125009.0,Nord 2 - Waidmannslust/Wittenau/Lübars,5548,4904,3323,47,123,224,2964,41,1791,30,613.96,580.0,212.7,500.1,515.0,124.02,607.1,592.0,153.77,755.14,698.0,191.56,819.24,790.24,131.42,809.24,721.0,354.37,2025,,,,
126010.0,Rollbergesiedlung,1530,1392,926,15,59,76,836,20,490,15,645.5,603.0,195.53,515.67,495.0,86.88,631.03,609.0,143.24,743.69,657.0,305.25,846.21,779.34,236.46,857.58,776.0,303.92,2025,,,,
126011.0,MV Nord,4633,4375,2939,51,127,123,2612,43,915,31,735.1,709.0,216.5,557.07,552.0,111.02,677.41,662.5,127.32,913.94,882.0,212.47,832.47,820.51,128.37,854.27,828.0,252.4,2025,,,,
126012.0,MV Süd,1695,1612,1116,9,31,52,969,4,472,4,670.22,640.0,217.18,600.17,607.0,35.31,643.21,631.5,209.76,980.5,920.5,201.73,723.92,694.86,95.18,756.03,769.0,205.85,2025,,,,
,,695,470,299,3,48,48,245,30,167,28,588.6163265306122,565.0,185.47,384.6666666666667,270.0,264.36,539.2222222222222,531.5,104.98,611.7096774193549,585.0,118.38,699.5074999999999,680.2645,95.1,786.2105263157895,734.0,317.89,2025,1100101.0,Stülerstraße,,
,,1744,1447,855,5,209,88,749,132,437,114,633.9492656875834,602.0,230.14,542.0,542.0,149.91,634.9671052631579,608.5,162.02,743.6027397260274,734.0,161.82,780.8907803030298,757.957,141.13,885.0895522388059,859.0,447.29,2025,1100102.0,Großer Tiergarten,,
,,1170,947,617,8,55,37,546,27,359,26,585.4560439560439,565.0,184.46,468.8,482.0,140.32,560.547619047619,574.0,98.85,653.5185185185185,652.0,106.87,708.1970740740741,695.813,93.22,866.0,843.0,254.85,2025,1100103.0,Lützowstraße,,
,,539,470,311,2,35,34,273,13,182,11,577.0879120879121,566.0,187.49,465.0,465.0,,622.2631578947369,616.0,98.94,681.0,663.5,188.49,752.429,695.486,209.81,818.9666666666667,775.5,289.42,2025,1100104.0,Körnerstraße,,
,,1023,855,528,7,130,37,467,51,304,46,598.6145610278372,571.0,185.14,415.8,422.0,71.73,582.6276595744681,562.5,170.24,730.7358490566038,758.0,94.68,808.5576862745097,777.8,310.6,796.3103448275862,748.0,393.42,2025,1100205.0,Wilhelmstraße,,
,,2758,2427,1388,12,220,105,1215,150,810,138,585.6559670781893,556.0,199.36,444.5,413.0,130.77,551.0655737704918,541.0,113.57,726.3987341772151,726.5,146.75,733.9716933333333,719.556,109.53,849.8048780487804,774.0,379.0,2025,1100206.0,Unter den Linden,,
,,1556,1334,848,12,140,78,762,82,517,71,588.9068241469816,567.0,184.98,478.8888888888889,482.0,53.69,579.1368421052632,554.0,139.91,706.2261904761905,677.0,115.98,736.0290975609756,692.84,164.69,885.7931034482758,789.5,407.95,2025,1100207.0,Leipziger Straße,,
,,2586,1597,988,11,193,80,862,132,618,125,547.9245939675174,518.0,202.92,359.8333333333333,339.5,79.34,530.7741935483871,514.0,138.11,692.136690647482,670.0,172.36,689.4060378787881,686.273,113.92,870.2241379310345,649.5,470.31,2025,1100308.0,Charitéviertel,,
,,2454,1937,1165,13,233,101,1015,137,706,127,564.1142857142858,544.0,197.35,406.44444444444446,409.0,68.25,540.8456790123457,546.5,110.1,659.25,640.0,120.55,694.1638832116788,671.517,129.86,821.1733333333333,671.0,428.64,2025,1100309.0,Oranienburger Straße,,
,,5452,4989,2984,14,315,140,2615,186,1862,174,569.1713193116635,534.0,194.36,407.1,413.5,57.04,540.1353711790393,508.0,146.96,681.0820512820513,663.0,134.19,703.2756236559137,681.75,131.07,779.6116504854369,605.0,458.16,2025,1100310.0,Alexanderplatzviertel,,
,,1815,1588,1039,15,143,84,964,84,669,78,562.8755186721992,528.0,191.63,395.1538461538461,363.0,86.42,481.9333333333333,434.0,176.12,646.5975609756098,640.0,117.7,676.5817023809523,653.1965,131.93,770.7746478873239,682.0,341.53,2025,1100311.0,Karl-Marx-Allee,,
,,1465,1351,847,12,55,57,778,28,573,27,573.2519280205655,546.0,184.8,412.0,415.0,58.0,528.9166666666666,520.0,122.29,681.6129032258065,655.0,131.18,694.007607142857,669.153,135.76,835.6486486486486,792.0,307.09,2025,1100312.0,Heine-Viertel West,,
,,1306,1194,790,8,58,52,712,27,562,24,544.5547752808989,516.0,171.82,452.8333333333333,452.0,28.95,520.2105263157895,482.5,169.41,650.6666666666666,628.0,174.09,683.1072592592593,646.487,163.71,894.875,696.0,430.27,2025,1100313.0,Heine-Viertel Ost,,
,,464,400,237,2,54,10,211,37,161,35,532.9052132701422,505.0,189.66,356.0,356.0,42.43,513.5348837209302,504.0,113.86,632.8823529411765,623.0,76.98,677.2772162162162,654.967,120.96,650.5,517.0,414.1,2025,1100414.0,Nordbahnhof,,
,,1345,1214,768,6,78,52,679,32,484,29,561.3873343151694,532.0,193.01,486.5,486.5,48.79,504.7272727272728,510.0,96.02,631.9736842105264,601.5,115.43,664.01721875,626.872,137.75,892.439024390244,678.0,477.75,2025,1100415.0,Invalidenstraße,,
,,1055,966,590,6,36,53,539,14,377,12,567.8775510204082,539.0,187.21,480.5,459.5,139.83,496.1290322580645,481.0,107.68,556.5714285714286,500.0,157.02,693.6024285714285,639.425,142.9,910.0571428571428,702.0,478.06,2025,1100416.0,Arkonaplatz,,
,,944,784,515,4,94,65,443,50,266,38,617.4424379232505,592.0,189.77,442.6666666666667,476.0,118.57,609.3939393939394,593.0,139.78,706.72,687.5,183.33,816.6152000000003,744.0264999999999,187.03,920.9074074074074,882.0,313.8,2025,1200517.0,Huttenkiez,,
,,787,721,503,7,37,29,445,13,293,13,587.7348314606742,566.0,176.51,472.1666666666667,468.5,105.56,573.375,556.0,79.97,697.0769230769231,694.0,168.92,690.0701538461537,694.04,51.4,794.1052631578947,665.0,349.2,2025,1200518.0,Beusselkiez,,
,,1023,959,608,8,33,31,529,4,317,3,615.062381852552,594.0,179.89,501.3333333333333,461.5,129.42,538.6470588235294,517.0,92.48,803.75,761.5,214.67,690.27925,648.1564999999999,176.78,967.074074074074,958.0,364.75,2025,1200519.0,Emdener Straße,,
,,1232,1134,763,8,51,46,669,14,421,13,615.4843049327354,572.0,197.03,491.0,525.0,87.06,521.0416666666666,491.0,107.02,714.0625,654.0,177.14,695.9822142857143,646.4780000000001,150.09,917.3428571428572,956.0,370.76,2025,1200520.0,Bremer Straße,,
,,652,601,399,2,20,31,355,5,248,4,576.1408450704225,543.0,197.93,337.0,337.0,,523.8571428571429,422.0,352.99,748.0,855.0,191.24,738.9068,673.684,138.19,754.1304347826087,612.0,352.05,2025,1200521.0,Zwinglistraße,,
,,1418,1313,858,9,52,51,737,12,515,11,565.4898236092266,549.0,190.3,456.1428571428572,427.0,116.27,463.0,430.0,107.74,619.5,621.0,166.97,641.1460833333332,631.7249999999999,104.87,831.9285714285714,774.5,343.79,2025,1200522.0,Elberfelder Straße,,
,,1392,1278,771,8,60,52,696,12,429,11,618.2974137931035,582.5,195.58,493.1666666666667,469.5,86.91,586.9117647058823,544.5,136.71,701.0,692.5,192.08,667.64125,644.9085,146.9,844.5121951219512,684.0,437.75,2025,1200623.0,Stephankiez,,
,,903,744,467,4,113,46,406,72,288,62,591.2241379310345,540.0,224.85,508.0,508.0,,576.0,532.0,148.41,694.9589041095891,684.0,127.2,741.0568888888888,725.0515,134.21,829.4864864864865,670.0,414.17,2025,1200624.0,Heidestraße,,
,,1195,1095,758,11,61,38,688,31,465,27,588.2151162790698,548.0,177.37,422.1111111111111,441.0,74.3,523.2,520.0,87.73,618.5588235294117,582.5,155.91,691.8151290322581,653.363,202.96,988.1153846153846,902.0,376.79,2025,1200625.0,Lübecker Straße,,
,,771,706,476,5,28,37,422,10,280,10,604.5876777251185,548.5,219.58,412.75,427.0,89.17,488.6315789473685,490.0,82.23,643.9,542.5,259.69,621.3095999999999,662.058,111.98,974.9310344827586,976.0,393.11,2025,1200626.0,Thomasiusstraße,,
,,933,888,600,8,26,19,541,8,363,7,582.4584103512015,545.0,194.73,457.0,421.5,75.39,572.0,531.0,176.02,659.5555555555555,621.0,146.12,713.654125,631.6115,276.57,923.8888888888888,879.0,337.39,2025,1200627.0,Zillesiedlung,,
,,3185,2896,1796,9,221,65,1551,149,1092,136,560.1121856866538,519.0,213.25,392.1666666666667,377.0,69.94,515.0578034682081,472.0,157.75,670.9024390243902,642.5,170.19,734.477100671141,729.12,150.28,759.2439024390244,570.0,391.54,2025,1200628.0,Lüneburger Straße,,
,,833,746,473,9,46,41,419,14,286,13,589.9594272076372,571.0,166.38,463.0,469.0,93.72,538.52,543.0,97.73,600.1538461538462,582.0,117.24,651.8655714285715,629.0649999999999,96.84,886.6774193548387,914.0,367.07,2025,1200629.0,Hansaviertel,,
,,1415,1100,752,9,51,45,655,16,397,16,621.3770992366412,590.0,201.37,404.8571428571428,391.0,79.5,551.875,528.5,104.47,691.4615384615385,664.0,109.69,669.1869375000001,675.185,86.35,902.2432432432432,856.0,318.13,2025,1300730.0,Drontheimer Straße,,
,,999,915,602,12,31,52,539,9,282,7,656.922077922078,624.0,200.34,472.8571428571428,465.0,93.5,553.7647058823529,541.0,81.99,770.5555555555555,761.0,125.17,752.0704444444445,695.98,154.05,904.9024390243902,796.0,381.19,2025,1300731.0,Koloniestraße,,
,,1197,1122,762,16,31,44,663,6,338,6,658.9502262443439,628.0,194.84,457.0,451.0,56.36,594.4117647058823,548.0,97.4,812.2857142857143,849.0,138.12,770.765,748.8,91.44,975.9117647058824,892.0,375.3,2025,1300732.0,Soldiner Straße,,
,,1802,1677,1061,11,68,57,938,19,614,17,600.8571428571429,563.5,200.48,473.3333333333333,423.0,171.27,579.1904761904761,509.5,268.37,748.64,683.0,260.48,733.2393684210527,701.996,119.37,888.4090909090909,659.5,442.81,2025,1300733.0,Gesundbrunnen,,
,,2506,2301,1472,9,96,107,1323,11,902,11,592.265306122449,554.0,192.28,502.1666666666667,517.0,85.55,557.0327868852459,515.0,185.94,589.5714285714286,588.5,122.99,679.7479090909092,666.15,131.01,928.4024390243902,697.0,445.96,2025,1300834.0,Brunnenstraße,,
,,1562,1453,992,10,50,58,894,11,625,11,584.9496644295302,540.0,200.85,438.375,464.0,82.05,573.8275862068965,538.0,123.76,767.3571428571429,725.5,245.52,717.786,747.02,110.63,911.4864864864865,741.0,443.88,2025,1300835.0,Humboldthain Süd,,
,,2609,2353,1517,21,128,127,1353,36,1011,31,537.1152993348115,492.0,196.66,394.3125,375.0,75.68,500.8133333333333,445.0,168.15,792.4722222222222,705.5,231.85,716.8376944444444,697.3565,155.87,895.97,636.0,483.59,2025,1300836.0,Humboldthain Nordwest,,
,,1789,1660,1095,16,59,68,989,16,650,14,590.7633973710819,562.0,180.59,439.3076923076923,457.0,102.61,602.4193548387096,586.0,183.82,767.0,747.0,127.77,780.7778749999998,784.806,102.84,998.2325581395348,1007.0,403.82,2025,1400937.0,Afrikanische Straße,,
,,2418,1286,884,11,73,67,761,26,536,25,582.6215505913271,550.0,193.66,396.625,428.5,95.71,612.9736842105264,572.5,187.95,747.5,723.5,161.2,718.0240769230769,731.4300000000001,118.01,992.2641509433962,970.0,376.04,2025,1400938.0,Kameruner Straße,,
,,1039,968,656,8,37,32,570,5,393,4,565.421052631579,510.5,206.49,414.625,402.0,55.74,527.6666666666666,489.5,173.21,710.5,788.5,259.45,717.2914,623.164,220.24,721.0344827586207,575.0,379.82,2025,1400939.0,Glasgower Straße,,
,,1104,1065,724,8,22,16,667,5,480,4,569.095952023988,521.0,195.12,412.0,401.0,48.71,576.75,552.0,119.68,745.3333333333334,699.5,154.65,816.0243999999999,685.327,236.42,796.0769230769231,787.0,384.81,2025,1400940.0,Schillerpark,,
,,603,576,373,9,13,14,340,1,219,1,606.0529411764705,574.5,183.6,450.57142857142856,456.0,80.0,522.25,529.5,83.98,788.0,788.0,,556.423,556.423,,816.0769230769231,658.0,393.02,2025,1400941.0,Londoner Straße,,
,,1328,1205,766,7,69,53,681,24,486,22,566.5066079295154,537.0,185.47,389.4,359.0,45.42,568.8409090909091,540.0,116.76,714.0333333333333,716.5,160.37,717.3263333333333,699.7449999999999,208.15,895.9772727272727,728.0,425.74,2025,1400942.0,Westliche Müllerstraße,,
,,1128,1058,727,11,34,36,649,9,490,8,551.4591679506934,513.0,201.97,446.2,455.5,90.04,481.2941176470589,470.0,88.57,786.8,729.0,194.32,760.7077777777779,719.836,214.43,840.9666666666667,742.0,388.9,2025,1401043.0,Antonstraße,,
,,1187,1087,701,5,58,42,623,3,453,3,560.760834670947,523.0,198.1,328.3333333333333,343.0,41.02,536.5769230769231,510.5,163.5,820.25,791.0,130.03,699.1336666666666,691.394,43.47,780.2285714285714,606.0,389.79,2025,1401044.0,Uferstraße,,
,,1080,1010,671,11,25,43,576,2,409,2,579.7413194444445,536.0,195.82,425.0,389.0,118.52,650.3636363636364,522.0,338.37,603.0,635.0,67.0,715.895,715.895,114.16,775.4722222222222,676.5,333.52,2025,1401045.0,Schwedenstraße,,
,,765,684,477,6,39,42,425,3,269,3,618.0729411764706,582.0,206.36,550.4,502.0,73.7,584.7647058823529,538.0,129.42,707.0,677.5,129.61,647.4346666666667,655.037,57.16,921.9428571428572,788.0,413.06,2025,1401046.0,Nordufer,,
,,1092,1023,638,6,28,39,557,4,409,3,554.0377019748654,513.0,186.07,448.3333333333333,442.0,61.74,556.0769230769231,504.0,178.0,685.6666666666666,670.0,105.38,742.98175,739.293,159.81,841.0322580645161,675.0,414.04,2025,1401047.0,Sparrplatz,,
,,1351,1240,768,8,50,59,683,12,510,10,556.3601756954612,522.0,178.86,389.125,402.5,109.47,522.9629629629629,516.0,77.95,749.75,744.5,159.42,749.8225833333335,759.2194999999999,181.33,777.8085106382979,652.0,354.06,2025,1401048.0,Leopoldplatz,,
,,1705,1451,992,25,49,35,876,15,621,15,580.054794520548,542.0,197.79,434.05263157894734,413.0,107.87,570.483870967742,531.0,156.98,679.75,689.0,102.7,709.2081999999999,692.25,97.8,791.2592592592592,682.0,373.88,2025,1401049.0,Schulstraße,,
,,1584,1379,912,9,125,76,815,74,585,61,577.6220858895706,555.0,166.96,466.5,470.0,116.16,587.7142857142857,566.5,109.36,743.8227848101266,718.0,185.58,791.2287972972975,749.7115,166.1,847.8235294117648,827.0,304.88,2025,2100101.0,Askanischer Platz,,
,,1707,1445,874,8,184,76,776,53,553,48,578.5644329896908,547.0,180.32,493.3333333333333,484.0,70.27,558.4789915966387,529.0,153.92,744.8032786885246,704.0,221.47,726.7341132075469,717.567,126.37,762.2166666666667,723.0,308.46,2025,2100102.0,Mehringplatz,,
,,740,678,458,2,33,28,410,15,325,12,541.7585365853658,522.5,156.35,446.0,446.0,,535.047619047619,516.0,179.58,761.2222222222222,717.5,237.9,724.831,701.784,177.4,968.1,849.5,467.3,2025,2100103.0,Am Berlin Museum,,
,,1170,1078,744,10,61,31,672,24,527,22,542.8169642857143,510.0,178.11,419.625,373.5,107.24,494.8378378378378,476.0,117.56,611.4,574.0,179.8,629.550875,584.5615,182.02,800.6,664.0,458.35,2025,2100104.0,Moritzplatz,,
,,1239,1114,720,10,53,72,640,10,513,10,521.4,476.5,187.0,353.85714285714283,351.0,49.26,456.2608695652174,423.0,101.59,720.2857142857143,696.0,116.79,657.074,619.0554999999999,122.84,767.8245614035088,618.0,382.6,2025,2100105.0,Prinzenstraße,,
,,1354,1248,794,8,44,61,690,10,568,10,509.1855072463768,470.0,182.68,395.25,401.0,55.61,543.421052631579,473.0,186.89,691.5,656.0,220.8,646.9605,653.5165,116.4,629.9215686274509,547.0,265.9,2025,2100106.0,Wassertorplatz,,
,,514,419,224,3,78,17,201,49,115,42,647.9850746268656,630.0,190.52,387.0,387.0,14.14,627.1636363636363,617.0,140.14,709.8125,686.5,134.82,781.1598367346937,768.007,134.88,885.2307692307693,757.0,311.09,2025,2200207.0,Gleisdreieck,,
,,1172,1091,712,5,29,52,628,11,470,8,555.7308917197453,535.0,180.28,437.0,504.0,217.39,544.05,526.0,88.27,755.8461538461538,747.0,130.15,794.8279090909091,732.857,135.42,718.7714285714286,638.0,297.67,2025,2200208.0,Rathaus Yorckstraße,,
,,1040,951,627,8,41,48,563,4,388,4,589.1047957371226,559.0,174.96,416.1666666666667,465.5,100.93,573.8,562.0,104.2,561.5,585.0,211.85,729.83925,732.31,130.47,738.6666666666666,678.0,314.85,2025,2200209.0,Viktoriapark,,
,,1527,1405,895,11,51,68,800,9,637,9,518.36375,473.5,188.94,355.0,345.0,59.04,542.75,474.5,190.8,703.2,694.0,140.25,714.6877777777778,744.104,82.16,659.2826086956521,573.0,337.02,2025,2200210.0,Urbanstraße,,
,,1593,1467,981,11,57,69,887,22,621,22,579.446448703495,553.0,172.53,436.0,436.0,60.05,562.2105263157895,543.0,107.11,776.3846153846154,694.0,302.27,690.6649090909091,696.182,80.3,806.7884615384615,712.0,261.66,2025,2200211.0,Chamissokiez,,
,,1003,892,569,3,73,37,495,14,355,13,566.7737373737374,531.0,194.42,412.6666666666667,413.0,17.5,573.2666666666667,533.0,167.0,755.8421052631579,690.0,238.08,691.2598571428572,658.6614999999999,117.28,736.1111111111111,636.0,327.42,2025,2200212.0,Graefekiez Süd,,
,,1906,1305,843,9,77,64,736,22,543,20,556.0788043478261,523.0,180.78,413.0,399.0,36.96,534.475,498.0,171.5,763.2105263157895,736.0,222.52,759.4160454545454,715.1385,112.35,775.7735849056604,676.0,362.72,2025,2200213.0,Graefekiez Nord,,
,,1980,1863,1187,22,75,40,1039,27,880,24,496.0914340712224,466.0,169.25,366.3571428571428,357.5,78.95,473.9268292682927,461.0,119.47,671.9130434782609,671.0,162.44,663.4216666666667,631.477,179.18,672.5806451612904,565.0,376.03,2025,2300314.0,Oranienplatz,,
,,1070,993,624,10,41,35,565,14,464,12,509.05132743362833,455.0,189.26,387.25,407.5,55.18,529.4,438.0,215.11,658.1666666666666,627.0,158.75,678.9297142857143,659.605,137.81,877.24,746.0,450.06,2025,2300315.0,Lausitzer Platz,,
,,770,703,432,9,30,37,375,5,299,5,518.1413333333334,489.0,168.7,342.1428571428572,332.0,74.01,610.6,455.0,281.66,728.2,610.0,270.94,532.4158,538.716,89.65,730.5483870967741,590.0,397.46,2025,2300316.0,Köpenicker Straße,,
,,1290,1184,765,10,57,49,682,22,525,20,518.7536656891496,469.0,211.94,349.2857142857143,364.0,57.38,472.96875,444.5,132.0,612.5714285714286,604.0,175.0,677.3488636363636,644.06,172.99,609.8837209302326,549.0,235.42,2025,2300417.0,Reichenberger Straße West,,
,,992,892,585,11,49,51,504,8,382,7,530.2003968253969,493.5,191.38,396.8888888888889,364.0,76.61,463.6666666666667,443.5,87.88,819.0,733.0,291.65,679.2316250000001,602.2905000000001,201.28,790.5,705.0,358.71,2025,2300418.0,Reichenberger Straße Ost,,
,,1394,1293,796,9,51,50,681,10,516,9,555.8193832599119,519.0,190.83,446.3333333333333,418.5,94.77,537.1724137931035,491.0,148.48,739.4545454545455,691.0,276.13,722.7561000000002,687.6185,215.65,812.075,730.0,343.03,2025,2300419.0,Wrangelkiez,,
,,1672,1147,745,14,67,44,689,31,497,25,565.8737300435414,539.0,186.5,423.8333333333333,438.5,78.41,570.85,515.0,218.47,743.65625,701.0,203.89,762.7229677419355,711.593,207.48,871.6,785.0,397.86,2025,2400520.0,Barnimkiez,,
,,1106,1020,636,5,38,47,562,14,411,14,554.2153024911032,537.0,183.17,402.6,395.0,83.5,558.6521739130435,555.0,151.52,662.0909090909091,665.0,101.69,691.4018571428571,698.8115,109.99,974.53125,832.5,498.96,2025,2400521.0,Friedenstraße,,
,,1278,1208,809,9,36,34,733,13,503,12,575.8362892223738,551.0,196.79,415.5,402.5,67.83,551.8148148148148,527.0,135.69,745.3846153846154,731.0,160.45,684.1783076923076,651.25,152.27,941.375,895.0,381.56,2025,2400522.0,Richard-Sorge-Viertel,,
,,3032,2839,1827,15,103,90,1664,48,1317,43,537.5967548076923,507.0,180.54,385.3636363636364,347.0,122.6,559.4307692307692,483.0,240.46,650.9183673469388,620.0,171.58,697.4637916666669,653.8835,195.16,799.3235294117648,637.0,418.39,2025,2400623.0,Andreasviertel,,
,,1641,1511,931,10,81,49,848,24,661,21,516.0978773584906,473.0,202.35,382.625,331.5,106.53,463.20454545454544,423.5,138.78,581.6071428571429,621.5,180.8,678.09225,664.55,157.91,712.9473684210526,516.0,399.33,2025,2400624.0,Weberwiese,,
,,1453,1252,739,4,166,33,638,104,487,88,544.0344827586207,510.0,195.41,372.0,372.0,117.38,578.016,512.0,195.31,695.3679245283018,628.0,212.14,719.1975865384612,665.712,171.13,832.24,633.0,429.07,2025,2400625.0,Wriezener Bahnhof,,
,,723,647,407,9,38,37,359,6,225,6,605.5431754874652,579.0,196.15,456.5,459.5,125.11,579.625,550.0,213.86,636.4285714285714,647.0,104.94,647.9181666666667,628.0,84.3,979.9583333333334,699.5,434.71,2025,2500726.0,Hausburgviertel,,
,,738,677,435,4,41,20,397,5,287,5,566.3929471032745,541.0,182.5,418.5,420.5,35.2,607.7142857142857,556.0,241.06,802.2,647.0,397.57,663.7735999999999,648.094,128.29,887.8181818181819,640.0,475.93,2025,2500727.0,Forckenbeckplatz,,
,,896,819,524,6,36,41,475,3,325,2,593.6947368421053,570.0,179.83,475.3333333333333,447.5,102.74,638.3529411764706,532.0,298.44,930.5,736.0,507.07,792.6233333333333,746.49,161.55,980.5142857142856,889.0,396.9,2025,2500728.0,Samariterviertel,,
,,780,725,469,4,32,23,415,11,285,9,604.8024096385542,573.0,192.05,610.6666666666666,636.0,44.75,631.2105263157895,616.0,161.17,721.1818181818181,651.0,207.19,814.4488181818182,801.44,143.59,890.4705882352941,839.0,324.92,2025,2500729.0,Pettenkofer Straße,,
,,418,378,247,2,16,24,225,4,170,4,565.6444444444444,540.0,161.71,431.0,431.0,5.66,563.3,517.0,183.13,672.75,684.0,29.1,634.094,619.6714999999999,72.47,812.5263157894736,695.0,391.47,2025,2500830.0,Niederbarnimstraße,,
,,682,583,362,3,65,34,324,31,200,27,613.3487654320987,576.0,196.82,430.6666666666667,410.0,38.42,577.5882352941177,548.0,162.66,722.2758620689655,703.0,171.58,771.2532903225806,755.67,162.38,817.0,680.0,365.8,2025,2500831.0,Wismarplatz,,
,,796,721,434,4,39,36,385,7,251,7,598.4909090909091,573.0,188.61,584.5,584.5,60.1,567.0526315789474,561.0,84.53,627.25,603.0,181.91,791.1930000000001,795.61,65.45,899.8214285714286,744.5,420.33,2025,2500832.0,Traveplatz,,
,,966,883,573,10,45,38,496,8,367,8,545.4778225806451,514.0,182.4,402.5,407.0,81.36,514.3461538461538,495.5,112.81,649.8181818181819,692.0,157.91,697.2397500000001,671.7185,77.59,805.4,579.0,432.16,2025,2500833.0,Boxhagener Platz,,
,,1335,1216,783,10,84,35,689,29,504,25,568.5457184325109,527.0,186.87,405.22222222222223,418.0,71.92,510.2456140350877,475.0,108.95,657.9310344827586,574.0,237.1,705.0949310344827,665.897,165.39,890.7307692307693,710.0,452.8,2025,2500834.0,Revaler Straße,,
,,2250,2058,1299,6,104,85,1137,43,776,33,587.6684256816183,551.0,200.1,390.1666666666667,354.0,105.43,594.3518518518518,553.0,202.33,641.3863636363636,613.0,179.62,733.3568139534884,700.866,180.73,908.9642857142856,910.0,329.54,2025,2500835.0,Stralauer Kiez,,
,,478,448,275,6,13,16,250,4,131,2,663.184,628.0,174.92,466.6666666666667,446.5,72.99,621.3333333333334,607.0,41.4,638.5,638.5,28.99,869.1814999999999,876.1835,251.51,1006.2222222222222,892.0,553.62,2025,2500836.0,Stralauer Halbinsel,,
,,669,573,363,5,59,37,299,18,107,7,726.3612040133779,700.0,187.58,591.3333333333334,581.0,30.83,755.75,745.0,117.35,948.1052631578948,896.0,186.24,954.1963888888888,905.072,156.43,917.9,906.0,162.31,2025,3100101.0,Bucher Forst,,
,,891,565,380,7,26,28,320,12,193,2,617.8,577.0,197.01,524.4,509.0,168.26,755.6153846153846,720.0,132.17,897.7647058823529,838.0,243.49,1122.9177499999998,1072.5065,264.9,931.2307692307692,893.0,335.32,2025,3100102.0,Klinikum Buch,,
,,1488,1380,907,11,54,53,741,16,488,7,629.7624831309042,571.0,223.57,564.5,458.0,228.38,740.5,726.5,148.97,847.1578947368421,839.0,176.31,936.2312500000002,925.13,109.63,955.391304347826,928.0,295.6,2025,3100103.0,Karower Chaussee,,
,,300,275,190,4,11,14,153,4,52,1,788.6535947712418,725.0,281.99,714.5,714.5,193.04,609.875,577.0,163.5,1183.0,1077.0,412.35,1045.09325,1046.5815,130.53,912.8571428571428,810.0,342.7,2025,3200204.0,Blankenfelde,,
,,1032,985,668,7,26,19,582,8,201,8,728.9690721649484,691.5,201.75,569.8333333333334,560.5,74.45,586.5625,568.5,179.8,836.2222222222222,814.0,176.48,711.92975,701.9884999999999,65.15,960.8571428571428,856.5,390.95,2025,3200205.0,Uhlandstraße,,
,,708,661,449,2,25,21,384,5,172,4,701.9973958333334,647.5,221.34,459.5,459.5,109.6,595.0,569.0,201.49,978.75,730.5,555.61,733.625,797.76,220.9,736.3636363636364,735.0,218.65,2025,3200206.0,Pastor-Niemöller-Platz,,
,,1167,1098,731,12,26,43,648,1,318,0,678.8641975308642,642.0,194.42,454.6666666666667,477.0,110.32,590.0909090909091,556.0,257.72,905.0,905.0,,944.486,944.486,,867.7083333333334,760.5,351.12,2025,3200207.0,Herthaplatz,,
,,441,428,296,3,4,9,270,0,127,0,678.4148148148148,648.5,169.25,658.0,655.0,85.54,500.0,512.0,82.66,,,,,,,865.2,898.0,416.65,2025,3200308.0,Nisbléstraße,,
,,598,561,383,4,15,21,339,1,166,1,659.8761061946902,638.0,196.48,460.75,362.0,213.86,593.0,514.0,201.45,662.0,662.0,,894.216,894.216,,1070.7692307692307,901.0,510.58,2025,3200309.0,Eddastraße,,
,,798,760,497,6,13,24,433,3,188,2,696.7806004618938,666.0,188.07,480.4,483.0,64.14,576.6,619.0,128.99,821.6666666666666,792.0,139.88,913.4533333333331,869.096,133.83,834.1,820.5,238.33,2025,3200310.0,Krugpfuhl,,
,,1047,1011,682,8,17,19,565,4,386,3,606.4159292035398,569.0,186.7,590.8333333333334,605.0,101.91,723.375,687.0,126.6,779.8,782.0,102.02,833.2162500000001,869.432,101.32,789.0,733.5,157.25,2025,3300411.0,Karow Nord,,
,,481,443,305,7,14,23,257,1,151,1,637.6186770428016,596.0,202.83,548.75,544.0,91.95,657.6363636363636,662.0,102.99,807.5,807.5,252.44,717.427,717.427,,1102.428571428571,977.5,398.87,2025,3300412.0,Karow Bahnhof,,
,,209,196,136,2,4,8,106,0,68,0,600.066037735849,564.5,185.62,666.0,666.0,,686.6666666666666,672.0,133.61,,,,,,,801.3333333333334,804.0,48.06,2025,3300413.0,Karow Ost,,
,,959,895,634,17,28,35,572,7,264,6,678.0157342657343,647.0,191.67,530.3571428571429,521.0,98.19,600.2631578947369,593.0,106.57,821.6,836.0,136.78,818.0785714285714,828.65,110.68,901.0,773.5,341.12,2025,3300514.0,Blankenburg,,
,,21,16,12,0,1,4,8,0,4,0,663.5,642.0,120.87,,,,590.0,590.0,,,,,,,,1282.6666666666667,1281.0,162.51,2025,3300515.0,Blankenburger Süden,,
,,1349,1275,816,14,36,37,738,13,430,10,634.0514905149051,604.0,184.48,453.0,443.5,68.35,643.2,624.0,117.01,717.0714285714286,658.5,195.63,767.1734615384614,731.577,133.17,776.8928571428571,706.5,295.22,2025,3300516.0,Heinersdorf,,
,,207,190,128,1,5,12,116,1,61,0,658.1206896551724,630.5,202.64,,,,710.5,710.5,58.69,981.0,981.0,,953.003,953.003,,860.8571428571429,738.0,312.12,2025,3300517.0,Märchenland,,
,,428,412,293,7,9,7,246,3,71,2,745.8455284552846,717.0,202.58,622.0,628.0,144.3,601.2,626.0,110.91,1010.5,1010.5,251.02,822.6779999999999,654.807,338.28,735.3333333333334,744.0,158.18,2025,3400618.0,Rosenthal,,
,,1222,1140,759,12,33,48,641,10,293,5,672.8003120124805,655.0,202.82,512.5714285714286,484.0,98.7,766.5,677.0,295.26,1014.5,953.5,195.82,1102.9143,870.533,520.82,799.5185185185185,767.0,351.04,2025,3400619.0,Wilhelmsruh,,
,,599,561,386,7,12,24,338,2,163,1,657.2426035502958,645.5,177.08,540.7142857142857,500.0,117.83,648.25,639.0,179.02,897.0,897.0,124.45,944.6295,944.6295,127.02,869.9333333333333,840.0,231.85,2025,3400620.0,Schönholz,,
,,993,928,629,7,29,35,551,8,283,5,651.6969147005444,626.0,189.19,441.4,452.0,78.08,712.4,607.0,321.62,1046.4444444444443,990.0,389.51,862.9063750000001,814.79,201.02,893.3333333333334,745.5,423.67,2025,3400721.0,Florakiez,,
,,666,623,419,2,27,16,381,6,227,5,633.1653543307086,586.0,201.26,560.5,560.5,126.57,543.4375,564.5,148.14,890.7142857142857,890.0,322.44,773.5273333333333,772.9185,154.81,880.2222222222222,783.0,464.99,2025,3400722.0,Parkstraße,,
,,1201,860,544,5,20,33,486,3,273,3,643.1131687242798,598.0,235.18,546.3333333333334,495.0,143.08,689.5714285714286,599.0,475.4,619.25,612.0,122.13,641.3716666666666,665.323,72.86,836.0526315789474,727.0,369.15,2025,3400723.0,Garbátyplatz,,
,,847,794,526,14,19,32,460,2,292,2,626.4869565217391,556.0,244.93,506.375,478.0,175.16,629.7272727272727,552.0,313.27,788.3333333333334,812.0,100.61,838.777,838.777,43.07,774.2608695652174,579.0,461.38,2025,3400724.0,Wolfshagener Straße,,
,,1026,977,699,17,19,28,630,5,352,1,646.7333333333333,609.5,196.72,440.4285714285714,435.0,53.39,593.4166666666666,559.0,217.88,1027.25,999.0,325.67,1016.9451999999998,918.06,372.55,737.6315789473684,544.0,376.26,2025,3400725.0,Schlosspark,,
,,1074,1009,643,4,28,36,563,3,287,2,653.0337477797514,636.0,200.64,522.0,518.0,6.93,709.0,669.0,337.27,756.6666666666666,663.0,171.85,811.0536666666667,769.15,128.48,977.181818181818,800.0,463.14,2025,3400826.0,Tiroler Viertel,,
,,929,835,567,12,65,29,500,39,269,37,644.78,620.0,194.43,486.0,477.5,62.01,670.5576923076923,642.5,245.94,729.972972972973,686.0,193.88,733.0282820512821,707.997,122.15,938.7391304347826,827.0,462.19,2025,3400827.0,Trelleborger Viertel,,
,,441,420,284,7,8,12,261,1,96,1,673.2452107279694,658.0,160.52,532.8571428571429,509.0,122.63,852.0,875.0,347.05,650.0,650.0,,650.914,650.914,,1038.125,1155.0,496.33,2025,3400828.0,Spiekermann Straße,,
,,666,632,401,9,20,14,367,4,201,3,647.3542234332425,623.0,183.26,468.375,477.5,130.39,603.6,588.0,104.65,797.0,757.0,132.09,811.0020000000001,757.5195,118.7,831.75,827.0,364.18,2025,3400829.0,Arnold-Zweig-Straße,,
,,756,706,434,9,23,27,390,3,257,3,605.6641025641026,568.0,187.16,440.4285714285714,404.0,137.65,576.1333333333333,576.0,125.79,680.0,680.0,104.65,713.116,701.574,113.16,898.4375,857.5,334.02,2025,3400830.0,Kissingenviertel,,
,,97,73,49,1,9,15,39,3,28,3,521.8461538461538,456.0,216.92,316.0,316.0,,541.0,562.0,129.29,802.5,798.0,89.03,698.6613333333333,707.73,110.04,1022.1538461538462,872.0,546.48,2025,3400831.0,Pankower Tor,,
,,773,729,489,8,24,20,447,8,274,7,625.7651006711409,593.0,173.9,569.0,532.0,215.94,625.3125,546.5,299.88,676.0909090909091,648.0,100.09,789.37475,732.7384999999999,152.84,885.0588235294117,723.0,464.34,2025,3500932.0,Bühringstraße,,
,,1277,961,645,6,30,40,584,5,403,5,570.7174657534247,517.0,222.49,418.1666666666667,418.5,78.27,560.6666666666666,488.0,224.46,647.0,629.0,190.16,742.3334,768.736,103.3,723.8333333333334,573.0,386.17,2025,3500933.0,Weißer See,,
,,869,805,527,7,25,38,471,10,285,9,614.0254777070064,590.0,183.58,628.75,623.0,168.36,588.25,564.0,155.52,659.6666666666666,634.0,136.31,694.0554,685.0705,95.88,834.6969696969697,736.0,336.92,2025,3500934.0,Weißenseer Spitze,,
,,597,542,340,4,28,26,313,8,222,7,571.4249201277955,532.0,182.23,368.0,395.0,61.64,545.9411764705883,563.0,108.52,713.1428571428571,744.0,194.92,781.8935,740.773,129.33,769.3,647.5,347.53,2025,3500935.0,Behaimstraße,,
,,916,866,554,9,23,27,494,3,315,3,599.7024291497976,573.0,174.29,487.44444444444446,475.0,63.58,565.5833333333334,530.0,139.95,693.1666666666666,560.5,352.57,580.8656666666667,593.447,37.9,806.3478260869565,789.0,314.39,2025,3500936.0,Komponistenviertel Weißensee,,
,,1350,1257,806,21,60,33,728,20,476,9,600.9162087912088,570.0,184.15,452.5625,451.0,81.99,634.219512195122,565.0,168.19,674.3,639.0,199.47,922.15005,924.5315,160.33,591.421052631579,556.0,111.69,2025,3501037.0,Rathaus Weißensee,,
,,1312,1170,748,15,33,30,680,14,389,12,639.7514705882353,601.5,187.76,488.3333333333333,474.5,99.29,606.5416666666666,605.5,130.24,666.4615384615385,649.0,89.46,852.5411428571426,820.543,162.73,729.7777777777778,614.5,312.55,2025,3501038.0,Hansastraße,,
,,437,400,282,1,20,17,253,3,132,2,644.6561264822135,624.0,211.0,550.0,550.0,,630.5333333333333,624.0,160.74,797.6666666666666,799.0,76.01,804.3046666666665,798.604,117.75,766.25,717.5,162.71,2025,3601139.0,Norweger Viertel,,
,,518,448,281,3,42,28,255,2,138,2,640.1294117647059,617.0,204.71,487.0,531.0,120.2,709.7142857142857,673.0,170.44,784.0,664.5,284.86,582.5854999999999,582.5854999999999,27.08,952.1764705882352,820.0,377.72,2025,3601140.0,Malmöer Straße,,
,,636,577,372,5,26,33,319,8,170,7,633.3260188087775,632.0,172.51,508.6666666666667,496.0,26.39,576.85,582.0,81.19,682.8888888888889,653.0,226.98,805.7238749999999,753.1945000000001,201.16,813.7826086956521,625.0,432.71,2025,3601141.0,Arnimplatz,,
,,1168,1045,604,5,60,63,537,11,329,10,608.9124767225326,592.0,192.2,398.3333333333333,399.0,148.0,570.7272727272727,549.0,122.94,715.7142857142857,615.0,230.1,697.0265454545455,686.39,132.82,838.35,700.0,412.5,2025,3601142.0,Falkplatz,,
,,793,718,447,5,40,35,395,2,248,2,597.6886075949367,581.0,166.21,486.75,467.0,109.84,563.6333333333333,569.0,147.34,635.25,584.5,157.31,781.7785,781.7785,74.14,979.2916666666666,664.5,513.02,2025,3601243.0,Rodenbergstraße,,
,,637,583,385,5,22,32,351,4,205,4,613.7920227920227,596.0,166.42,478.4,498.0,65.55,568.6875,568.0,118.66,742.75,663.0,214.34,658.425,659.4265,51.67,997.4166666666666,1041.0,407.12,2025,3601244.0,Humannplatz,,
,,1465,1364,930,17,43,57,840,9,544,9,598.1166666666667,573.5,201.93,418.8571428571428,440.0,120.49,604.5666666666667,615.5,129.29,682.375,651.0,117.18,701.1882222222223,682.233,83.48,972.5813953488372,932.0,410.35,2025,3601245.0,Ostseestraße,,
,,453,410,259,0,18,25,228,7,156,5,593.5350877192982,557.5,174.23,,,,572.0833333333334,546.5,136.07,666.7142857142857,578.0,150.22,1800.243714285714,756.544,2673.97,818.2941176470588,756.0,340.85,2025,3601346.0,Gethsemanekirche,,
,,679,586,341,1,50,43,293,3,173,2,630.7542662116041,597.0,207.94,483.0,483.0,,542.421052631579,538.5,107.83,782.8,564.0,526.37,801.486,761.487,114.02,880.6052631578947,697.5,479.22,2025,3601347.0,Helmholtzplatz,,
,,482,442,289,2,18,22,257,4,168,3,590.3151750972762,584.0,150.49,528.5,528.5,144.96,551.4615384615385,531.0,129.78,735.6666666666666,801.5,177.15,767.6139999999999,755.863,171.75,814.7333333333333,749.0,366.42,2025,3601348.0,Senefelderstraße,,
,,1737,1602,1076,20,71,64,972,28,602,25,604.2798353909465,582.0,167.47,472.0625,495.5,93.81,678.4545454545455,643.5,178.9,737.6153846153846,751.0,78.7,821.3087142857142,781.9685,233.45,897.0181818181818,790.0,314.51,2025,3601449.0,Michelangelostraße,,
,,1113,1043,673,12,50,20,611,18,353,18,623.4042553191489,600.0,180.51,459.1666666666667,419.0,130.15,617.3,607.0,107.42,669.6315789473684,654.0,80.83,691.5450555555557,698.013,76.19,975.0,947.5,317.42,2025,3601450.0,Volkspark Prenzlauer Berg,,
,,601,558,346,3,25,18,305,4,172,3,617.7672131147541,605.0,191.19,278.0,278.0,,650.8823529411765,647.0,129.27,783.3333333333334,849.0,158.08,752.61825,749.4965,176.55,751.9166666666666,710.5,237.23,2025,3601451.0,Anton-Saefkow-Park,,
,,692,650,432,7,26,15,383,3,232,3,598.1775456919061,587.0,170.49,527.4,607.0,151.7,652.6666666666666,657.0,130.19,785.6666666666666,728.0,124.0,822.3193333333334,879.784,107.0,967.8888888888888,935.0,317.06,2025,3601452.0,Velodrom,,
,,365,331,209,3,21,12,186,7,117,5,617.1505376344086,572.5,183.0,551.0,593.0,81.56,610.3571428571429,606.0,100.2,700.875,662.0,112.17,806.7271428571428,769.106,141.51,862.2,831.0,351.21,2025,3601453.0,Alter Schlachthof,,
,,972,881,536,4,34,56,481,7,321,6,569.0436590436591,542.0,192.29,297.3333333333333,317.0,50.46,493.4230769230769,494.0,86.88,628.1111111111111,579.0,185.39,687.6722857142857,694.63,136.02,875.0277777777778,577.0,521.9,2025,3701554.0,Teutoburger Platz,,
,,859,802,504,1,33,24,435,10,279,10,602.919540229885,579.0,184.51,,,,521.1739130434783,514.0,80.38,571.5454545454545,524.0,135.49,704.7264,718.3105,97.95,697.7368421052631,590.0,286.37,2025,3701555.0,Sredzkistraße,,
,,669,603,370,4,42,23,322,19,204,17,604.6552795031056,588.0,164.89,595.5,595.5,19.09,555.1470588235294,544.0,101.91,653.6666666666666,610.0,122.51,703.6234210526316,688.213,167.8,879.9473684210526,833.0,425.35,2025,3701556.0,Kollwitzplatz,,
,,507,451,307,5,25,31,267,8,151,7,628.1086142322098,607.0,179.44,491.0,461.0,112.47,599.1176470588235,555.0,125.25,716.7777777777778,678.0,89.41,741.791,699.837,92.02,816.8571428571429,727.0,348.31,2025,3701657.0,Thälmannpark,,
,,483,440,283,6,24,19,259,3,168,2,598.6023166023166,582.0,149.36,411.6666666666667,394.0,48.0,589.4166666666666,580.0,97.63,909.25,833.0,601.51,811.661,733.713,254.88,915.8571428571428,818.0,413.79,2025,3701658.0,Christburger Straße,,
,,632,570,364,4,25,37,337,8,224,8,587.4183976261128,567.0,161.66,565.3333333333334,559.0,98.65,538.7058823529412,529.0,144.62,697.6666666666666,649.0,144.37,643.89525,642.203,97.51,848.84375,720.5,410.55,2025,3701659.0,Immanuelkirchstraße,,
,,879,805,528,3,37,35,478,6,317,6,596.6443514644351,577.5,177.23,447.0,447.0,11.31,513.1739130434783,517.0,94.11,797.4444444444445,709.0,385.26,696.239,697.3779999999999,54.35,764.8620689655172,711.0,256.23,2025,3701660.0,Bötzowstraße,,
,,2170,1947,1333,25,102,117,1174,13,533,12,672.3049403747871,649.5,183.71,478.75,484.5,109.99,664.5405405405405,649.0,143.19,787.1818181818181,736.0,203.62,805.7170769230769,791.45,136.1,880.1975308641976,791.0,351.37,2025,4100101.0,Jungfernheide/Plötzensee,,
,,1252,1189,816,14,30,32,727,8,326,8,684.566712517194,653.0,198.12,535.4545454545455,534.0,97.53,638.1428571428571,655.5,177.1,730.5714285714286,723.0,77.49,723.8251250000001,726.515,26.08,845.4285714285714,740.0,360.16,2025,4100102.0,Paul-Hertz-Siedlung,,
,,552,496,264,3,26,23,235,14,95,11,699.2127659574468,669.0,249.54,754.0,754.0,272.94,673.1764705882352,687.0,53.35,799.5833333333334,721.5,253.77,834.521642857143,780.8299999999999,171.34,1133.8823529411766,1167.0,406.56,2025,4200203.0,Olympiagelände,,
,,477,458,318,6,3,15,282,2,139,2,655.5248226950355,628.0,160.96,551.5,562.5,50.69,655.5,655.5,84.15,562.0,562.0,46.67,741.5215000000001,741.5215000000001,24.95,953.1538461538462,719.0,453.67,2025,4200204.0,Angerburger Allee,,
,,624,523,366,5,19,16,340,11,124,8,719.5470588235294,678.5,218.8,570.0,573.5,95.99,684.5555555555555,680.0,94.52,719.1111111111111,702.0,271.14,852.8456363636363,867.84,84.22,948.8571428571428,881.0,255.73,2025,4200205.0,Flatowallee,,
,,428,388,251,4,7,33,213,3,93,3,686.9859154929577,659.0,191.31,556.75,603.5,133.13,685.0,690.0,44.71,879.3333333333334,763.0,211.09,725.5233333333334,697.7,55.44,1058.090909090909,1006.0,419.83,2025,4200206.0,Kranzallee,,
,,516,458,267,2,26,32,236,4,69,2,762.5593220338983,706.5,234.17,498.0,498.0,72.12,769.8333333333334,754.5,129.01,1120.25,957.0,446.65,1076.67475,869.6015,467.08,1303.5833333333333,1316.0,375.19,2025,4200207.0,Eichkamp,,
,,1416,926,623,7,39,52,538,11,276,10,652.3401486988847,617.0,220.41,434.2,421.0,123.08,590.125,560.5,130.38,785.7692307692307,789.0,129.99,793.8786363636365,804.517,80.53,856.2790697674419,765.0,380.69,2025,4200308.0,Branitzer Platz,,
,,693,647,447,4,17,28,394,3,206,3,662.1852791878173,625.0,196.71,610.5,603.5,29.85,630.8,620.0,152.92,748.0,742.0,17.78,738.3656666666667,741.987,82.48,823.3181818181819,729.0,337.15,2025,4200309.0,Neu Westend,,
,,1258,1163,788,15,41,53,688,8,429,7,618.7354651162791,581.0,193.8,482.7142857142857,469.5,80.52,751.3333333333334,595.0,281.53,873.9166666666666,814.0,320.74,820.1051249999999,835.76,163.03,917.3142857142856,876.0,381.78,2025,4200310.0,Fürstenplatz,,
,,1611,1414,943,13,90,105,807,49,505,40,606.0223048327138,564.0,219.38,467.44444444444446,468.0,107.3,590.5714285714286,557.0,167.18,729.7391304347826,772.0,162.93,796.6131020408163,780.62,119.28,755.8658536585366,667.5,338.48,2025,4200311.0,Königin-Elisabeth-Straße,,
,,1106,807,557,7,40,23,484,18,290,15,631.8760330578513,577.0,245.88,420.5,436.5,95.46,582.9545454545455,589.0,106.91,819.2941176470588,773.0,275.29,753.6986666666666,717.6635,125.55,895.1428571428571,926.0,325.37,2025,4300412.0,Schlossgarten,,
,,1045,972,674,12,30,42,598,3,394,3,583.2240802675585,530.0,204.84,394.77777777777777,413.0,55.8,563.8333333333334,482.5,171.03,694.0,653.5,263.73,740.2330000000001,747.663,59.84,804.4444444444445,653.0,417.76,2025,4300413.0,Klausenerplatz,,
,,1227,1117,747,11,45,64,639,9,436,7,556.8638497652582,498.0,217.77,362.6666666666667,356.0,90.74,603.15,508.0,217.64,669.5454545454545,701.0,237.12,751.6136666666667,678.487,167.98,836.7551020408164,719.0,434.37,2025,4300414.0,Schloßstraße,,
,,964,889,578,11,23,50,515,5,331,5,600.5708737864078,566.0,218.1,401.375,412.5,84.69,615.5,632.0,156.75,825.5,791.0,105.93,688.906,755.56,103.32,804.4545454545455,659.0,387.69,2025,4300415.0,Lietzensee,,
,,1513,1382,900,11,56,75,790,12,602,11,523.032911392405,478.5,188.01,356.6666666666667,339.0,89.66,478.0,459.0,105.71,733.9090909090909,666.0,247.74,628.7996666666667,621.9380000000001,144.02,737.6271186440678,627.0,363.46,2025,4300416.0,Amtsgerichtsplatz,,
,,1506,1403,878,17,51,51,775,9,537,8,589.6593548387096,558.0,192.42,465.4,445.0,93.5,588.5625,567.5,164.63,812.2,682.0,361.77,718.567,695.227,88.65,813.6190476190476,764.5,291.5,2025,4300517.0,Tegeler Weg,,
,,1408,1262,788,9,100,45,687,43,436,40,599.349344978166,578.0,184.51,420.0,415.0,112.93,577.7111111111111,571.0,86.93,674.6976744186046,644.0,123.19,719.8682558139535,697.15,100.17,828.3714285714286,721.0,347.07,2025,4300518.0,Kaiserin-Augusta-Allee,,
,,1065,997,647,5,30,38,592,8,427,7,584.9087837837837,561.5,178.15,419.0,461.0,68.67,553.4666666666667,539.0,87.42,688.5555555555555,653.0,177.58,710.749875,696.8465,115.0,837.875,755.5,314.68,2025,4300619.0,Alt-Lietzow,,
,,591,494,313,1,63,34,276,32,196,30,583.7753623188406,549.0,199.47,281.0,281.0,,545.829268292683,515.0,144.89,645.6969696969697,631.0,121.71,672.9181874999999,645.8420000000001,105.8,684.9310344827586,626.0,303.31,2025,4300620.0,Spreestadt,,
,,1534,1432,970,14,45,56,845,21,602,20,561.010650887574,521.0,187.43,405.75,387.0,65.23,546.2222222222222,494.0,205.92,669.9583333333334,655.5,185.0,730.4162380952381,660.463,341.2,817.8536585365854,818.0,332.32,2025,4300621.0,Richard-Wagner-Straße,,
,,1189,1044,670,6,90,55,581,59,425,53,563.6729776247848,539.0,182.65,499.75,470.5,140.5,570.2678571428571,539.5,172.47,626.8474576271186,601.0,162.95,681.3083389830509,629.3,166.11,817.5208333333334,724.0,317.02,2025,4300622.0,Ernst-Reuter-Platz,,
,,1881,1708,1090,21,81,90,990,18,711,16,562.0979797979797,525.5,190.89,400.375,379.5,129.96,521.5957446808511,498.0,121.22,624.5238095238095,640.0,137.37,700.4652777777778,653.7115,169.34,769.9864864864865,691.5,341.88,2025,4300623.0,Karl-August-Platz,,
,,1222,1152,730,5,31,39,656,8,485,8,560.3963414634146,537.0,172.03,393.0,416.5,123.54,541.7058823529412,531.0,109.3,667.3,604.5,217.23,606.825875,610.6545000000001,83.6,775.6388888888889,752.0,280.56,2025,4300624.0,Savignyplatz,,
,,43,29,22,0,1,13,13,1,6,1,689.2307692307693,639.0,297.11,,,,,,,835.0,835.0,,803.06,803.06,,684.2857142857143,646.0,331.29,2025,4400725.0,Güterbahnhof Grunewald,,
,,781,711,490,9,22,48,428,5,241,4,638.1635514018692,615.5,175.55,471.4285714285714,448.0,106.89,659.8,633.5,89.34,907.4,781.0,196.79,797.8098,757.72,208.22,983.108108108108,919.0,338.18,2025,4400726.0,Bismarckallee,,
,,1283,878,592,10,39,46,527,7,303,7,623.0759013282733,606.0,175.96,515.2857142857143,530.0,104.13,633.6923076923077,619.0,74.95,766.75,741.0,85.37,654.4984285714287,676.013,54.61,900.2051282051282,815.0,357.39,2025,4400727.0,Flinsberger Platz,,
,,337,294,195,6,10,33,175,3,69,0,674.2228571428572,669.0,190.69,561.4,538.0,93.74,893.1666666666666,833.5,226.94,918.3333333333334,952.0,108.49,964.5376666666668,971.97,45.89,1103.0,1081.5,366.58,2025,4400728.0,Hagenplatz,,
,,418,372,249,4,18,28,211,3,58,2,736.8151658767772,716.0,181.47,616.3333333333334,617.0,9.02,757.7777777777778,765.0,44.47,871.3333333333334,900.0,52.27,831.6776666666666,888.02,108.14,985.5,968.0,339.54,2025,4400729.0,Hundekehle,,
,,1136,1056,677,5,41,39,607,17,297,16,663.8072487644151,634.0,185.3,474.75,467.0,68.94,588.2857142857143,584.0,100.3,758.3333333333334,741.0,163.26,771.4887058823529,754.293,112.54,838.09375,808.5,301.39,2025,4400830.0,Forckenbeckstraße,,
,,234,212,137,0,8,14,121,2,46,1,693.2314049586777,682.0,154.17,,,,659.0,659.0,9.9,819.5,819.5,116.67,1013.9315,1013.9315,349.56,1271.0,1231.5,214.48,2025,4400831.0,Messelpark,,
,,844,815,529,6,7,21,484,1,237,1,669.1425619834711,646.0,185.42,546.5,564.5,115.68,634.0,662.0,105.2,792.0,792.0,,861.4,861.4,,937.6666666666666,792.0,368.56,2025,4400832.0,Breite Straße,,
,,644,600,407,10,24,20,370,7,207,7,640.7324324324325,611.0,185.92,434.2,408.5,107.21,640.3571428571429,641.0,66.67,713.0,715.5,78.21,742.4995714285714,763.883,70.43,1101.0666666666666,1030.0,305.67,2025,4400833.0,Schlangenbader Straße,,
,,465,432,295,4,11,20,262,2,166,2,606.2404580152672,568.5,189.19,432.0,456.0,46.86,663.7142857142857,664.0,74.81,1023.0,914.0,221.61,747.9665,747.9665,76.68,999.4,979.0,368.25,2025,4400834.0,Binger Straße,,
,,1085,1025,682,14,14,45,605,5,394,5,604.7752066115703,569.0,173.61,487.45454545454544,521.0,77.54,622.0,585.0,140.56,783.8,637.0,329.76,702.5252,715.456,67.7,905.2068965517242,797.0,375.58,2025,4400835.0,Rüdesheimer Platz,,
,,729,676,468,5,22,31,428,9,310,9,573.6752336448598,530.5,193.08,332.6,367.0,72.18,526.5454545454545,497.0,88.9,645.2222222222222,622.0,82.89,622.6985555555555,608.9,72.49,732.3333333333334,658.5,306.6,2025,4500936.0,Droysenstraße,,
,,1087,1011,680,13,32,43,605,16,442,14,570.4809917355371,540.0,192.09,428.09090909090907,426.0,65.49,554.25,500.5,144.75,614.1764705882352,601.0,100.46,707.2255625,663.8679999999999,134.38,802.7878787878788,724.0,312.96,2025,4500937.0,Halensee,,
,,1058,974,649,9,38,46,602,17,438,13,564.9302325581396,538.0,180.85,379.6666666666667,385.5,81.72,575.7826086956521,544.0,118.01,733.9444444444445,735.0,172.28,754.6015294117648,725.49,209.18,797.1764705882352,732.0,316.04,2025,4500938.0,Hochmeisterplatz,,
,,881,820,537,9,31,30,481,11,377,11,554.8565488565489,532.0,168.79,416.55555555555554,415.0,74.72,518.95,473.5,115.93,634.5,634.5,69.11,661.7577272727272,649.726,78.73,745.2222222222222,666.0,309.62,2025,4500939.0,Eisenzahnstraße,,
,,655,595,404,5,24,35,362,4,258,4,583.207182320442,549.5,184.97,350.0,360.0,76.92,557.6923076923077,510.0,111.42,664.2,657.0,165.35,681.1575,681.8465000000001,174.66,850.375,790.5,367.82,2025,4501040.0,Hindemithplatz,,
,,921,818,531,7,59,44,455,24,330,23,572.767032967033,541.0,169.63,384.75,386.5,60.37,520.7142857142857,503.0,166.54,693.68,610.0,220.82,651.5417916666667,622.8745,128.77,779.8684210526316,711.0,351.82,2025,4501041.0,George-Grosz-Platz,,
,,3741,3407,2060,12,233,100,1790,110,1280,106,569.9156424581006,539.0,189.47,412.44444444444446,425.0,46.91,501.28205128205127,465.0,128.15,634.1100917431193,633.0,166.05,664.8716181818182,649.9884999999999,95.34,686.5301204819277,556.0,366.93,2025,4501042.0,Breitscheidplatz,,
,,1309,1190,768,8,52,66,706,21,535,19,560.9504249291784,533.0,171.43,482.8,463.0,27.77,563.4,524.5,166.23,671.7272727272727,601.0,247.39,677.045857142857,597.273,184.95,756.9803921568628,695.0,347.84,2025,4501043.0,Preußenpark,,
,,759,677,424,8,53,29,387,39,299,36,544.8527131782946,513.0,165.58,352.8,327.0,72.61,482.87179487179486,463.0,107.7,655.125,636.5,143.52,711.1245897435897,655.883,271.28,692.9130434782609,564.0,280.15,2025,4501044.0,Ludwigkirchplatz,,
,,1405,1269,851,9,74,61,762,40,577,37,549.0866141732283,508.5,187.98,387.5,402.5,51.55,464.0344827586207,437.5,115.55,642.6808510638298,665.0,142.3,700.5779500000001,694.3585,110.88,608.0980392156863,553.0,243.59,2025,4501045.0,Schaperstraße,,
,,591,535,335,4,31,25,297,8,227,8,547.8148148148148,520.0,169.99,351.5,351.5,60.1,470.07142857142856,482.0,126.94,581.625,590.0,48.2,629.0970000000001,620.1515,49.38,747.5882352941177,755.0,270.04,2025,4501146.0,Barstraße,,
,,621,563,379,3,23,35,349,7,275,6,522.1518624641834,477.0,197.65,451.5,451.5,58.69,481.625,448.5,154.18,595.7142857142857,588.0,58.29,682.9412857142858,645.296,157.64,854.5454545454545,680.0,451.72,2025,4501147.0,Leon-Jessel-Platz,,
,,786,490,321,7,19,27,287,4,211,4,551.2578397212543,529.0,171.57,381.6,375.0,44.52,459.1428571428572,440.0,56.93,594.25,599.0,105.16,645.69325,610.4350000000001,90.27,689.6818181818181,644.5,228.84,2025,4501148.0,Brabanter Platz,,
,,1239,1117,725,13,50,56,662,29,494,25,554.1737160120846,520.5,182.76,398.9,402.0,77.31,498.8333333333333,481.0,91.48,597.5,544.5,190.55,719.9463103448277,682.033,157.25,692.0652173913044,613.0,336.4,2025,4501149.0,Nikolsburger Platz,,
,,711,665,429,3,23,23,396,5,295,4,546.219696969697,506.5,188.86,394.5,394.5,9.19,581.2307692307693,457.0,391.75,655.4285714285714,670.0,119.61,718.8585999999999,684.513,113.92,792.578947368421,786.0,273.2,2025,4501150.0,Wilhelmsaue,,
,,642,599,407,4,17,25,366,4,279,3,542.0491803278688,509.0,151.22,454.0,454.0,,557.2727272727273,518.0,129.89,673.5,725.5,189.11,796.419,777.525,94.49,787.0434782608696,693.0,380.8,2025,4501151.0,Hildegardstraße,,
,,863,777,498,7,48,38,456,14,349,13,558.4144736842105,527.0,167.56,471.0,468.0,109.7,501.5151515151515,461.0,112.3,627.2352941176471,689.0,179.83,738.2453571428574,718.0595000000001,84.93,701.1724137931035,609.0,320.21,2025,4501152.0,Prager Platz,,
,,972,869,567,10,51,50,512,21,364,20,570.228515625,542.5,170.77,460.0,446.0,161.27,547.6666666666666,524.5,244.35,619.2857142857143,603.0,172.49,658.7908095238095,650.9,146.97,858.05,741.5,366.97,2025,4501153.0,Babelsberger Straße,,
,,1121,1025,683,11,27,64,581,6,180,4,755.843373493976,721.0,225.9,597.7272727272727,612.0,107.17,884.5714285714286,832.5,254.71,901.1428571428572,841.0,337.6,943.1401666666666,880.4655,251.55,1209.2083333333333,1127.0,370.26,2025,5100101.0,Hakenfelde Nord,,
,,536,512,352,4,8,15,311,1,162,1,647.2379421221865,625.0,153.43,650.0,631.0,50.27,721.4,731.0,90.28,1634.0,1634.0,,677.44,677.44,,987.625,830.5,474.91,2025,5100102.0,Am Forstacker,,
,,679,629,407,3,27,23,359,7,198,6,647.5069637883008,615.0,184.49,1075.5,1075.5,849.24,667.5,660.5,165.55,931.3,717.0,393.18,833.1998571428572,836.546,142.73,996.7692307692308,803.0,376.35,2025,5100103.0,Mertensstraße,,
,,1163,1098,759,15,35,29,675,17,450,12,610.8148148148148,583.0,183.08,440.2307692307692,442.0,110.48,658.7931034482758,642.0,133.98,699.7058823529412,680.0,117.45,810.8876470588235,817.264,140.65,1161.888888888889,1107.0,440.02,2025,5100104.0,Maselake,,
,,867,809,568,10,18,37,490,3,296,3,621.7448979591836,593.5,189.85,554.0,555.5,37.1,674.0,644.0,116.35,716.6666666666666,694.0,114.69,794.7856666666667,845.307,130.05,1077.5,968.0,433.22,2025,5100105.0,Amorbacher Weg,,
,,1052,580,381,4,30,35,325,18,191,5,645.7353846153846,588.0,246.93,575.0,575.0,195.16,795.6428571428571,789.0,116.3,874.0,830.5,156.43,1012.6541666666666,970.767,160.83,1033.2941176470588,1054.0,481.18,2025,5100206.0,Griesingerstraße,,
,,246,230,170,3,7,9,141,2,58,0,677.6666666666666,676.0,212.82,396.5,396.5,60.1,736.0,836.0,183.7,904.3333333333334,910.0,94.63,1056.8985,1056.8985,35.89,1179.0,1179.0,,2025,5100207.0,An der Tränke,,
,,1585,1449,973,18,49,87,797,14,454,7,631.4516938519448,601.0,181.71,502.09090909090907,460.0,90.69,772.2142857142857,740.5,186.07,883.2941176470588,779.0,283.85,935.6465,873.172,210.26,1052.0625,963.0,379.77,2025,5100208.0,Im Spektefeld,,
,,1450,1347,907,10,41,62,788,8,460,7,628.3159898477157,605.0,175.81,498.6666666666667,483.0,59.59,742.0333333333333,651.0,302.26,787.125,806.5,101.73,860.310875,821.01,188.44,865.8541666666666,824.0,307.52,2025,5100209.0,Westerwaldstraße,,
,,892,819,550,5,33,40,476,8,321,7,592.9285714285714,572.0,175.85,486.0,474.0,84.62,628.2692307692307,623.5,100.87,725.9,701.5,116.7,736.982375,713.625,104.5,962.53125,770.5,420.22,2025,5100210.0,Germersheimer Platz,,
,,827,780,523,9,20,27,426,5,278,4,608.3262910798122,583.0,176.74,560.1428571428571,562.0,78.81,610.4,580.0,100.27,719.5,708.0,117.62,839.8340000000001,759.677,184.34,954.1764705882352,979.0,392.61,2025,5100211.0,An der Kappe,,
,,448,430,286,12,10,8,255,0,170,0,585.3019607843137,540.0,215.8,452.625,425.0,75.09,589.0,619.0,140.14,,,,,,,961.5714285714286,720.0,471.38,2025,5100312.0,Eckschanze,,
,,1423,1329,910,17,33,59,810,15,597,14,552.1666666666666,498.5,209.15,373.75,385.5,61.55,664.2592592592592,598.0,212.45,716.6666666666666,705.5,124.64,750.3290666666667,733.39,116.46,871.1282051282051,718.0,410.67,2025,5100313.0,Eiswerder,,
,,1183,788,524,7,63,49,450,21,344,16,516.7333333333333,465.0,192.21,373.0,348.0,60.51,559.5384615384615,511.0,182.15,600.1612903225806,579.0,166.46,761.4904761904761,688.7,200.24,866.0487804878048,654.0,469.84,2025,5100314.0,Kurstraße,,
,,894,841,586,3,21,32,504,7,382,7,536.9960317460317,500.0,183.95,412.0,412.0,107.48,582.8823529411765,551.0,174.96,624.0,548.0,158.1,614.1304285714285,598.433,68.02,1087.4,945.0,516.76,2025,5100315.0,Ackerstraße,,
,,2672,2490,1590,19,86,95,1375,13,1072,12,555.0894545454546,532.0,174.71,439.8333333333333,446.5,90.57,590.3333333333334,602.0,132.72,674.5,614.5,183.13,703.0727692307693,670.89,131.79,856.2424242424242,754.0,372.19,2025,5100316.0,Carl-Schurz-Straße,,
,,987,868,506,9,74,45,446,27,333,24,576.8094170403588,552.5,177.72,476.6666666666667,481.0,84.64,599.709090909091,549.0,198.53,637.6,561.0,223.24,740.2881111111112,711.504,153.32,764.6428571428571,651.0,330.68,2025,5100317.0,Freiheit,,
,,220,196,131,1,5,18,112,0,34,0,737.3482142857143,730.5,183.36,,,,539.0,539.0,21.21,1100.0,1100.0,,,,,994.6,985.0,243.28,2025,5200418.0,Isenburger Weg,,
,,191,179,123,4,1,9,99,0,46,0,619.6868686868687,654.0,198.83,639.5,639.5,41.72,581.0,581.0,,,,,,,,691.0,837.0,487.68,2025,5200419.0,Am Heideberg,,
,,708,631,423,7,33,44,367,18,228,13,610.8283378746594,596.0,154.8,524.0,532.0,82.36,674.5714285714286,639.5,231.58,740.35,734.5,113.94,798.200111111111,779.1535,118.4,1025.9642857142858,929.5,359.85,2025,5200420.0,Staakener Straße,,
,,573,508,337,7,48,17,285,23,97,9,720.2701754385965,687.0,201.94,672.6,651.0,119.09,743.7105263157895,744.0,144.95,866.1944444444445,811.0,190.61,949.0232173913045,912.704,163.8,1322.0,1507.0,491.05,2025,5200421.0,Spandauer Straße,,
,,212,189,126,3,14,9,109,5,36,0,734.4678899082569,699.0,204.03,509.0,601.0,207.87,1055.875,863.5,412.0,847.6666666666666,853.5,170.47,1128.0022,1062.21,216.81,1166.2,1069.0,496.2,2025,5200422.0,Werkstraße,,
,,1060,1017,708,5,14,29,578,7,239,5,688.9377162629758,666.5,186.06,641.6666666666666,602.0,122.42,748.6666666666666,737.0,103.33,729.375,730.5,69.97,838.0125714285714,789.287,103.28,971.3157894736842,931.0,373.57,2025,5200423.0,Magistratsweg,,
,,336,310,225,1,5,21,193,2,53,1,742.139896373057,699.0,198.78,719.0,719.0,,692.0,692.0,55.15,734.0,734.0,,957.06,957.06,157.21,1082.9,1130.0,307.76,2025,5200524.0,Döberitzer Weg,,
,,322,306,201,5,10,5,176,2,47,1,759.9204545454545,701.0,229.87,583.6666666666666,583.0,65.0,877.125,750.0,415.34,857.6666666666666,898.0,105.45,888.2495,888.2495,69.42,1050.5,1050.5,269.41,2025,5200525.0,Pillnitzer Weg,,
,,789,729,497,7,30,30,420,11,174,3,694.1857142857143,655.0,187.52,583.25,559.5,168.24,748.1764705882352,702.0,221.15,891.8461538461538,762.0,340.6,1024.3705454545454,1025.053,184.04,899.7727272727273,815.5,236.75,2025,5200526.0,Rudolf-Wissell-Großsiedlung,,
,,1869,1690,1121,15,89,89,1010,28,568,24,654.090099009901,607.5,210.88,531.6153846153846,555.0,88.54,671.5,602.5,236.6,685.75,591.0,230.08,797.0115357142857,775.0085,155.3,999.1384615384616,853.0,433.6,2025,5200527.0,Maulbeerallee,,
,,1003,947,677,6,21,35,574,6,316,3,645.8501742160279,610.5,190.94,529.2,495.0,106.71,609.9,614.5,96.43,593.6666666666666,598.0,44.75,896.1559999999998,860.175,145.96,848.9047619047619,687.0,415.44,2025,5200528.0,Weinmeisterhornweg,,
,,2524,2388,1533,24,65,69,1347,15,1053,12,550.5760950259837,526.0,180.58,456.3809523809524,439.0,93.65,563.9565217391304,547.0,117.05,634.875,575.0,204.57,794.1944666666665,802.633,224.3,752.9347826086956,637.5,323.13,2025,5200629.0,Borkumer Straße,,
,,1387,1320,882,7,27,39,787,5,610,3,531.3392630241423,471.0,192.63,418.8,395.0,64.15,467.27272727272725,423.0,115.07,766.5714285714286,738.0,431.0,854.9154000000001,749.377,246.78,852.0370370370371,532.0,551.92,2025,5200630.0,Wilhelmstadt West,,
,,1112,1039,687,17,37,34,601,3,480,3,514.53078202995,456.0,209.0,411.8333333333333,395.5,82.8,445.11538461538464,423.0,92.98,593.0,523.5,233.5,718.6700000000001,702.553,49.18,578.6071428571429,475.0,358.78,2025,5200631.0,Wilhelmstadt Ost,,
,,567,513,345,4,12,40,299,0,220,0,568.9364548494983,536.0,161.59,437.5,444.5,72.07,512.5,514.5,224.24,,,,,,,836.0909090909091,638.0,491.46,2025,5200632.0,Tiefwerder,,
,,462,432,299,3,8,22,263,2,209,2,544.3041825095057,503.0,170.35,430.5,430.5,53.03,534.8333333333334,515.5,97.5,480.5,480.5,70.0,712.4395,712.4395,194.83,851.6666666666666,726.0,501.3,2025,5200633.0,Graetschelsteig,,
,,668,607,366,5,21,40,321,10,220,9,593.5981308411215,559.0,180.16,497.0,497.0,63.64,593.8181818181819,556.0,153.71,640.1666666666666,600.0,138.79,832.3709999999999,816.9415,121.33,918.2083333333334,715.0,486.17,2025,5200634.0,Börnicker Straße,,
,,314,282,193,3,14,18,171,4,89,3,673.5380116959064,635.0,200.26,411.0,411.0,,709.7272727272727,681.0,77.96,930.2,861.0,190.9,868.194,792.308,238.09,1085.6666666666667,1126.0,162.93,2025,5300735.0,Haveleck,,
,,770,675,416,1,52,42,375,19,235,9,616.2986666666667,574.0,200.19,655.0,655.0,,720.3823529411765,710.0,139.88,790.2857142857143,734.0,204.19,878.6045789473685,932.05,208.87,1057.5,1032.0,350.87,2025,5300736.0,Zitadellenweg,,
,,1519,1435,963,10,39,44,838,7,432,5,636.4486873508354,626.5,224.52,505.8,500.0,171.89,754.0869565217391,740.0,101.29,801.875,810.5,70.61,840.8238571428572,807.03,119.81,1023.7931034482758,1041.0,373.95,2025,5300737.0,Gartenfelder Straße,,
,,48,33,21,0,10,5,20,6,11,2,661.5,620.0,293.42,,,,924.8888888888888,886.0,296.77,900.6666666666666,931.5,105.61,1029.5168333333334,1074.112,137.52,1089.0,904.0,355.7,2025,5300838.0,Gartenfeld,,
,,945,855,545,8,45,44,485,9,273,7,641.5649484536083,612.0,178.36,508.7142857142857,457.0,101.6,744.9166666666666,688.0,233.08,887.5714285714286,834.0,250.09,804.7933333333333,801.104,88.98,1008.7222222222222,869.0,374.47,2025,5300839.0,Rohrdamm,,
,,393,328,208,0,43,21,185,30,94,26,647.1081081081081,627.0,243.78,,,,710.2903225806451,701.0,156.11,814.4193548387096,816.0,125.77,829.6080666666668,819.733,101.98,956.2352941176472,873.0,336.97,2025,5300840.0,Nonnendammallee,,
,,600,544,346,7,29,27,314,12,197,10,606.3089171974523,586.5,163.43,476.0,481.0,59.37,655.5333333333333,628.0,131.91,747.2,714.5,98.94,744.5305833333333,719.005,102.22,1029.8333333333333,963.5,328.02,2025,5300841.0,Siemensdamm,,
,,745,497,314,6,13,28,236,4,105,2,706.792372881356,655.5,239.72,392.0,392.0,,758.6666666666666,847.0,215.53,911.5,914.5,22.01,924.43175,935.5,81.93,834.2857142857143,824.0,206.28,2025,5400942.0,Alt-Gatow,,
,,780,709,485,10,14,55,363,2,234,1,632.8650137741047,567.0,248.4,487.0,457.0,152.23,955.8571428571428,860.0,351.32,886.0,886.0,,890.4884999999999,890.4884999999999,43.87,963.08,1022.0,312.37,2025,5400943.0,Jägerallee,,
,,325,292,202,5,6,25,162,1,111,0,612.2654320987655,495.5,303.58,306.0,306.0,,615.0,615.0,,,,,980.563,980.563,,889.7142857142857,935.0,188.18,2025,5400944.0,Kladower Damm,,
,,369,345,235,8,4,20,172,2,103,0,664.1802325581396,593.5,249.85,467.25,473.5,52.37,731.5,731.5,78.49,,,,1684.608,1684.608,571.38,660.1,814.5,458.95,2025,5400945.0,Kafkastraße,,
,,1052,1005,648,10,22,25,567,0,329,0,630.1851851851852,601.0,198.41,452.0,458.0,78.04,613.0,500.0,339.67,,,,,,,1126.428571428571,1217.5,345.14,2025,6100101.0,Fichtenberg,,
,,1489,1358,870,11,73,58,747,2,475,2,600.2516733601071,563.0,196.86,416.57142857142856,390.0,37.05,513.9642857142857,488.5,94.17,842.5,842.5,170.41,813.5519999999999,813.5519999999999,92.37,845.9090909090909,762.0,353.65,2025,6100102.0,Schloßstraße,,
,,1032,922,565,7,73,37,489,16,322,14,599.9652351738241,570.0,172.25,355.0,318.0,85.71,617.9166666666666,539.0,233.78,714.0588235294117,718.0,111.86,814.140125,755.7845,222.62,926.9642857142856,921.0,303.64,2025,6100103.0,Markelstraße,,
,,653,626,410,7,16,11,364,2,225,0,614.5576923076923,591.0,180.15,440.5,396.5,167.79,602.4,540.5,182.52,1027.5,1027.5,96.87,1169.075,1169.075,376.33,995.0,1100.0,361.04,2025,6100204.0,Munsterdamm,,
,,931,870,600,8,18,43,521,3,347,3,586.0230326295585,565.0,177.16,472.8571428571428,489.0,76.91,577.0,526.0,178.34,736.0,738.5,126.78,769.9353333333333,772.143,116.84,920.7,800.0,391.67,2025,6100205.0,Südende,,
,,1016,960,655,11,20,35,574,3,346,2,605.322299651568,583.5,192.03,430.22222222222223,403.0,113.37,566.2222222222222,524.0,106.91,659.0,646.0,52.72,780.0243333333334,711.173,233.12,948.48,937.0,401.21,2025,6100206.0,Stadtpark,,
,,837,767,512,8,27,43,435,5,280,4,595.1218390804597,573.0,191.67,431.0,407.0,76.86,608.9411764705883,538.0,283.78,620.2,664.0,122.58,813.0283999999999,771.93,74.56,1006.9375,1041.5,438.58,2025,6100207.0,Mittelstraße,,
,,730,674,438,4,28,28,370,5,237,5,568.9945945945946,552.0,193.98,398.6666666666667,364.0,145.14,505.6190476190476,472.0,125.94,734.5714285714286,740.0,303.66,716.3058000000001,709.243,29.57,947.0454545454544,970.0,502.62,2025,6100208.0,Bergstraße,,
,,910,841,579,7,24,44,513,4,357,4,579.4366471734893,551.0,181.83,440.6666666666667,430.5,88.06,467.8888888888889,474.0,46.16,700.3333333333334,725.5,67.52,713.1450000000001,721.875,33.77,723.8928571428571,573.5,386.97,2025,6100209.0,Feuerbachstraße,,
,,584,554,373,8,12,17,334,3,246,3,559.8622754491018,530.5,166.91,411.4,377.0,72.57,513.4444444444445,484.0,86.31,737.0,735.0,78.02,739.4229999999999,734.723,74.37,856.7142857142857,773.0,403.5,2025,6100210.0,Bismarckstraße,,
,,633,608,399,4,10,15,365,1,200,1,636.9041095890411,613.0,156.24,435.6666666666667,380.0,108.77,637.6,639.0,67.47,,,,833.867,833.867,,1229.0,963.0,468.54,2025,6200311.0,Alt-Lankwitz,,
,,821,780,510,14,15,26,434,2,248,1,630.7465437788019,600.5,183.5,518.4444444444445,536.0,136.76,564.4545454545455,607.0,117.76,972.6666666666666,994.0,137.25,901.9135,901.9135,77.67,948.1764705882352,866.0,404.38,2025,6200312.0,Komponistenviertel Lankwitz,,
,,998,945,628,9,21,32,540,5,346,5,608.7314814814815,586.0,174.76,556.5,532.5,130.69,615.6923076923077,612.0,64.43,767.25,747.5,82.53,674.1899999999999,686.71,150.12,1137.5882352941176,922.0,495.19,2025,6200313.0,Lankwitz Kirche,,
,,779,734,481,10,18,27,422,1,282,0,600.8601895734597,576.0,155.34,498.0,465.5,125.79,667.2222222222222,580.0,191.06,823.5,823.5,202.94,1117.914,1117.914,,843.0,793.0,330.02,2025,6200314.0,Kaiser-Wilhelm-Straße,,
,,1190,877,599,13,27,24,532,7,291,7,635.5545112781955,617.0,200.2,530.0,515.0,83.42,716.5,678.0,132.68,734.0,773.0,156.4,798.57,792.823,46.8,936.2941176470588,896.0,338.52,2025,6200315.0,Gallwitzallee,,
,,937,890,618,11,28,19,568,5,349,4,620.2271126760563,582.0,183.49,458.3,439.5,65.07,755.6666666666666,657.5,309.83,834.0,728.0,266.52,860.5904,798.573,158.79,1078.0,906.0,562.4,2025,6200316.0,Belßstraße,,
,,586,557,381,3,10,19,335,0,185,0,634.8805970149253,607.0,201.61,637.0,637.0,,805.2,748.0,194.14,901.0,901.0,,,,,996.6666666666666,914.0,392.33,2025,6200317.0,Lankwitz Süd,,
,,1,1,1,0,0,0,1,0,0,0,622.0,622.0,,,,,,,,,,,,,,,,,2025,6200418.0,Landweg,,
,,587,534,359,5,24,29,326,2,100,2,742.0521472392638,717.5,210.62,619.5,619.5,99.7,678.6363636363636,663.0,150.71,982.0,986.0,85.07,870.508,870.508,38.02,842.2727272727273,783.5,310.02,2025,6200419.0,Thermometersiedlung,,
,,987,932,608,10,17,36,541,1,203,1,717.8706099815157,697.0,211.98,573.0,566.5,83.78,710.6666666666666,646.0,267.4,890.5,890.5,180.31,762.897,762.897,,931.9130434782608,751.0,442.01,2025,6200420.0,Lichterfelde Süd,,
,,1262,1011,686,12,32,43,580,7,384,7,589.9241379310345,547.0,201.11,455.6666666666667,464.0,89.61,609.7333333333333,471.0,319.17,784.375,719.5,111.99,770.2714285714285,798.75,128.76,895.7,653.0,562.28,2025,6200421.0,Königsberger Straße,,
,,966,878,600,7,40,48,513,10,313,10,615.1364522417153,579.0,189.65,503.5,506.0,44.76,614.9583333333334,567.0,136.76,763.8,763.5,99.8,801.1274999999999,803.3015,67.76,770.421052631579,623.0,352.14,2025,6200422.0,Oberhofer Platz,,
,,1242,1167,816,21,49,26,724,5,259,3,718.1270718232045,680.5,195.79,568.5,566.0,135.92,739.5833333333334,682.5,236.23,820.1666666666666,779.0,145.1,965.4706,888.79,198.81,866.5,711.0,411.4,2025,6200423.0,Schütte-Lanz-Straße,,
,,590,536,346,3,25,29,310,7,151,6,673.1645161290322,633.0,167.56,514.6666666666666,513.0,126.51,697.4666666666667,613.0,263.76,695.7777777777778,682.0,134.99,801.5298571428572,789.586,82.45,1017.0,976.0,321.67,2025,6300524.0,Berlepschstraße,,
,,763,730,503,6,15,17,441,6,83,3,773.3945578231293,737.0,175.07,589.4,576.0,68.54,656.4285714285714,669.0,122.17,815.1666666666666,734.5,174.22,904.5961666666666,878.76,134.76,1170.3076923076924,1112.0,380.76,2025,6300525.0,Zehlendorf Süd,,
,,739,684,429,5,19,36,371,5,248,5,589.1374663072776,515.0,232.94,424.6666666666667,473.0,138.95,608.2307692307693,578.0,206.93,532.25,521.5,77.28,716.9418,694.44,50.57,856.8333333333334,729.0,497.89,2025,6300526.0,Zehlendorf Mitte,,
,,870,814,528,6,20,36,476,1,311,1,595.7205882352941,545.0,194.0,477.2,415.0,195.51,566.2307692307693,519.0,178.9,480.5,480.5,55.86,648.34,648.34,,751.0344827586207,617.0,478.06,2025,6300527.0,Sundgauer Straße,,
,,1751,1382,936,12,32,35,833,13,390,8,688.8415366146459,642.0,213.79,539.6,527.0,115.83,679.2380952380952,639.0,203.22,688.8823529411765,646.0,189.04,911.091,808.883,226.79,937.904761904762,790.0,419.77,2025,6300528.0,Teltower Damm,,
,,703,660,438,14,18,24,379,1,212,1,643.395778364116,612.0,190.6,521.2222222222222,496.0,68.42,576.1111111111111,586.0,74.26,665.0,665.0,,636.76,636.76,,964.7333333333332,727.0,444.39,2025,6300629.0,Botanischer Garten,,
,,958,557,367,5,49,30,326,29,188,21,632.3098159509202,604.0,182.74,662.0,662.0,82.02,616.0512820512821,594.0,120.54,840.7307692307693,866.0,170.62,825.8341379310347,827.2,99.7,960.3,883.0,366.68,2025,6300630.0,Hindenburgdamm,,
,,454,420,273,3,16,18,249,9,108,5,686.1084337349398,657.0,181.01,516.6666666666666,491.0,80.62,700.3,668.0,116.34,811.1666666666666,764.0,126.29,867.7187777777777,837.624,123.39,1021.8333333333334,806.0,494.9,2025,6300631.0,Goerzwerke,,
,,1254,1174,771,13,47,33,688,17,350,11,678.5741279069767,635.5,207.35,453.7142857142857,438.0,115.5,653.5,618.5,150.56,765.6470588235294,708.0,154.38,830.7008235294118,807.28,164.35,870.0909090909091,741.5,429.28,2025,6300632.0,Schweizer Viertel,,
,,1146,1064,702,12,40,42,619,6,379,4,632.140549273021,597.0,202.4,509.5,508.5,81.09,556.0,527.5,85.14,739.875,723.5,96.06,960.3036666666668,779.6595,459.68,985.0384615384615,802.0,415.69,2025,6300633.0,Augustaplatz,,
,,924,885,568,6,16,23,527,4,290,4,654.1840607210626,622.0,185.97,489.5,474.0,52.91,567.5454545454545,590.0,105.36,795.0,795.0,140.01,729.6364999999998,753.8245,63.11,735.5,621.5,393.94,2025,6300634.0,Lichterfelde West,,
,,1486,1365,887,20,41,75,692,11,335,0,695.0953757225434,643.5,234.98,647.3333333333334,707.5,203.61,680.3333333333334,685.0,146.19,1054.8181818181818,1076.0,117.69,1139.576272727273,1102.507,157.11,1072.4489795918366,1052.0,357.26,2025,6400735.0,Wannsee,,
,,795,733,481,9,21,26,421,6,170,2,721.8622327790974,666.0,222.93,554.6666666666666,556.5,66.43,678.9230769230769,600.0,200.83,966.1666666666666,915.5,247.03,1088.1996666666666,1058.1815,335.59,878.9411764705883,911.0,461.14,2025,6400736.0,Düppel,,
,,1550,1297,831,11,66,80,697,12,398,9,659.3084648493543,598.0,229.65,527.0,547.0,57.13,700.5666666666667,626.0,213.3,825.0,819.0,202.17,836.57125,833.7415000000001,180.6,904.5625,797.5,404.02,2025,6400737.0,Nikolassee,,
,,881,674,422,6,22,38,367,1,143,1,710.550408719346,673.0,190.57,575.4,584.0,94.42,693.0833333333334,679.0,120.05,860.0,860.0,,667.897,667.897,,1078.4761904761904,874.0,417.46,2025,6400838.0,Krumme Lanke,,
,,736,685,444,7,18,32,400,2,217,1,657.46,612.0,218.16,527.6666666666666,503.0,112.4,674.2727272727273,598.0,233.24,996.6666666666666,602.0,709.72,799.937,799.937,169.68,911.9090909090908,729.5,448.56,2025,6400839.0,Fischerhüttenstraße,,
,,597,558,386,9,12,27,345,3,190,1,665.2753623188406,602.0,208.63,483.4285714285714,479.0,61.75,734.1428571428571,733.0,129.45,931.0,1018.0,384.95,908.2253333333332,918.863,72.88,975.2380952380952,714.0,471.44,2025,6400840.0,Fischtal,,
,,807,766,509,8,17,24,456,4,303,4,582.1271929824561,507.5,224.53,316.8,325.0,69.05,504.0,506.5,104.36,562.6666666666666,544.0,117.56,705.44975,672.528,100.49,868.6315789473684,584.0,507.04,2025,6400841.0,Zehlendorf Eiche,,
,,567,521,333,2,18,28,301,5,151,4,684.5182724252492,624.0,193.48,491.0,491.0,,714.75,627.0,222.41,780.5,755.0,274.64,848.78,836.127,152.91,1062.1,865.5,456.37,2025,6400842.0,Hüttenweg,,
,,471,410,259,3,32,29,230,10,130,8,642.2434782608696,605.0,176.43,521.3333333333334,520.0,19.04,749.6190476190476,683.0,264.82,725.7,676.0,143.78,811.1270999999999,784.8115,84.1,976.3333333333334,802.0,409.17,2025,6400843.0,Thielallee,,
,,899,818,563,7,31,48,492,9,209,8,680.989837398374,659.5,179.73,537.6,545.0,59.51,622.2173913043479,646.0,144.8,812.7272727272727,755.0,199.26,776.8266666666666,762.97,88.23,939.2,801.0,367.42,2025,6400844.0,Dahlem,,
,,1801,1674,1071,23,57,68,958,27,667,25,579.1054279749478,551.5,183.52,420.2105263157895,419.0,69.71,538.7777777777778,521.5,138.87,605.8888888888889,628.0,143.68,680.2375555555554,627.413,121.79,708.9821428571429,615.5,271.28,2025,7100101.0,Wittenbergplatz,,
,,1614,1454,917,11,71,87,822,31,562,30,591.1228710462287,570.0,172.08,490.125,501.5,61.02,537.1219512195122,530.0,84.77,699.8125,688.0,173.81,710.5760645161288,684.163,121.12,741.439393939394,656.0,282.94,2025,7100102.0,Kalckreuthstraße,,
,,1178,1072,694,11,44,60,613,19,436,17,575.8450244698206,552.0,169.27,449.0,441.0,63.37,596.2857142857143,579.5,107.89,586.1904761904761,582.0,114.85,705.8495789473684,683.467,99.07,841.34,820.5,286.63,2025,7100103.0,Frobenstraße,,
,,830,747,482,7,38,44,445,9,326,9,568.4044943820224,541.0,161.35,488.0,489.0,118.85,559.9545454545455,545.5,122.98,613.5555555555555,578.0,93.53,660.1686666666667,641.83,69.53,819.7352941176471,787.5,280.86,2025,7100204.0,Barbarossaplatz,,
,,812,712,461,8,43,55,404,12,278,12,582.3712871287129,558.5,174.36,483.6666666666667,464.5,114.02,578.5,566.0,121.01,572.6,568.5,72.56,710.8004166666666,778.4915,144.24,805.6304347826087,733.5,315.7,2025,7100205.0,Alvenslebenstraße,,
,,982,891,575,10,51,40,514,8,360,8,583.5194552529183,560.5,165.07,479.4,433.0,79.4,586.8965517241379,569.0,144.04,675.0833333333334,686.0,156.95,705.286375,690.707,81.1,829.1212121212121,776.0,336.73,2025,7100206.0,Großgörschenstraße,,
,,1068,1000,658,12,29,38,581,3,435,3,572.0757314974182,544.0,175.29,389.9,391.5,98.14,545.9,532.0,67.3,596.8571428571429,582.0,200.82,673.8343333333333,614.0840000000001,175.56,816.75,727.0,330.5,2025,7200307.0,Bayerischer Platz,,
,,1375,1227,782,13,75,70,710,28,532,26,557.5549295774648,525.0,181.27,417.6,427.0,96.48,529.9069767441861,506.0,131.19,649.36,644.0,131.08,688.7065000000002,678.0455,123.08,775.2884615384615,745.5,306.22,2025,7200308.0,Volkspark (Rudolph-Wilde-Park),,
,,1094,989,625,9,62,40,562,11,446,10,528.5925266903914,500.5,170.1,348.8888888888889,344.0,35.55,504.3235294117647,475.0,88.13,844.1818181818181,741.0,331.04,708.9518181818181,693.85,147.3,778.25,722.0,282.33,2025,7200409.0,Belziger Straße,,
,,962,880,565,8,40,41,519,13,402,12,512.6917148362235,459.0,218.16,401.7142857142857,380.0,83.46,479.0416666666667,443.0,110.56,717.8333333333334,625.5,385.76,1328.2335384615387,656.483,2357.12,771.7941176470588,762.0,344.36,2025,7200410.0,Feurigstraße,,
,,405,366,233,2,21,18,203,3,165,2,531.4334975369458,492.0,211.19,459.0,459.0,50.91,589.875,542.5,190.96,451.0,446.0,21.93,811.9886666666666,729.61,152.47,944.3571428571428,1027.0,417.34,2025,7200411.0,Julius-Leber-Brücke,,
,,374,353,228,3,6,15,210,2,159,2,561.0666666666667,536.5,167.7,391.6666666666667,387.0,84.1,578.8,587.0,72.54,630.5,630.5,102.53,652.808,652.808,102.03,987.5833333333334,1112.5,451.89,2025,7200412.0,Schöneberger Linse,,
,,1160,1050,650,6,55,55,599,30,409,28,582.6677796327212,550.0,171.74,395.5,373.0,98.51,580.6190476190476,544.5,126.19,689.15625,661.0,136.57,712.9114666666668,695.3405,101.43,879.7179487179487,753.0,333.16,2025,7200413.0,Cheruskerstraße,,
,,310,270,176,6,20,20,161,3,117,3,570.7267080745341,528.0,208.6,392.5,408.5,30.77,574.3333333333334,491.0,150.36,664.75,685.0,142.27,727.7399999999999,769.857,111.18,806.7222222222222,825.0,272.78,2025,7200414.0,Hohenfriedbergstraße,,
,,521,474,319,3,19,27,289,6,196,6,574.3702422145328,554.0,178.44,436.0,436.0,,578.5555555555555,576.0,74.83,833.1428571428571,713.0,392.99,722.0786666666667,709.91,99.44,971.3888888888888,912.5,358.69,2025,7300515.0,Taunusstraße,,
,,875,806,520,7,44,24,473,9,333,7,580.8858350951374,550.0,184.56,413.6,385.0,111.39,607.0,593.0,115.95,727.8,662.5,130.11,790.2410000000001,787.623,114.94,885.1176470588235,837.0,372.81,2025,7300516.0,Odenwaldstraße,,
,,1098,1010,641,7,48,39,565,19,373,19,594.1592920353983,559.0,190.0,482.25,474.5,26.34,612.4137931034483,563.0,181.37,674.2727272727273,640.0,138.25,698.4872631578947,711.484,99.85,945.5862068965516,901.0,358.54,2025,7300517.0,Perelsplatz,,
,,782,739,481,7,18,24,429,2,285,1,601.8065268065268,573.0,182.33,542.1428571428571,468.0,196.37,652.6,583.5,169.81,1048.0,1048.0,,855.6265000000001,855.6265000000001,254.37,751.25,709.0,237.89,2025,7300618.0,Ceciliengärten,,
,,1945,1200,765,8,67,78,671,29,443,26,596.7824143070045,573.0,188.94,409.8571428571428,407.0,30.35,585.2608695652174,557.0,147.74,671.7096774193549,663.0,158.95,752.7668965517245,725.676,174.54,895.3703703703703,761.0,371.85,2025,7300619.0,Grazer Platz,,
,,2159,1511,947,13,55,59,849,11,563,10,595.73851590106,561.0,195.23,442.1818181818182,415.0,71.6,574.5,548.0,121.31,723.4166666666666,648.0,322.2,769.0189090909091,755.934,89.53,878.1025641025641,759.0,399.84,2025,7400720.0,Gontermannstraße,,
,,1109,997,559,5,72,39,512,18,295,17,626.794921875,597.0,208.66,449.4,438.0,73.3,673.5925925925926,620.0,266.5,693.9375,677.5,86.37,708.9533333333334,686.38,92.81,832.8,795.0,377.53,2025,7400721.0,Paradestraße,,
,,569,497,320,4,48,24,294,13,197,8,597.2823129251701,568.0,161.47,522.0,481.5,238.8,599.3421052631579,554.0,156.11,714.1666666666666,704.5,122.74,842.4832307692309,744.657,200.09,1009.818181818182,844.0,469.49,2025,7400822.0,Lindenhofsiedlung,,
,,1109,1043,704,18,27,38,622,3,423,2,570.7202572347267,542.5,186.51,480.6428571428572,469.0,173.08,556.4736842105264,516.0,118.44,710.75,688.0,100.35,778.857,642.147,250.78,842.0,673.0,398.77,2025,7400823.0,Wittekindstraße,,
,,1035,966,622,9,30,38,542,7,398,7,535.0516605166051,500.0,202.79,279.25,295.0,100.7,565.9375,441.5,254.39,669.375,684.5,154.86,716.6984285714286,693.013,84.43,875.7407407407408,626.0,472.97,2025,7400824.0,Bosepark,,
,,736,685,468,5,28,23,428,8,312,8,559.5443925233645,520.0,167.42,533.5,533.5,67.18,513.3684210526316,484.0,81.04,630.4,636.5,113.05,643.2645,646.2015,46.97,1131.5238095238096,1202.0,461.21,2025,7400825.0,Friedrich-Karl-Straße,,
,,732,692,467,9,18,22,421,4,297,4,580.0973871733967,557.0,171.31,517.5714285714286,554.0,105.41,609.0,603.0,76.31,637.5,615.0,74.89,714.123,748.9855,88.37,874.1176470588235,684.0,427.27,2025,7400826.0,Marienhöhe,,
,,2357,2104,1369,27,109,97,1228,40,836,34,576.242671009772,537.0,206.85,442.72222222222223,441.5,120.82,590.6944444444445,558.0,160.3,681.9583333333334,652.0,140.59,767.74835,732.3599999999999,164.2,951.6111111111112,886.5,399.56,2025,7400927.0,Rathaus Tempelhof,,
,,503,460,316,3,19,24,283,1,203,1,593.0848056537102,562.0,176.58,347.5,347.5,21.92,570.8888888888889,537.0,85.13,715.0,715.0,63.64,668.363,668.363,,1055.0,1047.0,399.43,2025,7400928.0,Germaniagarten,,
,,1034,980,672,10,32,21,600,8,419,6,571.6216666666667,538.0,197.16,478.3,484.5,62.18,638.76,568.0,140.76,770.75,750.0,110.14,834.7958750000001,810.3985,172.47,819.6428571428571,654.5,384.44,2025,7501029.0,Ringstraße,,
,,1391,1321,890,15,34,36,812,8,602,8,559.4704433497537,533.5,191.18,423.8571428571428,445.5,121.12,595.1875,575.5,123.32,638.5,659.5,91.08,717.4773749999999,739.2049999999999,105.69,884.7241379310345,667.0,448.13,2025,7501030.0,Machonstraße,,
,,1222,1165,768,20,24,32,680,6,441,5,613.9926470588235,581.5,190.91,486.27777777777777,503.0,64.94,668.4166666666666,602.5,155.32,695.0,698.5,88.22,813.4694999999998,832.1385,89.99,1078.0434782608695,978.0,460.69,2025,7501031.0,Eisenacher Straße,,
,,598,566,379,7,16,16,337,3,160,3,674.9258160237389,648.0,180.3,544.8,521.0,76.62,789.7777777777778,736.0,211.8,845.25,840.5,65.56,810.1913333333333,821.504,52.7,1004.75,810.5,431.06,2025,7501032.0,Imbrosweg,,
,,1624,1521,1014,9,53,50,908,11,666,10,561.4845814977973,514.0,196.46,427.1428571428572,385.0,90.27,597.36,514.0,166.48,747.25,746.0,86.0,782.7937272727272,800.037,91.3,853.6153846153846,673.0,407.8,2025,7501133.0,Fritz-Werner-Straße,,
,,1403,1349,925,17,17,37,847,4,539,3,621.1097992916175,584.0,191.81,492.2142857142857,475.0,100.89,651.2,587.0,256.26,825.2,755.0,141.98,808.56475,802.393,97.34,929.1071428571428,751.0,457.55,2025,7501134.0,Hundsteinweg,,
,,321,307,224,3,7,7,204,0,131,0,601.7598039215686,578.0,168.31,481.0,481.0,32.53,619.6666666666666,533.0,165.05,,,,,,,776.75,689.5,305.26,2025,7501135.0,Birnhornweg,,
,,1226,1164,784,15,21,39,702,5,413,3,627.8247863247864,591.0,191.1,465.0,479.5,141.23,695.7692307692307,664.0,293.27,816.8,769.0,141.53,995.2306,818.68,345.33,866.7037037037037,717.0,402.29,2025,7601236.0,Marienfelder Allee Nordwest,,
,,472,445,295,4,12,15,258,2,169,2,621.8255813953489,580.0,189.03,491.3333333333333,516.0,86.67,607.2222222222222,511.0,235.98,643.0,643.0,60.81,788.2085,788.2085,1.44,791.875,705.0,208.2,2025,7601237.0,Kirchstraße,,
,,550,492,329,3,31,26,286,17,154,7,647.2062937062936,608.5,215.05,419.6666666666667,469.0,125.5,737.2380952380952,767.0,183.47,894.7647058823529,852.0,204.99,968.2968235294117,924.444,192.55,1120.5384615384614,966.0,450.13,2025,7601238.0,Marienfelde Nordost,,
,,778,743,485,8,22,13,431,4,198,4,671.2436194895591,645.0,175.54,566.5,555.5,100.38,690.2,680.0,56.25,871.0,810.0,212.55,852.3522499999999,860.845,54.0,798.875,796.0,85.54,2025,7601339.0,Tirschenreuther Ring West,,
,,955,912,630,8,19,24,567,3,309,1,655.8606701940035,622.0,201.95,488.57142857142856,520.0,170.04,814.4285714285714,763.0,288.39,915.25,881.0,297.03,1231.6576666666667,1087.983,683.51,951.5333333333332,860.0,413.1,2025,7601340.0,Tirschenreuther Ring Ost,,
,,451,391,253,2,38,22,212,9,108,1,662.4952830188679,631.0,202.61,,,,814.0952380952381,820.0,147.44,908.4166666666666,930.0,134.86,1011.3881111111112,989.644,129.16,997.7333333333332,963.0,298.5,2025,7601341.0,Diedersdorfer Weg,,
,,1250,1191,824,19,21,36,695,7,345,6,667.0,641.0,181.86,528.9375,520.0,73.43,722.0,745.0,162.06,790.1666666666666,753.0,157.71,862.1332857142858,825.673,137.32,988.304347826087,840.0,440.75,2025,7601442.0,Kettinger Straße,,
,,1182,1137,797,11,14,31,672,3,312,1,683.3779761904761,643.0,224.39,525.125,530.0,137.0,719.8571428571429,690.0,119.33,973.0,920.0,230.12,1007.7976666666668,985.646,207.15,1207.6,1032.0,418.17,2025,7601443.0,Töpchiner Weg,,
,,1480,1407,941,15,31,42,781,4,374,1,691.6414852752881,652.0,223.76,560.0,507.0,164.48,745.8666666666667,795.0,252.34,936.5714285714286,926.0,136.67,933.3665,914.27,83.05,1112.7727272727273,1069.0,285.55,2025,7601544.0,John-Locke-Straße,,
,,1177,1092,739,11,42,42,609,3,278,1,689.8013136288998,655.0,263.67,633.2857142857143,555.0,215.78,769.7777777777778,724.0,259.91,1009.0,960.5,280.72,934.3556666666668,913.7,84.49,1186.2272727272727,1128.5,399.07,2025,7601545.0,Nahariyastraße,,
,,604,565,406,10,15,23,337,1,144,0,753.4391691394659,679.0,264.99,443.0,462.0,44.18,692.25,826.5,296.61,1771.0,1771.0,,1270.733,1270.733,,1245.923076923077,1204.0,440.32,2025,7601546.0,Franziusweg,,
,,548,516,377,5,23,9,321,7,137,2,733.5856697819314,718.0,250.04,656.3333333333334,662.0,71.67,786.8947368421053,783.0,181.93,1089.0,1065.0,151.66,986.6512857142856,966.646,260.0,1427.0,1427.0,472.35,2025,7601547.0,Horstwalder Straße,,
,,248,237,157,3,3,8,127,3,58,1,721.1732283464567,693.0,227.39,517.5,517.5,28.99,915.0,915.0,,898.3333333333334,924.0,217.64,854.038,915.944,143.98,1118.0,1100.0,438.08,2025,7601548.0,Wittelsbacherstraße,,
,,828,699,445,4,89,40,395,12,266,12,602.367088607595,574.0,201.04,384.5,384.5,2.12,603.5471698113207,565.0,174.09,658.0833333333334,635.0,180.45,678.70775,688.9755,147.36,923.7931034482758,795.0,389.23,2025,8100101.0,Hasenheide,,
,,972,880,552,13,54,36,495,9,337,8,601.7616161616162,575.0,188.56,422.7,453.5,102.55,640.8064516129032,603.0,241.3,727.5,670.0,176.09,720.1231111111111,689.074,129.25,1038.48,984.0,435.97,2025,8100102.0,Schillerpromenade Nord,,
,,839,763,487,3,47,27,419,5,292,5,580.8400954653938,543.0,188.48,461.0,449.0,48.14,572.625,551.5,121.97,625.1428571428571,560.0,247.8,624.512,641.97,80.37,914.0869565217392,775.0,388.76,2025,8100103.0,Schillerpromenade Süd,,
,,894,808,499,4,39,47,449,6,309,6,576.9265033407572,524.0,206.26,461.6666666666667,466.0,32.72,553.7391304347826,526.0,109.89,624.8888888888889,572.0,140.63,722.2716666666666,692.9,88.83,915.9032258064516,749.0,409.17,2025,8100104.0,Wartheplatz,,
,,1147,1080,746,10,26,40,667,9,513,9,542.4242878560719,500.0,192.37,369.875,365.5,64.14,552.7368421052631,529.0,176.1,589.5,549.0,166.26,719.8857777777779,728.15,107.06,895.030303030303,723.0,427.59,2025,8100105.0,Silbersteinstraße,,
,,1786,1644,1034,12,82,60,908,14,615,10,601.2775330396476,574.0,178.61,465.2857142857143,501.0,71.5,564.2615384615384,549.0,101.35,616.3157894736842,601.0,136.05,819.5405,823.075,147.98,984.8510638297872,869.0,410.6,2025,8100206.0,Flughafenstraße,,
,,1179,1081,707,9,47,51,629,10,415,7,601.0635930047695,577.0,188.11,448.0,449.0,75.8,552.4137931034483,526.0,127.46,676.8181818181819,577.0,184.83,756.2277000000001,717.0965,162.4,873.8,753.5,399.26,2025,8100207.0,Rollberg,,
,,1612,1488,1015,8,63,58,904,7,692,7,515.0674778761062,454.5,198.94,349.0,380.0,63.46,448.8666666666667,443.0,91.83,660.1538461538462,479.0,363.62,667.9801428571428,665.747,78.4,705.8222222222222,516.0,389.79,2025,8100208.0,Körnerpark,,
,,1567,1396,935,15,97,72,845,30,644,28,535.5917159763313,486.0,189.79,371.5,368.0,55.86,484.3484848484849,462.0,112.22,508.219512195122,481.0,103.79,703.9382666666667,655.7415000000001,160.78,867.1228070175439,597.0,469.89,2025,8100209.0,Glasower Straße,,
,,743,684,447,5,24,35,394,2,290,2,552.5558375634517,523.5,174.4,610.75,611.5,134.94,563.9090909090909,559.0,90.72,705.5,705.5,55.86,693.0435,693.0435,73.14,879.9615384615385,798.0,374.68,2025,8100310.0,Maybachufer,,
,,926,843,550,7,29,51,470,7,339,7,582.327659574468,547.5,195.48,410.5,413.0,90.69,537.9090909090909,534.0,90.44,770.4285714285714,672.0,267.33,693.8965714285714,681.594,58.87,765.725,670.0,351.62,2025,8100311.0,Reuterplatz,,
,,1281,1166,794,11,63,52,688,18,452,17,606.6700581395348,576.5,181.94,454.0,459.0,83.93,620.1379310344828,567.0,162.56,606.8235294117648,612.0,81.81,662.4953333333335,638.9535000000001,95.33,849.9347826086956,801.0,293.1,2025,8100312.0,Weichselplatz,,
,,404,382,276,2,7,15,253,2,146,2,626.699604743083,602.0,173.36,557.0,557.0,,639.0,648.0,102.52,695.0,745.0,109.89,696.7735,696.7735,80.7,1036.090909090909,919.0,409.45,2025,8100313.0,Bouchéstraße,,
,,1690,1600,974,9,44,43,856,8,644,8,569.3820093457944,543.5,167.69,411.625,402.5,74.43,523.6538461538462,526.0,101.59,629.875,598.0,71.2,659.395125,653.251,59.85,870.75,780.0,324.66,2025,8100314.0,Donaustraße,,
,,775,676,458,4,44,55,402,6,275,4,599.139303482587,569.5,181.06,533.5,532.0,115.85,577.3823529411765,585.0,108.38,634.5714285714286,651.0,101.72,783.8488333333335,782.4865,183.79,852.1162790697674,843.0,334.46,2025,8100415.0,Ganghoferstraße,,
,,762,696,463,5,37,29,416,13,267,11,605.3870192307693,558.0,210.72,454.5,461.5,96.42,632.3461538461538,553.0,271.55,687.8,589.0,212.97,775.1371538461538,750.56,122.89,902.75,879.5,350.22,2025,8100416.0,Alt-Rixdorf,,
,,1547,1439,970,14,56,52,866,13,635,13,549.8764434180139,499.0,195.5,416.7272727272728,402.0,86.83,551.09375,528.0,152.68,574.3333333333334,497.0,166.91,734.5046153846155,718.91,82.78,785.2631578947369,599.0,372.39,2025,8100417.0,Braunschweiger Straße,,
,,1162,1076,657,6,38,48,584,16,327,15,631.8099315068494,614.0,168.86,490.5,490.5,13.44,612.8666666666667,634.5,129.27,648.6666666666666,626.0,94.05,762.347875,736.3834999999999,177.87,915.0857142857144,908.0,250.58,2025,8100418.0,Hertzbergplatz,,
,,1030,963,617,8,35,30,558,10,278,9,661.1200716845879,639.5,175.75,587.0,549.0,90.56,662.125,617.0,150.23,764.875,735.0,171.34,765.8509999999999,763.25,81.35,923.32,921.0,240.0,2025,8100419.0,Treptower Straße Nord,,
,,931,829,510,6,48,52,463,19,193,16,689.2721382289417,660.0,196.48,490.0,479.0,150.8,622.0333333333333,630.5,146.32,680.8571428571429,648.0,103.66,755.2643684210526,711.69,129.94,960.7380952380952,978.5,336.86,2025,8100520.0,Weiße Siedlung,,
,,1658,1485,981,14,77,96,876,24,449,22,653.0433789954338,628.0,180.05,567.9,572.0,145.94,590.6470588235294,583.0,126.06,645.6551724137931,623.0,217.48,766.6588750000001,760.6405,113.62,856.746835443038,780.0,301.68,2025,8100521.0,Schulenburgpark,,
,,827,754,513,5,31,42,452,16,300,14,591.1393805309734,552.0,215.14,413.4,442.0,108.86,588.695652173913,547.0,231.37,610.2941176470588,553.0,189.64,790.02675,703.7735,235.87,905.8823529411764,838.5,353.58,2025,8200622.0,Jahnstraße,,
,,1009,949,646,1,24,35,576,2,367,2,613.0972222222222,578.0,202.0,530.0,530.0,,792.5,694.0,362.94,811.0,811.0,123.04,795.2945,795.2945,30.22,1062.0434782608695,975.0,375.63,2025,8200623.0,Park am Buschkrug,,
,,1364,1275,860,22,45,43,777,17,486,15,610.3333333333334,588.0,171.91,472.75,493.5,102.09,577.46875,567.5,107.24,768.5294117647059,688.0,264.75,755.274823529412,728.55,117.23,999.3333333333334,811.0,414.28,2025,8200624.0,Tempelhofer Weg,,
,,507,467,331,5,28,12,286,14,128,10,693.2972027972028,657.5,205.33,520.25,525.0,112.38,677.25,647.0,149.87,718.7857142857143,717.0,106.39,784.9321428571428,739.835,137.55,1035.4444444444443,965.0,348.97,2025,8200725.0,Mohriner Allee Nord,,
,,756,701,457,3,29,26,402,7,244,6,630.6194029850747,595.0,201.48,494.6666666666667,491.0,14.84,592.6153846153846,589.0,138.44,691.6,656.0,90.77,745.6065714285714,703.22,110.71,991.7619047619048,770.0,407.86,2025,8200726.0,Hufeisensiedlung,,
,,1247,1172,815,18,41,34,735,7,463,6,617.3863945578231,589.0,176.32,467.53333333333336,502.0,84.78,578.6470588235294,559.0,150.28,670.2857142857143,656.0,103.61,874.7517142857142,817.42,207.79,903.8518518518518,749.0,477.81,2025,8200727.0,Parchimer Allee Süd,,
,,342,325,227,6,7,9,216,2,134,2,636.1296296296297,582.5,226.83,493.3333333333333,451.5,106.72,603.0,603.0,4.24,773.0,764.0,95.82,744.65,744.65,94.54,702.875,642.5,249.84,2025,8200728.0,Ortolanweg,,
,,318,304,200,4,8,5,181,4,59,2,730.4254143646409,700.0,175.19,744.5,636.5,259.55,964.1666666666666,847.5,407.84,972.0,972.0,206.48,1115.52875,981.731,434.15,733.5,733.5,19.09,2025,8200729.0,Britzer Garten,,
,,587,553,373,5,12,22,321,1,169,1,643.9314641744548,623.0,176.4,520.3333333333334,519.0,82.01,636.8571428571429,627.0,76.0,711.0,711.0,,701.026,701.026,,940.7058823529412,740.0,460.23,2025,8200730.0,Handwerker-Siedlung,,
,,821,797,537,12,13,11,469,1,185,1,683.3965884861407,659.0,166.4,595.25,595.5,71.84,683.75,682.0,15.88,747.5,747.5,109.6,803.947,803.947,,1197.0,1081.5,468.28,2025,8200831.0,Buckow West,,
,,1636,1520,1028,25,34,81,916,5,320,2,707.0731441048035,683.0,180.76,573.35,558.5,125.32,765.4545454545455,655.0,225.0,871.0,886.5,97.73,871.2502000000001,908.973,83.18,1053.72,887.0,412.92,2025,8200832.0,Buckow Mitte,,
,,1066,1000,652,8,25,41,584,6,252,3,700.8030821917808,661.5,200.89,656.2,590.0,162.34,770.8571428571429,869.0,197.24,789.4285714285714,843.0,169.85,842.3626666666668,834.4445,141.55,906.6551724137933,832.0,305.98,2025,8200833.0,Buckow Ost,,
,,2360,2257,1504,16,55,46,1310,7,893,6,599.9961832061068,538.0,219.36,431.07142857142856,437.5,83.22,741.35,636.0,339.17,1106.125,891.5,483.12,790.213857142857,802.323,83.75,849.4054054054054,751.0,378.84,2025,8300934.0,Gropiusstadt Nord-West,,
,,1131,1055,734,13,39,37,647,5,372,5,654.2596599690881,601.0,216.15,473.7272727272728,478.0,95.23,650.3333333333334,579.0,239.31,1051.2,1076.0,172.71,825.7116,827.867,38.33,804.4814814814815,627.0,350.24,2025,8300935.0,Gropiusstadt Süd-West,,
,,1386,1307,856,11,41,37,774,10,461,7,628.9069767441861,587.5,197.33,467.0,487.0,107.84,568.5625,527.0,212.48,897.4444444444445,949.0,126.2,850.0721,801.1185,118.24,890.2962962962963,714.0,356.67,2025,8301036.0,Gropiusstadt Mitte,,
,,1647,1524,1023,18,68,54,904,19,538,16,630.8783185840708,594.0,187.3,483.3333333333333,473.0,56.33,697.9629629629629,647.0,240.48,773.8181818181819,777.0,126.7,789.121157894737,762.864,102.5,940.931818181818,849.0,331.96,2025,8301037.0,Gropiusstadt Süd-Ost,,
,,470,454,304,6,6,10,267,0,169,0,631.0636704119851,578.0,224.1,446.0,413.0,96.77,761.5,761.5,169.0,,,,,,,773.4444444444445,701.0,306.21,2025,8401138.0,Goldhähnchenweg,,
,,1643,890,584,13,41,22,503,24,374,21,548.3578528827038,497.0,211.8,375.2,392.0,92.06,560.36,550.0,94.64,727.7407407407408,710.0,139.29,762.1638333333334,723.12,123.61,641.75,456.0,497.43,2025,8401139.0,Vogelviertel Süd,,
,,280,259,171,0,9,12,150,3,107,2,556.1933333333334,510.0,202.1,,,,770.5,770.5,258.09,881.6666666666666,938.0,197.62,842.361,885.196,156.85,804.2222222222222,538.0,523.65,2025,8401140.0,Vogelviertel Nord,,
,,945,894,610,14,16,33,534,3,370,3,586.4606741573034,548.5,191.91,452.3076923076923,458.0,71.29,613.8571428571429,546.0,193.2,680.6666666666666,737.0,219.98,786.6866666666666,770.32,58.56,808.1153846153846,679.5,329.46,2025,8401241.0,Blumenviertel,,
,,786,747,492,14,15,23,421,1,219,1,639.0403800475059,616.0,162.93,578.25,532.0,83.51,649.2,777.0,187.46,515.0,515.0,,584.2,584.2,,893.7222222222222,815.0,313.17,2025,8401242.0,Zittauer Straße,,
,,1352,1269,837,17,38,43,733,6,387,3,651.1050477489769,615.0,205.74,542.8,521.5,120.52,765.9,708.0,304.07,995.8571428571428,853.0,295.13,1007.0411666666668,853.405,331.02,787.7333333333333,693.5,259.14,2025,8401243.0,Alt-Rudow,,
,,959,908,623,6,22,28,534,2,270,2,667.1029962546817,629.5,209.69,493.25,555.5,180.16,617.3636363636364,596.0,89.17,595.0,595.0,57.98,694.485,694.485,56.76,872.0769230769231,768.0,338.88,2025,8401244.0,Waßmannsdorfer Chaussee,,
,,504,485,335,6,9,10,295,0,110,0,694.8203389830509,693.0,189.94,572.25,565.0,131.58,592.0,602.0,339.28,,,,,,,999.4444444444443,958.0,342.49,2025,8401245.0,Frauenviertel,,
,,849,799,549,9,18,31,446,1,175,1,711.9484304932736,679.0,197.74,481.0,469.0,92.7,585.2727272727273,628.0,256.18,763.5,763.5,67.18,828.62,828.62,,992.470588235294,887.0,409.43,2025,8401246.0,Waltersdorfer Chaussee Ost,,
,,1983,1831,1074,13,80,72,952,19,512,18,643.65756302521,617.5,183.86,506.55555555555554,531.0,110.63,679.0816326530612,630.0,167.93,765.8421052631579,788.0,101.91,750.915052631579,737.7,90.88,1004.2075471698112,943.0,409.32,2025,9100101.0,Alt-Treptow,,
,,495,453,313,8,21,20,280,3,122,2,685.5892857142857,668.5,171.39,553.1666666666666,537.0,84.92,666.6923076923077,613.0,109.26,769.75,791.5,103.7,775.6966666666667,738.363,171.23,883.0666666666667,914.0,223.81,2025,9100202.0,Plänterwald West,,
,,1011,958,599,10,28,25,535,9,171,7,720.9607476635514,696.0,172.82,547.2857142857143,546.0,73.31,658.7368421052631,634.0,167.55,630.5454545454545,598.0,87.76,847.3014444444444,721.903,269.91,913.0,819.0,326.29,2025,9100203.0,Plänterwald Ost,,
,,1886,1807,1212,18,46,31,1107,11,613,10,644.89972899729,615.0,171.06,526.0625,522.5,56.0,592.8620689655172,556.0,117.75,645.6666666666666,640.0,98.44,788.034,735.456,210.87,825.9,747.5,280.53,2025,9100304.0,Baumschulenweg West,,
,,556,517,366,4,24,15,328,8,125,8,686.6737804878048,669.5,171.88,453.25,520.0,212.88,641.125,658.0,88.29,673.25,691.5,61.51,769.347,774.3665,33.62,721.2727272727273,721.0,259.97,2025,9100305.0,Baumschulenweg Ost,,
,,442,394,272,8,24,24,232,2,114,2,670.2974137931035,639.0,202.87,531.5714285714286,524.0,61.21,668.25,651.0,128.45,695.0,695.0,212.13,593.4119999999999,593.4119999999999,50.46,799.0555555555555,631.0,410.62,2025,9100306.0,Späthsfelde,,
,,1269,1207,819,11,36,26,754,5,462,5,624.4376657824934,584.0,205.22,509.7,496.0,62.67,650.6666666666666,583.0,241.03,697.1666666666666,601.0,365.94,731.6166000000001,741.153,125.68,719.4285714285714,610.0,352.01,2025,9100407.0,Johannisthal West,,
,,1032,979,653,10,20,32,578,1,403,1,584.2923875432526,537.0,219.85,456.1111111111111,500.0,92.68,443.3076923076923,435.0,104.88,463.0,463.0,,623.357,623.357,,783.6086956521739,620.0,457.52,2025,9100408.0,Johannisthal Ost,,
,,565,500,334,4,31,33,290,9,171,5,635.2068965517242,595.5,190.89,492.6666666666667,450.0,106.61,655.8947368421053,625.0,219.77,647.5454545454545,607.0,139.41,824.9112222222222,858.96,181.77,716.4444444444445,666.0,179.7,2025,9100409.0,Landschaftspark Adlershof,,
,,1239,1150,732,8,42,47,652,13,334,12,667.8588957055215,631.5,189.66,467.0,435.5,102.31,594.2222222222222,573.0,165.35,622.0769230769231,602.0,107.17,754.7667692307693,700.523,196.06,811.6666666666666,753.5,387.04,2025,9200510.0,Helmholtz-Kiez,,
,,1467,1378,909,11,48,41,815,6,383,6,669.9533742331288,644.0,178.59,557.0,569.0,75.31,661.5666666666667,622.0,218.77,712.8571428571429,583.0,305.65,729.3216666666667,729.2115,75.93,842.7333333333333,763.5,264.29,2025,9200511.0,Griechischer Park,,
,,604,539,320,3,44,21,283,17,86,11,726.9505300353356,707.0,181.46,679.3333333333334,573.0,189.39,666.7241379310345,652.0,69.34,749.5625,720.0,117.62,845.6852352941177,855.103,155.13,942.2222222222222,865.0,282.65,2025,9200512.0,Wuhlheide,,
,,2027,1907,1192,17,62,56,1073,9,670,5,617.4902143522834,575.0,197.47,447.5,462.0,104.1,588.175,542.5,192.24,633.6,591.0,188.76,797.993111111111,782.463,174.48,729.4782608695652,687.5,281.72,2025,9200613.0,Bahnhof Schöneweide,,
,,666,648,434,12,7,11,387,0,156,0,711.0232558139535,673.0,190.03,622.3333333333334,570.0,119.29,737.2,661.0,190.56,,,,,,,887.3333333333334,751.0,371.07,2025,9200614.0,Oberspree,,
,,979,847,544,6,84,48,469,22,281,17,625.8166311300639,595.0,186.42,466.2,474.0,56.94,599.05,583.0,111.68,658.46875,612.5,190.12,804.6313181818182,731.3205,230.38,712.0857142857143,650.0,289.73,2025,9200715.0,Wista,,
,,945,897,555,7,25,23,488,4,216,3,651.5758196721312,650.0,172.93,486.0,503.0,160.93,677.4705882352941,642.0,190.99,671.0,686.5,57.04,769.9199999999998,738.438,145.36,1114.071428571429,1105.5,504.34,2025,9200716.0,Dörpfeldstraße West,,
,,1054,985,651,12,26,43,562,5,248,5,664.2758007117437,659.0,175.95,553.0,562.5,94.44,652.6666666666666,622.5,135.8,710.8,689.0,68.83,762.612,778.714,52.82,828.5714285714286,755.0,393.68,2025,9200717.0,Dörpfeldstraße Ost,,
,,384,356,244,1,16,12,219,4,123,3,633.1050228310502,616.0,166.22,669.0,669.0,,639.0,561.0,174.73,873.6666666666666,739.0,425.3,836.19975,810.7864999999999,125.38,986.2,938.0,327.68,2025,9200818.0,Spindlersfeld,,
,,1103,1015,662,13,43,43,587,12,355,9,634.4599659284497,593.0,198.7,573.4,550.0,132.05,677.1153846153846,626.0,216.23,712.3888888888889,684.0,194.47,823.4960833333334,766.22,134.18,895.0882352941177,781.5,320.37,2025,9200819.0,Köllnische Vorstadt,,
,,1242,1144,786,11,47,50,682,11,280,7,698.2360703812317,682.0,211.03,536.5,568.5,177.49,640.0645161290323,622.0,142.27,814.7272727272727,831.0,170.87,856.5194545454543,829.066,127.45,961.0384615384615,823.0,385.97,2025,9300920.0,Dorf Altglienicke,,
,,251,235,155,4,6,9,140,1,56,1,715.9785714285714,692.0,227.38,670.5,682.5,62.64,765.6,772.0,56.85,1009.0,1009.0,,862.554,862.554,,1143.0,1206.5,200.16,2025,9300921.0,Preußen Siedlung,,
,,926,873,560,4,26,26,478,9,119,7,765.7928870292887,743.5,175.02,662.3333333333334,745.0,178.03,713.6428571428571,693.0,141.35,868.0,857.0,62.85,853.2085555555554,877.963,56.04,1059.9375,909.0,339.95,2025,9300922.0,Kosmos Viertel,,
,,888,850,538,7,19,19,457,2,62,1,822.0262582056893,789.0,193.11,750.8,705.0,157.58,734.6153846153846,746.0,99.9,879.0,879.0,117.38,886.28,886.28,35.48,885.8888888888889,953.0,223.02,2025,9300923.0,Kölner Viertel,,
,,778,418,272,2,23,15,220,11,126,6,650.2772727272727,579.5,246.84,462.0,462.0,,778.2857142857143,780.0,109.29,921.6428571428572,932.0,105.47,983.2142727272728,893.707,219.93,1084.7142857142858,917.0,513.92,2025,9301024.0,Falkenberg,,
,,1451,1344,878,11,63,44,705,36,347,7,693.4397163120567,641.0,235.91,559.5,515.0,136.54,811.8181818181819,821.0,136.9,989.0243902439024,977.0,119.3,1008.5733611111114,985.122,148.77,1157.48,1084.0,430.95,2025,9301025.0,Alt-Bohnsdorf,,
,,1205,1129,728,6,35,41,616,8,265,5,695.827922077922,671.5,215.43,723.0,673.5,216.32,733.2941176470588,698.0,221.03,875.2857142857143,883.0,95.97,900.5590000000001,866.342,134.39,838.24,725.0,422.57,2025,9301126.0,Grünau,,
,,199,190,121,2,5,4,104,1,6,0,886.4326923076923,833.0,218.74,832.5,832.5,152.03,,,,,,,990.47,990.47,,380.0,380.0,,2025,9301227.0,Karolinenhof,,
,,295,265,166,3,7,23,122,0,6,0,978.8688524590164,964.0,249.8,668.0,668.0,,692.0,670.0,63.91,,,,,,,1104.3333333333333,1119.0,322.42,2025,9301228.0,Schmöckwitz/Rauchfangswerder,,
,,1409,1322,916,17,47,39,790,14,347,6,690.9443037974684,657.5,206.57,589.8666666666667,589.0,93.87,774.0,686.5,230.33,841.3125,760.5,218.47,1082.1507142857142,1026.772,323.82,1006.4782608695652,856.0,354.97,2025,9401329.0,Kietzer Feld/Nachtheide,,
,,190,179,113,3,3,8,89,0,18,0,800.6966292134831,762.0,212.14,775.6666666666666,560.0,471.11,896.5,896.5,9.19,,,,,,,917.25,842.5,273.75,2025,9401330.0,Wendenschloß,,
,,909,873,579,7,17,19,509,2,330,2,606.664047151277,574.0,187.45,410.4,450.0,118.76,708.7,622.0,273.43,724.3333333333334,683.0,88.56,746.898,746.898,90.01,836.5333333333333,644.0,435.05,2025,9401431.0,Allende I,,
,,222,210,146,1,7,5,125,0,78,0,614.568,593.0,162.82,488.0,488.0,,654.4,650.0,116.8,,,,,,,883.75,702.0,487.71,2025,9401432.0,Siedlung Kämmereiheide,,
,,1056,710,492,7,19,23,426,10,221,8,630.5845070422536,627.5,188.53,615.25,552.5,200.52,659.2,646.5,69.67,734.1,717.5,138.04,812.5408,796.1565,75.6,1108.4444444444443,1177.5,322.41,2025,9401433.0,Allende II,,
,,1160,1096,685,11,29,35,584,5,417,3,573.5308219178082,530.5,214.57,464.4285714285714,480.0,84.31,545.375,531.0,80.44,804.0,893.0,272.62,898.1227999999999,811.04,208.71,821.25,652.0,337.35,2025,9401534.0,Altstadt Köpenick,,
,,635,587,402,5,9,39,334,1,87,0,846.1407185628742,812.5,279.27,620.0,620.0,93.34,710.5,702.5,134.53,1147.3333333333333,1131.0,152.16,1560.483,1560.483,,836.4666666666667,845.0,378.34,2025,9401635.0,Müggelheim,,
,,736,696,447,6,9,29,360,1,179,0,669.7083333333334,629.5,204.05,591.2,535.0,104.38,658.2857142857143,647.0,122.14,1056.0,1056.0,,1559.134,1559.134,,1009.6,847.0,429.12,2025,9501736.0,Hirschgarten,,
,,1957,1873,1258,21,38,45,1023,7,558,1,636.7135874877811,608.0,212.87,578.25,571.0,171.27,635.75,653.5,185.17,946.2,928.5,147.49,1072.5637142857145,1106.604,124.63,748.0526315789474,727.0,143.47,2025,9501737.0,Alt-Friedrichshagen,,
,,1226,1158,762,15,27,38,600,4,382,0,630.85,580.5,216.11,523.8888888888889,515.0,71.82,823.6,818.0,127.17,1393.25,1337.0,185.13,1319.68075,1269.5814999999998,177.26,804.1052631578947,809.0,348.19,2025,9501838.0,Rahnsdorf,,
,,1187,1108,704,6,37,42,625,8,445,4,591.4624,550.0,187.27,358.75,387.0,63.35,631.0769230769231,593.0,127.44,711.625,574.5,274.38,992.989625,931.8445,220.11,771.6551724137931,673.0,264.83,2025,9501939.0,Bahnhofstraße,,
,,380,349,224,3,11,20,198,1,134,1,612.1111111111111,575.0,170.95,446.5,446.5,2.12,577.6666666666666,578.0,17.5,632.0,632.0,,741.843,741.843,,1074.125,963.0,454.09,2025,9501940.0,Güterbahnhof Köpenick,,
,,426,392,266,4,16,18,240,1,174,0,590.45,561.0,181.53,440.0,484.0,91.33,730.0,759.0,129.24,660.0,660.0,,1026.37,1026.37,,987.5833333333334,741.5,430.0,2025,9501941.0,Friedrichshagener Straße,,
,,466,452,308,2,7,7,276,1,117,0,687.2427536231884,663.5,182.83,505.0,505.0,156.98,678.6,664.0,145.17,535.0,535.0,,1042.683,1042.683,,1057.0,924.0,419.72,2025,9502042.0,Mittelheide,,
,,1207,1131,728,11,24,51,648,4,244,1,714.3179012345679,684.0,188.75,575.875,475.5,206.57,723.4615384615385,687.0,153.86,847.5,844.5,67.55,948.21675,961.942,34.73,1092.1935483870968,916.0,390.2,2025,9502043.0,Dammheide,,
,,783,739,492,8,19,23,443,2,215,1,675.2460496613995,639.0,246.89,517.0,483.5,115.59,785.8181818181819,732.0,158.0,682.5,682.5,27.58,1051.685,1051.685,298.48,829.1818181818181,830.0,204.87,2025,10100101.0,Marzahn West,,
,,504,469,344,2,16,18,313,7,104,6,715.5335463258785,682.0,175.97,515.0,515.0,,819.6666666666666,764.0,205.59,696.6666666666666,700.5,39.14,758.301,726.194,100.71,950.6153846153846,898.0,279.72,2025,10100102.0,Rosenbecker Straße,,
,,1188,1124,763,6,27,35,711,6,250,1,714.7623066104079,687.0,186.56,600.3333333333334,555.5,215.1,815.0,735.5,234.46,963.1428571428572,873.0,302.82,1005.6111666666666,1017.0865,153.75,863.4347826086956,820.0,239.92,2025,10100103.0,Wittenberger Straße,,
,,862,790,512,11,37,34,466,10,163,8,727.5858369098712,705.5,203.96,564.125,562.5,143.16,819.6296296296297,794.0,192.36,898.0833333333334,793.0,289.92,829.1841000000001,793.4415,100.38,980.1538461538462,917.0,282.35,2025,10100104.0,Golliner Straße,,
,,582,528,304,5,33,21,277,16,137,11,668.1768953068593,639.0,189.18,452.25,470.0,132.64,645.4761904761905,623.0,119.02,674.5,661.5,102.46,798.2318125000002,790.5315,143.24,841.2105263157895,822.0,239.45,2025,10100205.0,Gewerbegebiet Bitterfelder Straße,,
,,1425,1316,888,6,57,51,820,7,402,7,680.7487804878049,635.0,206.34,501.0,482.5,111.82,774.0,683.5,213.47,790.8571428571429,824.0,113.7,745.9851428571428,711.767,102.24,964.0,788.5,435.85,2025,10100206.0,Wuhletalstraße,,
,,967,902,592,5,38,27,540,5,177,4,702.8740740740741,688.5,180.21,588.25,613.0,111.61,719.4545454545455,709.5,144.75,930.2857142857144,823.0,285.37,764.5394,724.724,123.02,875.25,757.5,302.52,2025,10100207.0,Ahrensfelder Berge,,
,,1618,1503,1029,16,62,53,953,13,532,12,651.8016789087094,615.0,171.01,503.3333333333333,557.0,111.2,662.7857142857143,648.0,122.65,725.5,649.0,232.59,725.9048461538462,703.816,115.73,811.0952380952381,714.0,351.03,2025,10100208.0,Bürgerpark,,
,,1190,1117,767,12,25,47,691,6,298,6,674.4819102749639,660.0,184.0,552.375,543.5,101.55,726.8823529411765,731.0,135.73,723.6,740.0,60.62,691.7616666666667,694.908,69.25,911.1052631578948,839.5,319.78,2025,10100209.0,Lea-Grundig-Straße,,
,,1790,1691,1159,17,45,54,1062,15,709,14,604.0225988700565,565.0,188.08,516.75,459.0,155.93,596.483870967742,542.0,190.39,602.3076923076923,577.0,130.83,657.1758000000001,594.346,149.16,822.3714285714286,624.0,409.42,2025,10100210.0,Marzahner Promenade,,
,,971,838,562,12,70,60,490,17,287,14,614.1244897959184,598.0,187.25,549.3333333333334,514.0,96.13,666.7307692307693,641.5,173.41,688.2631578947369,634.0,156.72,757.0213529411766,719.586,132.74,762.4705882352941,712.5,264.58,2025,10100311.0,Marzahner Chaussee,,
,,2418,2229,1472,24,97,92,1358,32,953,29,589.4904270986746,551.0,194.74,485.6,483.5,97.47,593.0694444444445,552.0,202.56,572.2727272727273,569.0,90.72,652.92178125,643.4945,128.89,785.4925373134329,604.0,461.14,2025,10100312.0,Springpfuhl,,
,,707,656,428,5,27,24,396,6,289,3,564.310606060606,521.0,183.8,424.6666666666667,421.0,19.76,567.2,501.0,234.31,822.8,694.0,477.45,1238.3529999999998,841.03,962.9,828.7058823529412,719.0,376.66,2025,10100313.0,Alt-Marzahn,,
,,793,753,483,11,23,16,451,5,283,4,611.1729490022173,582.0,196.96,443.6666666666667,455.0,89.31,658.1764705882352,643.0,206.83,724.1666666666666,647.0,210.81,762.066,661.21,262.82,787.2857142857143,787.0,91.49,2025,10100314.0,Auersbergstraße,,
,,917,871,584,13,18,28,537,3,324,3,617.1564245810056,595.0,185.79,548.25,536.5,109.11,727.0833333333334,674.0,226.99,718.3333333333334,703.0,44.05,751.8956666666667,767.93,53.48,854.7,737.5,293.96,2025,10100315.0,Bärenstein,,
,,720,679,471,8,23,18,441,6,224,4,653.4965986394558,637.0,179.43,484.2857142857143,584.0,171.54,680.0,639.0,142.66,758.0,629.0,271.6,812.3411666666667,684.2429999999999,291.41,866.0909090909091,808.0,404.45,2025,10100316.0,Landsberger Tor,,
,,990,914,603,7,37,39,543,5,197,4,715.0110497237569,693.0,186.28,558.7142857142857,573.0,77.5,694.8333333333334,721.5,115.76,910.1666666666666,927.0,196.47,796.2594000000001,781.736,124.09,848.4814814814815,796.0,283.15,2025,10200417.0,Zossener Straße,,
,,886,840,544,3,22,24,496,5,182,4,730.6693548387096,688.5,216.35,524.0,473.0,90.95,710.25,662.0,178.21,758.1666666666666,769.0,77.78,912.828,842.567,186.7,762.75,691.5,304.58,2025,10200418.0,Kyritzer Straße,,
,,440,411,279,6,15,14,258,0,102,0,723.6356589147287,676.5,189.66,543.8,546.0,58.43,670.6666666666666,655.0,80.65,,,,,,,837.0,787.5,248.11,2025,10200419.0,Havelländer Ring,,
,,1202,1128,752,10,36,38,678,5,366,1,679.1150442477876,619.0,216.31,530.8571428571429,498.0,119.32,563.8333333333334,551.0,122.22,961.8,968.0,59.27,963.1,967.836,65.75,783.8214285714286,735.5,292.29,2025,10200420.0,Gut Hellersdorf,,
,,616,575,384,3,24,17,346,5,193,2,660.5057803468208,613.5,207.6,492.0,492.0,93.34,625.4545454545455,607.0,172.12,814.1111111111111,826.0,132.07,930.5616,946.47,133.15,717.0,695.5,274.26,2025,10200421.0,Helle Mitte,,
,,984,926,645,6,34,24,575,5,199,3,729.664347826087,690.0,208.24,574.2,589.0,65.9,660.8125,656.0,158.83,902.0,873.5,138.39,882.0845999999999,867.997,72.29,906.9411764705884,911.0,211.81,2025,10200422.0,Hellersdorfer Promenade,,
,,711,668,415,9,28,15,378,2,90,2,751.3280423280423,715.0,190.76,610.7777777777778,615.0,34.11,702.5,665.5,104.78,995.0,904.0,220.94,758.29,758.29,154.18,822.0,757.0,161.25,2025,10200423.0,Böhlener Straße,,
,,1434,1331,855,9,68,34,753,10,208,4,750.5126162018593,709.0,197.41,522.6,560.0,130.48,644.074074074074,652.0,148.67,904.0909090909092,933.0,144.84,890.4323,922.6095,123.54,839.3214285714286,785.0,198.58,2025,10200524.0,Adele-Sandrock-Straße,,
,,729,690,486,6,24,15,416,6,147,2,721.6298076923077,667.5,191.75,612.4,620.0,20.7,635.875,612.5,100.72,864.8571428571429,835.0,127.04,1013.027,987.8365,158.06,741.4444444444445,785.0,182.24,2025,10200525.0,Schleipfuhl,,
,,755,651,437,10,75,29,386,13,189,3,675.7927461139897,634.5,196.62,490.1111111111111,484.0,62.37,622.75,592.5,149.15,881.625,817.5,285.64,993.9283076923076,958.047,218.85,842.4090909090909,805.5,271.92,2025,10200526.0,Boulevard Kastanienallee,,
,,373,339,244,3,19,14,222,2,148,2,578.6126126126126,513.0,225.39,409.0,409.0,,597.4166666666666,485.0,234.34,763.0,763.0,2.83,764.4285,764.4285,1.13,628.3333333333334,649.5,126.67,2025,10200627.0,Am Kienberg,,
,,772,707,462,7,39,24,422,5,285,4,617.824644549763,554.5,215.99,412.0,391.0,101.54,649.4117647058823,556.0,340.49,775.0,608.5,382.12,981.2074,785.467,573.38,699.5333333333333,719.0,122.69,2025,10200628.0,Neue Grottkauer Straße,,
,,1394,1338,956,15,29,26,855,2,569,1,608.566081871345,549.0,234.58,439.5384615384616,425.0,118.62,573.7272727272727,551.0,192.09,905.8,900.0,113.49,958.737,958.737,415.09,695.25,709.5,180.09,2025,10200629.0,Teterower Ring,,
,,945,883,581,8,32,30,526,6,388,2,570.1939163498099,506.5,211.39,441.5,424.5,88.84,570.5,512.0,141.98,1146.0,1068.5,353.34,966.929,1003.618,135.63,620.3,546.5,295.72,2025,10200630.0,Cecilienplatz,,
,,901,826,558,10,22,52,507,4,346,3,592.0670611439842,569.0,177.45,496.875,502.5,55.34,590.1428571428571,594.0,197.84,651.0,651.0,42.43,792.86075,642.6665,345.65,837.6969696969697,748.0,347.0,2025,10300731.0,Oberfeldstraße,,
,,1392,904,598,12,56,30,543,21,369,17,588.9152854511971,544.0,214.76,465.6,454.5,105.12,657.5405405405405,623.0,182.9,733.1851851851852,721.0,120.37,736.8457142857143,708.067,120.44,733.9411764705883,614.0,356.19,2025,10300732.0,Buckower Ring,,
,,901,841,577,10,24,36,509,5,260,4,649.3280943025541,636.0,205.87,561.2222222222222,559.0,47.1,718.2352941176471,747.0,169.04,710.6,711.0,196.54,749.8172000000001,748.84,116.0,903.6111111111112,831.5,413.53,2025,10300733.0,Alt-Biesdorf,,
,,1177,1118,747,10,19,39,674,5,220,3,713.2091988130563,701.0,192.7,647.2222222222222,635.0,102.96,625.5714285714286,596.5,151.25,823.2,855.0,60.92,816.4838,770.567,98.91,1135.5263157894738,1079.0,341.48,2025,10300734.0,Biesdorf Süd,,
,,708,661,438,7,10,37,386,1,214,0,668.6165803108809,610.0,228.07,532.6666666666666,483.0,103.94,742.0,559.5,486.74,1047.3333333333333,1189.0,396.94,1147.133,1147.133,,844.3809523809524,796.0,313.96,2025,10400835.0,Kaulsdorf Nord,,
,,1024,711,512,11,24,26,455,4,251,3,643.7956043956044,616.0,199.75,509.625,512.5,59.94,551.5,563.0,157.29,916.7142857142856,810.0,355.02,808.1677500000001,846.2235000000001,123.23,779.0,681.0,365.17,2025,10400836.0,Alt-Kaulsdorf,,
,,715,679,463,8,12,24,401,4,117,3,738.0947630922693,739.0,190.54,661.5714285714286,588.0,162.47,555.0,595.5,166.53,1025.5,1034.0,211.13,867.16925,848.887,101.91,812.8888888888889,746.0,251.98,2025,10400837.0,Kaulsdorf Süd,,
,,914,855,579,14,17,41,515,4,90,1,821.0271844660194,783.0,215.01,646.3846153846154,601.0,200.0,867.5555555555555,820.0,170.98,959.0,905.0,140.98,1154.2507500000002,1137.6535,313.41,1100.1052631578948,1084.0,333.91,2025,10400938.0,Mahlsdorf Nord,,
,,634,590,390,12,18,26,340,0,119,0,709.3823529411765,685.5,197.41,698.2857142857143,694.0,77.25,765.4166666666666,715.0,159.86,818.0,761.0,117.4,,,,728.2857142857143,716.0,74.27,2025,10400939.0,Alt-Mahlsdorf,,
,,570,531,380,8,7,32,322,2,56,0,799.9130434782609,779.5,185.67,641.0,632.0,79.15,690.0,645.0,102.87,951.5,951.5,122.33,1012.64,1012.64,70.41,965.6428571428572,857.0,309.73,2025,10400940.0,Elsensee,,
,,750,713,495,9,13,24,434,0,51,0,839.4677419354839,818.5,179.13,659.0,684.0,108.9,741.5714285714286,700.0,205.97,821.0,821.0,,,,,1009.8666666666668,996.0,250.29,2025,10400941.0,Pilgramer Straße,,
,,462,429,280,2,14,18,259,3,90,0,748.1467181467182,700.0,241.17,669.0,669.0,159.81,693.75,576.5,286.8,1031.3333333333333,1036.0,241.03,1362.591,1384.784,121.16,1038.7142857142858,1001.0,491.55,2025,11100101.0,Dörfer Malchow-Wartenberg,,
,,320,306,196,2,8,6,176,1,89,0,669.4602272727273,634.5,243.86,389.0,389.0,,872.8,951.0,199.52,740.0,740.0,,1023.03,1023.03,,1350.2,1314.0,436.28,2025,11100102.0,Dorf Falkenberg,,
,,1146,1084,706,4,32,30,640,7,342,2,655.48125,618.0,177.85,482.25,493.0,31.47,716.304347826087,727.0,155.97,917.0,908.0,216.44,1045.837714285714,1053.283,183.92,915.1666666666666,705.5,411.38,2025,11100203.0,Falkenberg Ost,,
,,1129,1048,683,7,39,38,622,10,283,8,682.1479099678456,643.0,190.05,575.1666666666666,592.0,129.73,733.0833333333334,752.5,191.05,776.5,792.5,116.06,899.4521000000001,865.55,139.77,1063.7037037037037,1050.0,353.18,2025,11100204.0,Falkenberg West,,
,,801,754,484,10,28,17,432,7,204,5,680.9814814814815,649.0,192.81,529.2222222222222,514.0,115.37,769.2142857142857,758.5,149.73,964.3333333333334,876.5,251.32,908.6391428571428,873.88,114.32,870.0,786.5,318.56,2025,11100205.0,Wartenberg Süd,,
,,1051,993,679,6,40,16,621,8,296,1,663.5942028985507,647.0,204.59,529.0,510.5,108.05,714.0,720.0,166.69,844.4285714285714,865.0,137.18,953.43,958.9985,111.29,990.1428571428572,1078.0,269.36,2025,11100206.0,Wartenberg Nord,,
,,1779,1673,1121,22,57,48,1022,14,295,6,724.0303326810176,704.5,178.36,552.3333333333334,563.0,85.54,760.9677419354839,739.0,169.92,920.625,879.0,242.84,922.9225,971.5715,131.14,973.6451612903226,963.0,178.64,2025,11100307.0,Zingster Straße Ost,,
,,1391,1300,880,11,50,41,807,14,312,7,696.7583643122676,671.0,183.47,553.0,512.0,97.9,701.8928571428571,665.0,248.64,799.125,740.5,143.79,876.0361428571429,872.602,156.8,937.1612903225806,896.0,255.72,2025,11100308.0,Zingster Straße West,,
,,879,841,537,4,24,13,480,3,191,2,701.48125,674.5,203.18,532.6666666666666,528.0,65.13,692.4444444444445,719.0,235.69,987.0,987.0,45.25,1073.1176666666668,864.463,371.36,901.2222222222222,851.0,267.23,2025,11100309.0,Mühlengrund,,
,,1210,1116,726,7,56,38,660,12,355,9,658.4363636363636,629.0,195.86,443.5,444.0,98.49,720.4516129032259,721.0,183.92,818.75,815.5,122.93,917.03225,849.79,244.93,847.1923076923077,797.5,245.75,2025,11200410.0,Malchower Weg,,
,,1258,1136,766,12,78,43,688,30,399,22,617.6075581395348,609.0,200.91,411.6,409.0,157.59,720.8541666666666,704.5,146.7,820.5,761.5,242.71,877.7793333333334,820.585,235.07,935.4583333333334,904.0,312.46,2025,11200411.0,Hauptstraße,,
,,829,763,479,4,42,22,443,20,238,14,649.0090293453725,621.0,195.47,518.75,508.5,71.49,706.258064516129,680.0,131.49,776.8095238095239,777.0,147.79,891.7189500000001,796.8035,248.35,922.1,773.5,334.99,2025,11200512.0,Orankesee,,
,,1079,1008,668,8,36,35,618,5,393,3,620.4320388349514,592.5,171.33,514.2857142857143,536.0,97.35,693.0,670.0,125.44,817.5,813.5,55.62,871.4721999999999,883.48,111.33,912.5625,771.0,348.01,2025,11200513.0,Große-Leege-Straße,,
,,2232,2002,1324,24,159,70,1212,105,739,89,623.4042904290429,589.0,183.08,519.0,515.5,113.11,654.0672268907563,636.0,132.32,748.3831775700935,727.0,146.43,763.640895238095,740.73,113.62,950.2962962962964,853.5,311.25,2025,11200514.0,Landsberger Allee,,
,,513,468,305,5,24,21,280,5,189,5,600.5357142857143,580.0,164.35,487.0,487.0,101.82,694.9375,635.5,182.64,761.4,792.0,89.36,713.0282,669.354,87.74,792.4117647058823,633.0,449.22,2025,11200515.0,Weiße Taube,,
,,833,780,522,4,18,34,474,6,230,5,656.6181434599156,640.0,181.28,566.3333333333334,477.0,199.6,732.6363636363636,653.0,162.35,820.5,737.5,242.51,800.5,795.152,85.48,910.1538461538462,905.0,320.98,2025,11300616.0,Hohenschönhausener Straße,,
,,967,901,565,8,41,25,510,6,227,6,674.3058823529411,646.0,195.43,511.0,548.0,135.15,663.6666666666666,653.5,116.68,736.5714285714286,713.0,121.52,748.1663333333332,748.615,65.84,1009.1111111111112,1018.5,349.3,2025,11300617.0,Fennpfuhlpark,,
,,650,601,396,7,26,22,369,6,259,6,581.0027100271003,559.0,178.6,510.0,504.0,109.79,596.8571428571429,562.5,130.89,702.0,764.5,134.86,705.1104999999999,720.9935,90.94,867.2631578947369,776.0,345.06,2025,11300618.0,Storkower Bogen,,
,,990,924,632,10,41,25,587,14,428,14,574.0272572402044,535.0,172.78,450.8571428571428,470.0,71.35,604.0,555.0,146.55,795.5,750.0,209.71,756.4873571428571,761.4300000000001,84.96,956.1764705882352,730.0,447.87,2025,11300619.0,Rudolf-Seiffert-Park,,
,,1620,1530,1052,18,39,50,955,8,697,6,564.2879581151833,518.0,182.52,458.75,432.0,145.98,637.6842105263158,661.0,187.72,789.6666666666666,785.5,188.76,803.738625,783.52,134.71,941.0,801.0,431.95,2025,11300620.0,Fennpfuhl Ost,,
,,1974,1364,845,11,237,61,766,117,475,94,603.9190600522193,595.0,196.36,536.4285714285714,520.0,128.15,649.722891566265,634.0,149.48,761.4812030075188,717.0,194.05,809.2576324786328,780.903,162.37,781.7674418604652,595.0,380.3,2025,11300721.0,Herzbergstraße,,
,,1899,1797,1182,12,60,42,1059,20,786,19,551.7242681775259,513.0,180.34,422.4,435.5,94.2,563.53125,539.5,147.14,753.5263157894736,704.0,191.38,766.29595,749.9185,146.29,715.6774193548387,593.0,378.63,2025,11300722.0,Rathaus Lichtenberg,,
,,258,202,122,0,48,7,110,11,83,8,523.1909090909091,467.0,179.32,,,,550.9655172413793,469.0,207.16,726.7083333333334,768.0,172.78,851.8767272727273,865.563,188.68,1137.857142857143,1265.0,526.78,2025,11300723.0,Bornitzstraße,,
,,581,541,337,8,14,26,309,2,222,1,569.5533980582525,536.0,172.87,473.2857142857143,442.0,81.3,787.4285714285714,707.0,356.37,899.0,899.0,,902.1335,902.1335,70.99,886.7368421052631,747.0,422.84,2025,11300724.0,Roedeliusplatz,,
,,1551,1067,690,14,48,34,608,16,466,9,550.0970394736842,509.5,180.17,458.6363636363636,443.0,91.08,670.8571428571429,591.0,245.16,730.0,712.5,173.0,883.7679375,837.648,237.55,850.5263157894736,623.0,440.79,2025,11300725.0,Nibelungenviertel,,
,,1699,1587,988,23,70,40,902,22,558,22,617.4567627494457,592.0,184.4,559.8235294117648,509.0,215.18,678.9047619047619,673.0,137.75,717.125,701.5,98.24,751.8722272727274,758.8435,82.27,1031.0689655172414,911.0,393.06,2025,11300826.0,Frankfurter Allee Süd,,
,,324,289,175,2,20,15,157,7,96,4,609.6942675159236,589.0,173.87,526.0,526.0,5.66,613.0,626.5,91.55,667.2857142857143,715.0,133.92,847.6647142857142,788.286,142.25,842.3571428571429,689.5,447.64,2025,11400927.0,Victoriastadt,,
,,315,279,163,1,17,19,144,1,67,1,651.0138888888889,654.5,207.19,483.0,483.0,,839.625,693.0,348.17,1228.5,1228.5,437.7,768.04,768.04,,1087.125,909.0,414.24,2025,11400928.0,Nöldnerplatz,,
,,1590,1472,948,13,67,51,832,21,373,11,655.8918269230769,644.5,192.99,591.4285714285714,601.0,42.66,756.1891891891892,715.0,169.4,912.842105263158,798.0,306.79,888.8919047619047,876.563,182.67,1063.6923076923076,1006.0,444.53,2025,11400929.0,Weitlingkiez,,
,,466,441,296,6,9,16,267,1,117,1,656.4157303370787,650.0,177.63,577.5,556.0,157.38,816.0,809.0,118.65,741.0,741.0,,853.957,853.957,,1266.5,1270.0,429.86,2025,11400930.0,Zachertstraße,,
,,1036,942,600,9,55,37,543,19,269,14,652.2136279926335,632.0,203.78,556.8333333333334,576.0,68.01,666.6363636363636,665.0,113.35,799.421052631579,779.0,129.88,827.0458947368421,785.473,146.04,891.6551724137931,649.0,506.85,2025,11400931.0,Massower Straße,,
,,1110,1033,679,16,26,48,600,10,266,9,666.635,648.0,190.66,560.5454545454545,535.0,140.46,672.5294117647059,677.0,112.45,717.5,706.5,94.22,793.9522,789.032,116.96,964.3333333333334,963.0,390.97,2025,11401032.0,Rosenfelder Ring,,
,,839,777,515,4,26,36,485,14,189,14,693.6412371134021,675.0,199.96,591.0,553.0,75.54,671.1578947368421,652.0,153.43,727.0,676.0,112.98,728.9392142857143,728.9385,82.6,946.4827586206897,872.0,302.57,2025,11401033.0,Gensinger Straße,,
,,695,661,431,6,16,18,393,5,178,5,666.3562340966921,652.0,195.28,537.6,565.0,89.22,743.375,722.0,85.92,718.5714285714286,705.0,56.48,794.9912,800.34,67.74,873.2,685.5,516.25,2025,11401034.0,Tierpark,,
,,1523,1454,958,15,31,38,838,5,340,1,716.782816229117,693.5,220.15,593.2727272727273,599.0,128.39,749.7857142857143,781.5,102.3,1075.4,1012.5,321.64,1012.8086,958.583,196.9,1005.470588235294,970.0,403.15,2025,11401135.0,Dolgenseestraße,,
,,1236,1174,788,16,27,35,703,10,277,8,693.4893314366999,687.0,197.55,553.0,568.0,146.28,769.0588235294117,765.0,72.91,821.6363636363636,820.0,63.42,822.9678000000001,803.8634999999999,65.89,1063.7826086956522,1003.0,321.54,2025,11401136.0,Volkradstraße,,
,,1353,1244,804,10,56,51,717,13,283,8,698.3277545327754,674.0,204.74,612.125,599.5,152.7,783.1621621621622,775.0,126.73,816.5,782.5,179.09,868.167923076923,870.914,116.93,1062.5666666666666,930.0,350.92,2025,11401137.0,Erieseering,,
,,662,596,340,2,20,46,297,10,129,4,686.8922558922559,670.0,206.93,547.0,547.0,,807.25,804.5,57.24,886.0,896.5,120.86,907.2632,902.3615,103.59,1057.7037037037037,949.0,432.63,2025,11501238.0,Rummelsburg,,
,,920,849,553,7,35,35,473,8,219,3,692.1183932346723,670.0,232.65,531.2,504.0,85.29,828.85,829.5,148.34,985.25,929.0,196.37,937.658875,929.2305,81.04,1123.25,1085.0,317.63,2025,11501339.0,Karlshorst West,,
,,1328,1254,832,9,34,39,745,4,278,1,721.8053691275168,704.0,222.17,553.7142857142857,515.0,196.11,823.1875,798.5,126.61,894.25,901.5,48.38,919.044,930.3015,46.32,1036.32,936.0,343.04,2025,11501340.0,Karlshorst Nord,,
,,840,790,528,6,28,21,453,6,186,4,697.615894039735,686.0,214.91,532.0,468.0,160.85,667.3684210526316,716.0,182.96,858.6666666666666,780.0,215.58,868.5156666666667,867.69,80.45,997.0833333333334,980.5,238.24,2025,11501341.0,Karlshorst Süd,,
,,1570,1456,988,17,65,48,874,18,492,17,638.3821510297482,606.5,195.38,477.6923076923077,491.0,81.21,645.1923076923077,624.5,227.35,761.5625,708.5,192.13,745.9876111111112,680.8865000000001,242.77,902.2105263157896,863.0,307.97,2025,12100101.0,Letteplatz,,
,,1370,1292,906,17,42,35,806,12,388,10,669.1079404466501,644.0,193.59,535.6428571428571,515.0,103.19,655.8846153846154,648.0,95.7,769.3333333333334,758.0,91.88,780.9844166666667,801.245,107.01,960.0,924.0,317.34,2025,12100102.0,Hausotterplatz,,
,,1153,1099,732,11,25,28,651,3,368,3,638.384024577573,616.0,191.62,510.125,533.0,144.04,646.8461538461538,605.0,130.13,700.0,725.0,106.72,711.5706666666666,767.966,121.97,835.3529411764706,741.0,338.18,2025,12100103.0,Breitkopfbecken,,
,,1520,1387,941,12,78,54,829,20,528,19,607.8190591073583,569.0,196.21,504.5,524.0,140.22,605.2916666666666,573.0,181.22,760.6666666666666,677.0,256.21,724.65835,686.1845000000001,151.73,815.027027027027,755.0,259.27,2025,12100204.0,Schäfersee,,
,,2473,2266,1498,20,108,97,1329,38,857,36,603.3551542513168,569.0,188.43,456.2857142857143,448.0,85.97,626.8870967741935,599.0,174.23,695.3888888888889,691.0,148.22,841.2181315789477,760.114,598.25,768.4736842105264,704.5,299.48,2025,12100205.0,Teichstraße,,
,,576,552,370,8,17,6,338,2,192,2,639.2840236686391,608.5,201.9,484.57142857142856,478.0,86.75,629.625,634.0,89.37,693.0,710.0,48.77,712.763,712.763,25.98,671.5,669.5,100.21,2025,12100206.0,Humboldtstraße,,
,,463,440,273,2,10,13,246,3,146,3,624.6178861788618,585.0,190.77,448.0,448.0,93.34,636.6,634.0,131.23,712.3333333333334,748.0,67.93,782.9456666666666,824.98,86.92,774.5,744.0,179.94,2025,12200307.0,Reinickes Hof,,
,,735,697,470,5,12,26,417,4,179,3,685.5851318944844,665.0,183.21,629.8,644.0,88.3,745.875,733.0,131.75,854.6666666666666,768.0,232.45,790.4549999999999,761.8399999999999,122.03,1014.8888888888888,886.0,334.73,2025,12200308.0,Mellerbogen,,
,,1801,1649,1056,16,96,54,928,59,528,57,630.0409482758621,608.0,170.67,500.61538461538464,514.0,121.53,612.45,618.0,83.04,708.5454545454545,677.0,130.09,726.6329491525426,707.457,82.23,824.5555555555555,786.0,271.34,2025,12200309.0,Scharnweberstraße,,
,,1175,1116,757,7,25,34,668,6,414,4,631.9056886227545,598.0,180.27,485.75,459.0,147.83,750.3636363636364,690.0,243.47,844.0,782.0,424.65,887.6721666666666,872.098,77.6,862.9655172413793,854.0,313.06,2025,12200310.0,Klixstraße,,
,,76,70,44,1,2,4,40,0,24,0,663.05,623.5,228.25,480.0,480.0,,,,,,,,,,,969.0,988.0,80.21,2025,12200411.0,Schumacher-Quartier,,
,,1028,920,626,9,52,55,556,12,337,8,628.5791366906475,582.5,213.0,522.5714285714286,501.0,105.66,645.0,620.0,136.72,792.6,784.0,200.06,852.4072499999999,871.7584999999999,127.56,910.6923076923076,894.0,333.44,2025,12200412.0,Waldidyll/Flughafensee,,
,,1115,1046,711,9,32,37,645,9,396,7,619.9364341085271,578.0,203.77,473.77777777777777,464.0,72.49,633.1111111111111,586.5,129.3,777.1428571428571,777.0,48.19,845.5487777777777,846.333,58.77,820.5,721.0,312.66,2025,12200413.0,Tegel Süd,,
,,874,836,567,7,21,14,491,10,170,8,734.7617107942973,709.0,231.24,554.6,561.0,120.0,548.5384615384615,555.0,253.82,989.125,801.5,370.04,906.0846,839.1285,208.59,1240.1666666666667,1455.5,623.85,2025,12200414.0,TXL,,
,,2903,2711,1753,28,80,110,1588,25,1065,14,558.610201511335,490.0,233.72,372.28,353.0,116.33,577.4893617021277,516.0,214.43,758.060606060606,802.0,216.73,875.5042000000001,888.68,116.95,890.7971014492754,970.0,432.32,2025,12200515.0,Alt-Tegel,,
,,784,644,420,15,20,120,331,1,217,0,627.5287009063444,556.0,270.87,423.5833333333333,427.0,106.16,655.3846153846154,727.0,198.53,,,,1257.54,1257.54,,841.9230769230769,855.5,371.21,2025,12400616.0,Konradshöhe/Tegelort,,
,,628,528,344,2,10,89,284,2,74,0,765.419014084507,712.0,238.21,614.5,614.5,31.82,795.75,787.0,83.25,743.3333333333334,757.0,86.32,930.545,930.545,13.68,1283.0833333333333,1264.5,415.29,2025,12400617.0,Alt-Heiligensee,,
,,497,421,284,3,16,60,241,0,48,0,796.4522821576763,775.0,219.88,786.0,786.0,117.38,920.25,977.0,208.03,793.0,793.0,,,,,924.6842105263158,940.0,439.29,2025,12400618.0,Heiligensee Nord,,
,,954,829,563,11,14,111,490,2,136,0,753.7938775510204,710.0,216.3,601.875,589.5,58.9,721.5555555555555,725.0,118.01,829.6666666666666,920.0,193.98,1006.03,1006.03,4.59,993.3703703703704,883.0,445.58,2025,12400619.0,Heiligensee,,
,,996,892,604,15,18,86,500,0,169,0,716.282,694.0,190.34,637.2222222222222,698.0,109.05,826.9166666666666,797.5,146.2,1055.0,1055.0,,,,,981.6666666666666,1010.5,446.66,2025,12400720.0,Frohnau West,,
,,910,811,522,9,16,83,434,1,241,0,651.5092165898618,615.0,197.23,603.2,587.0,70.23,729.5454545454545,769.0,235.73,907.0,907.0,,1048.863,1048.863,,967.9666666666668,1053.0,445.21,2025,12400721.0,Frohnau Ost,,
,,1233,883,581,10,18,135,517,2,363,1,575.7446808510638,519.0,207.37,483.8888888888889,434.0,172.51,540.8,500.0,119.1,815.0,815.0,83.44,873.84,873.84,240.47,903.0784313725492,786.0,362.99,2025,12400722.0,Hermsdorf West,,
,,901,774,482,10,30,97,435,7,300,4,597.616091954023,561.0,189.06,482.0,471.5,118.5,610.0,564.0,178.46,755.2857142857143,784.0,114.47,879.8627142857142,892.883,152.17,954.9787234042552,931.0,382.0,2025,12400723.0,Hermsdorf Ost/Waldsee,,
,,1261,1146,780,8,29,85,706,1,462,1,607.3512747875354,569.5,190.9,496.7142857142857,468.0,72.29,634.0,592.0,196.93,805.0,805.0,,805.077,805.077,,896.38,848.5,332.69,2025,12500824.0,Ziekowstraße/Freie Scholle,,
,,1016,908,590,10,64,42,530,23,357,17,605.7660377358491,559.0,195.68,475.0,494.0,52.35,619.4565217391304,589.5,133.33,739.0,678.5,252.16,802.7090000000001,776.9,118.85,871.9130434782609,852.0,284.74,2025,12500825.0,Borsigwalde,,
,,1371,1307,896,17,32,31,797,9,520,6,577.0489335006273,538.0,204.32,435.6666666666667,444.0,69.22,550.1428571428571,478.0,143.58,810.2857142857143,851.0,222.51,808.6722222222221,817.343,139.48,702.2857142857143,609.0,315.16,2025,12500926.0,Wittenau Süd,,
,,1348,981,655,5,27,47,568,15,348,10,610.0616197183099,584.0,191.92,539.5,539.5,17.68,681.0555555555555,637.5,149.81,716.3076923076923,687.0,190.6,873.5289333333333,861.293,136.45,856.448275862069,775.0,324.19,2025,12500927.0,Wittenau Nord,,
,,644,566,382,5,9,67,341,0,237,0,610.5513196480938,546.0,216.19,576.0,520.0,100.48,526.3333333333334,555.5,65.2,,,,,,,896.060606060606,794.0,419.49,2025,12500928.0,Waidmannslust,,
,,584,533,363,4,20,31,317,5,113,3,731.4258675078864,688.0,199.81,672.3333333333334,671.0,52.01,707.4705882352941,671.0,148.3,865.75,798.5,251.32,802.0082,790.244,113.33,774.0625,778.0,273.39,2025,12500929.0,Lübars,,
,,1601,1517,1027,16,35,48,941,12,573,11,609.2454835281616,571.0,221.05,495.1,525.0,152.01,545.4090909090909,512.0,126.29,725.7272727272727,699.0,150.25,766.4766666666666,764.6804999999999,114.04,790.9459459459459,680.0,364.77,2025,12500930.0,Wittenau Mitte,,
,,530,473,317,6,27,28,288,7,189,4,635.4722222222222,579.0,231.97,475.0,475.0,20.65,580.7222222222222,558.0,103.62,942.6,774.0,433.65,921.672,834.4,346.83,893.2777777777778,793.5,274.95,2025,12601031.0,Lübarser Straße,,
,,1000,919,609,9,32,48,548,13,301,11,650.7664233576643,614.5,173.35,544.7142857142857,518.0,105.79,678.6842105263158,653.0,161.14,619.375,614.0,79.69,805.5714615384616,770.933,152.57,839.2285714285714,718.0,320.08,2025,12601032.0,Rollbergesiedlung,,
,,1849,1755,1188,21,47,47,1059,21,379,17,731.0377714825307,711.0,205.09,528.5263157894736,515.0,102.01,687.0,634.0,128.98,964.1538461538462,948.0,229.36,812.2836190476191,806.31,123.67,894.7058823529412,829.5,285.08,2025,12601133.0,Treuenbrietzener Straße,,
,,2784,2620,1751,30,80,76,1553,22,536,14,737.8783000643915,709.0,223.97,581.7272727272727,595.5,114.82,671.8372093023256,664.0,127.54,882.8571428571429,841.0,200.67,851.744590909091,838.4035,132.65,830.9661016949152,828.0,230.87,2025,12601134.0,Märkisches Zentrum,,
,,1267,1206,839,8,26,35,735,4,328,4,690.708843537415,654.0,218.57,599.2,609.0,39.39,652.7272727272727,629.0,203.99,980.5,920.5,201.73,723.9155,694.863,95.18,748.56,769.0,190.03,2025,12601235.0,Dannenwalder Weg,,
,,428,406,277,1,5,17,234,0,144,0,605.8504273504274,569.0,199.95,605.0,605.0,,608.3333333333334,635.0,274.97,,,,,,,769.3571428571429,760.5,238.52,2025,12601236.0,Schorfheidestraße,,
,,27427,23186,14254,136,2002,1056,12632,1162,8788,1065,573.58,546.0,194.95,426.14,427.0,95.24,549.24,540.0,142.9,687.46,667.0,142.99,716.26,693.08,147.44,837.53,711.0,407.59,2025,,,110.0,Zentrum
,,15268,13865,8987,92,842,551,7901,394,5263,348,589.13,555.0,197.6,454.25,452.0,93.62,542.62,515.0,148.94,676.13,645.0,166.89,728.41,706.48,159.65,874.34,799.0,374.62,2025,,,120.0,Moabit
,,12090,10921,7158,88,455,490,6365,108,4169,99,596.2,561.0,201.34,440.0,441.0,93.19,548.3,521.0,175.9,744.51,700.0,214.35,714.91,696.95,130.75,912.55,759.0,429.86,2025,,,130.0,Gesundbrunnen
,,16589,14313,9472,131,556,546,8397,125,5925,114,574.25,537.0,193.37,427.76,414.0,94.58,565.87,531.0,161.94,733.18,720.0,151.49,732.21,719.73,156.69,856.7,746.0,392.39,2025,,,140.0,Wedding
,,7794,6942,4502,47,500,344,4003,186,3071,163,547.5,517.0,178.48,425.62,406.5,94.1,550.22,528.0,142.56,725.7,697.5,204.2,731.67,715.95,163.53,778.13,694.0,353.41,2025,,,210.0,Kreuzberg Nord
,,8755,7530,4851,50,406,355,4310,131,3129,118,563.67,535.0,184.18,410.14,416.5,80.8,571.5,544.0,149.33,735.42,690.0,205.0,747.72,729.7,122.49,749.98,667.0,320.02,2025,,,220.0,Kreuzberg Süd
,,7496,6928,4389,71,303,262,3846,86,3066,77,519.21,480.0,188.03,378.76,365.0,76.86,504.01,459.0,164.27,683.48,637.0,210.15,670.26,641.42,173.92,741.23,616.0,362.28,2025,,,230.0,Kreuzberg Ost
,,10182,8977,5687,57,491,297,5134,234,3876,203,545.92,517.0,190.43,401.46,396.5,92.65,554.25,502.0,197.14,680.58,649.0,197.12,712.68,673.91,176.34,838.77,683.5,427.1,2025,,,240.0,Friedrichshain West
,,10062,9155,5808,64,513,389,5152,151,3521,128,587.72,557.0,190.31,444.58,435.0,97.08,569.88,543.0,176.33,678.58,648.0,209.17,738.83,717.91,161.72,896.14,760.0,398.92,2025,,,250.0,Friedrichshain Ost
,,3048,2518,1650,23,139,118,1360,46,788,16,648.19,598.5,213.99,555.93,518.5,172.12,750.97,732.0,128.81,897.67,852.0,203.18,991.96,934.13,191.45,936.39,912.0,262.42,2025,,,310.0,Buch
,,5044,4768,3214,38,120,151,2809,22,1224,16,698.81,662.0,204.68,518.65,526.0,136.37,587.51,568.0,195.94,905.81,814.0,310.68,823.77,810.72,181.55,897.07,813.5,366.35,2025,,,320.0,Nördliches Pankow
,,4273,4026,2713,49,105,138,2362,26,1364,20,638.23,604.0,191.28,520.73,508.0,100.57,646.27,639.5,114.62,764.52,726.0,172.9,796.27,786.41,121.28,889.67,776.0,332.0,2025,,,330.0,Nördliches Weißensee
,,10945,9970,6633,113,321,356,5853,92,3092,73,650.14,622.0,203.02,492.56,484.5,115.81,659.92,620.0,259.27,832.77,759.0,253.14,812.7,741.32,254.54,871.72,767.0,410.09,2025,,,340.0,Südliches Pankow
,,7094,6330,4109,70,223,214,3717,68,2364,52,605.28,573.0,190.06,480.67,469.0,121.33,598.68,548.0,178.5,675.19,639.0,173.51,813.88,789.26,165.81,766.32,650.0,344.33,2025,,,350.0,Südliches Weißensee
,,11776,10757,6926,89,532,484,6185,113,3739,100,611.43,591.0,183.46,467.21,470.0,112.24,606.37,589.0,141.44,714.44,674.0,174.53,821.63,741.73,687.58,894.71,773.0,389.86,2025,,,360.0,Nördlicher Prenzlauer Berg
,,5001,4552,2892,27,220,225,2579,61,1664,56,595.8,577.0,176.19,464.61,458.0,119.17,538.88,525.5,107.23,683.49,638.0,230.7,703.73,688.55,132.42,828.22,713.0,397.29,2025,,,370.0,Südlicher Prenzlauer Berg
,,3422,3136,2149,39,132,149,1901,21,859,20,676.99,651.0,189.4,501.85,524.0,106.98,657.29,654.0,151.85,765.17,729.5,165.27,774.52,740.54,114.07,873.04,786.0,351.68,2025,,,410.0,Charlottenburg Nord
,,7575,6473,4267,59,268,357,3733,105,1936,86,655.43,623.0,214.87,516.56,522.0,117.7,639.75,617.0,170.34,777.15,773.5,228.25,814.99,797.33,152.87,912.8,823.0,401.13,2025,,,420.0,Charlottenburg West
,,16251,14659,9542,130,685,662,8428,245,5872,223,573.65,540.0,197.42,408.72,403.0,99.34,556.3,528.0,146.87,675.52,639.5,189.9,698.7,668.48,162.67,796.77,716.0,346.13,2025,,,430.0,Charlottenburg Zentrum
,,7270,6424,4275,68,195,327,3803,53,2024,46,645.91,621.0,183.98,493.48,499.0,99.61,656.94,645.5,123.88,806.96,776.0,177.9,773.07,754.29,137.07,959.34,909.5,353.56,2025,,,440.0,Wilmersdorf Süd
,,18970,17052,11033,136,880,764,9903,383,7340,355,560.04,529.0,180.82,406.33,408.0,80.7,511.41,480.0,147.8,642.31,630.0,164.55,685.96,660.54,148.31,746.26,645.0,338.14,2025,,,450.0,Wilmersdorf Zentrum
,,18025,16024,10675,159,582,716,9209,172,5946,129,603.24,574.0,197.64,492.08,467.0,156.48,653.73,622.0,196.1,738.95,700.0,234.43,810.63,762.58,187.85,954.63,825.0,414.36,2025,,,510.0,Spandau Mitte / Nord
,,14003,13001,8681,121,440,550,7541,137,4630,88,613.23,581.0,204.44,503.55,494.0,119.61,639.96,602.5,226.04,751.94,721.0,231.62,864.56,836.02,182.98,891.1,767.0,428.29,2025,,,520.0,Wilhelmstadt / Staaken
,,4589,4152,2692,29,232,201,2388,87,1331,62,634.05,607.0,205.73,499.43,471.0,109.08,732.64,706.0,172.08,818.16,803.0,159.55,842.47,817.66,151.97,1027.95,970.0,338.72,2025,,,530.0,Haselhorst / Siemensstadt
,,2219,1843,1236,29,37,128,933,9,553,3,653.76,584.0,258.9,447.56,437.0,102.42,849.62,794.0,292.46,906.4,912.0,22.21,1092.05,980.56,396.37,867.61,907.0,321.38,2025,,,540.0,Gatow / Kladow
,,9234,8577,5650,81,313,341,4914,43,3164,37,596.09,570.5,187.48,432.13,417.5,89.57,563.42,516.0,196.85,723.59,721.0,159.85,799.04,748.24,184.3,912.82,866.0,396.34,2025,,,610.0,Steglitz
,,10989,9914,6686,119,291,344,5881,46,3160,41,646.17,616.0,196.21,522.32,518.0,114.48,663.76,633.0,202.9,813.4,778.0,149.6,820.74,802.2,138.7,923.01,782.0,434.55,2025,,,620.0,Lankwitz/Lichterfelde Ost
,,10152,8906,5861,85,297,323,5219,98,2710,69,660.93,625.0,203.18,513.13,503.0,107.97,625.1,609.5,160.66,753.78,717.0,171.86,839.93,806.65,177.74,914.63,750.0,434.21,2025,,,630.0,Zehlendorf Süd/Lichterfelde West
,,8789,7827,5115,82,278,407,4401,63,2246,38,670.75,629.0,216.52,535.77,532.0,138.56,673.94,653.0,194.86,844.47,808.5,255.85,893.08,848.84,212.56,972.11,832.0,418.58,2025,,,640.0,Zehlendorf Nord/Wannsee
,,7217,6550,4200,70,304,354,3756,106,2629,101,580.89,557.5,172.74,456.37,448.0,83.18,563.15,549.0,120.86,634.34,626.0,147.56,697.35,666.83,113.21,782.44,712.0,295.05,2025,,,710.0,Schöneberg Nord
,,6748,6135,3917,59,308,297,3545,93,2665,86,552.33,522.0,186.74,393.36,393.0,79.09,537.92,523.0,121.15,683.73,650.0,219.75,792.29,692.32,885.48,822.64,760.0,332.15,2025,,,720.0,Schöneberg Süd
,,5221,4229,2726,32,196,192,2427,65,1630,59,591.29,564.0,186.03,462.38,435.5,126.25,601.5,572.0,148.28,701.62,664.0,190.13,742.42,722.94,144.74,893.69,815.5,352.34,2025,,,730.0,Friedenau
,,10309,8955,5772,93,406,364,5179,105,3524,91,580.51,551.0,193.79,443.89,432.0,139.24,589.36,557.0,167.91,685.95,657.0,154.84,751.5,719.69,146.66,931.84,800.0,420.74,2025,,,740.0,Tempelhof
,,7593,7209,4872,81,183,199,4388,40,2958,35,592.73,561.0,194.41,471.96,483.0,92.15,639.26,593.5,172.04,735.85,728.0,113.84,789.36,798.6,114.22,915.42,738.0,431.84,2025,,,750.0,Mariendorf
,,10921,10292,7017,114,292,330,5998,68,2999,30,675.55,634.0,219.06,523.02,512.5,136.23,747.77,740.0,214.01,914.34,913.5,216.05,964.04,914.84,225.22,1042.54,935.0,398.35,2025,,,760.0,Marienfelde / Lichtenrade
,,23733,21678,14117,169,1046,989,12537,240,8378,218,589.85,561.0,192.11,454.3,449.0,111.11,568.01,545.0,151.24,630.79,601.0,178.15,729.84,708.08,131.41,878.46,788.0,369.91,2025,,,810.0,Neukölln
,,10480,9817,6639,114,297,361,5915,82,3107,64,651.55,624.0,194.0,530.53,524.0,133.32,644.83,607.5,202.63,725.36,693.0,186.19,808.16,762.58,188.55,974.68,835.0,399.02,2025,,,820.0,Britz/Buckow
,,6524,6143,4117,58,203,174,3635,41,2264,34,623.49,572.0,207.42,461.93,477.5,85.54,674.31,611.0,267.3,891.05,810.0,264.96,808.64,788.61,98.89,878.43,767.0,353.62,2025,,,830.0,Gropiusstadt
,,7788,6705,4505,85,174,212,3883,40,2181,33,635.06,606.0,206.53,490.41,491.0,118.77,637.76,629.0,220.28,767.53,733.0,202.4,800.58,744.89,184.37,832.66,744.0,365.01,2025,,,840.0,Buckow Nord/Rudow
,,9239,8646,5642,86,310,278,5056,67,2693,58,648.31,623.0,191.12,511.83,516.0,89.97,637.37,612.0,167.73,687.28,675.5,148.45,775.16,738.36,163.01,846.66,759.0,360.57,2025,,,910.0,Treptow-Köpenick 1
,,10468,9722,6243,90,397,345,5535,92,2852,71,654.16,629.0,188.69,535.97,529.0,125.28,632.17,605.5,167.06,684.31,647.0,185.86,799.65,768.73,171.23,835.05,752.0,344.84,2025,,,920.0,Treptow-Köpenick 2
,,7235,6448,4204,50,231,231,3524,79,1267,34,735.05,713.5,226.63,631.5,655.0,170.44,740.21,732.0,154.2,929.39,932.0,131.14,950.06,927.28,157.16,1002.43,901.5,398.73,2025,,,930.0,Treptow-Köpenick 3
,,5581,4977,3333,51,131,168,2857,32,1498,19,661.15,620.0,227.03,558.57,543.0,178.65,690.9,645.0,199.76,823.69,749.0,212.01,963.14,859.68,283.61,919.58,819.0,369.89,2025,,,940.0,Treptow-Köpenick 4
,,7585,7159,4697,68,169,250,3970,27,2233,7,643.85,608.0,203.1,534.45,517.0,151.79,681.68,662.0,151.8,859.72,837.5,288.75,1070.13,1042.68,218.03,928.75,801.0,378.3,2025,,,950.0,Treptow-Köpenick 5
,,17435,16205,10850,161,617,601,9949,156,5347,127,647.51,620.0,196.95,515.31,507.0,123.62,679.03,653.0,196.59,712.45,664.0,217.01,763.66,723.36,253.83,853.38,774.0,354.08,2025,,,1010.0,Marzahn
,,12231,11401,7643,102,482,343,6854,71,3263,34,680.7,644.0,216.81,513.25,512.0,104.93,629.07,606.0,178.14,890.42,866.0,219.52,929.55,920.24,210.61,779.54,730.0,250.66,2025,,,1020.0,Hellersdorf
,,4371,3689,2480,42,121,157,2233,35,1195,27,640.92,620.0,204.88,541.86,539.0,107.05,653.16,629.0,179.39,737.62,724.0,126.04,756.48,724.2,150.79,896.1,785.0,381.84,2025,,,1030.0,Biesdorf
,,5315,4740,3257,69,101,210,2853,15,898,7,747.6,727.0,213.3,623.56,612.0,142.91,692.69,649.0,235.12,938.92,885.0,250.54,966.05,906.25,222.64,919.62,843.5,315.28,2025,,,1040.0,Kaulsdorf/Mahlsdorf
,,8958,8428,5566,68,292,227,5059,67,2102,31,691.96,669.0,195.29,544.26,527.0,100.3,732.36,723.0,191.76,871.99,853.0,195.84,952.52,918.77,180.16,976.62,926.0,320.83,2025,,,1110.0,Hohenschönhausen Nord
,,7121,6493,4268,60,395,229,3901,177,2313,142,629.1,601.0,187.62,486.24,481.0,121.05,685.58,668.5,145.83,772.54,742.0,166.71,809.47,760.48,177.7,905.35,817.0,324.61,2025,,,1120.0,Hohenschönhausen Süd
,,13022,11294,7331,115,642,366,6649,228,4431,190,589.14,560.0,187.4,491.47,470.0,142.89,639.85,616.0,171.08,753.82,724.0,181.41,800.04,772.63,155.34,890.39,772.0,402.05,2025,,,1130.0,Lichtenberg Nord
,,10487,9766,6357,98,350,364,5679,106,2455,76,678.24,660.0,201.46,571.34,568.0,118.39,725.51,708.0,149.9,826.92,779.5,224.72,836.19,798.44,144.26,1000.18,910.0,410.59,2025,,,1140.0,Lichtenberg Mitte
,,3750,3489,2253,24,117,141,1968,28,812,12,703.83,686.0,221.19,542.19,509.5,144.56,775.97,785.0,161.02,909.68,891.0,162.01,909.33,902.88,85.67,1058.29,970.5,353.52,2025,,,1150.0,Lichtenberg Süd
,,8662,8052,5435,85,335,268,4827,93,2825,87,628.68,597.0,194.64,493.84,492.5,104.87,629.48,605.0,169.56,733.11,712.5,176.25,783.0,731.13,404.93,830.46,763.0,302.41,2025,,,1210.0,Reinickendorf Ost
,,10170,9485,6257,84,330,347,5579,128,3259,104,621.98,593.0,212.94,464.48,456.0,131.36,619.78,612.0,162.07,763.82,742.0,213.63,800.74,778.26,127.98,883.39,854.0,355.78,2025,,,1220.0,Tegel
,,6903,5782,3800,75,142,781,3232,15,1548,5,676.03,645.0,226.55,539.29,549.0,142.72,703.49,711.5,199.13,799.5,788.5,128.1,939.08,940.22,158.7,970.22,939.0,416.07,2025,,,1240.0,Grüner Norden
,,7825,6958,4693,65,216,351,4200,65,2610,48,611.82,575.0,207.07,496.55,496.0,109.44,613.37,589.5,150.63,749.18,692.5,215.94,813.17,790.24,125.35,836.08,779.0,343.4,2025,,,1250.0,Wittenau/Borsigwalde
,,7858,7379,4981,75,217,251,4417,67,1877,50,703.91,673.0,216.23,553.03,543.0,102.81,658.97,634.0,144.16,875.76,832.0,246.99,830.09,806.31,166.62,834.51,788.0,261.47,2025,,,1260.0,Märkisches Viertel
